first,last,party,donations2012,donations2014,donations2016,donations2018
Jim,Himes,D,15000.0,10400.0,5400.0,5400.0
Bob,Dold,R,15000.0,11800.0,13750.0,0.0
Christopher,Murphy,D,13500.0,0.0,0.0,0.0
Tom,Cotton,R,5000.0,35050.0,0.0,0.0
Judy,Biggert,R,5000.0,0.0,0.0,0.0
Eric,Cantor,R,5000.0,2600.0,0.0,0.0
Paul,Ryan,R,5000.0,0.0,27200.0,5400.0
Sean,Duffy,R,4700.0,1500.0,5400.0,5400.0
Rick,Berg,R,3500.0,0.0,0.0,0.0
Denny,Rehberg,R,3500.0,0.0,0.0,0.0
Adam,Kinzinger,R,3000.0,4600.0,7400.0,1000.0
Ro,Khanna,D,2500.0,500.0,0.0,3700.0
Elizabeth,Esty,D,2500.0,5200.0,5400.0,0.0
Robert,Hurt,R,2500.0,0.0,0.0,0.0
Matt,Doheny,R,2000.0,0.0,0.0,0.0
Steny,Hoyer,D,2000.0,0.0,0.0,0.0
Taj,Clayton,D,1750.0,0.0,0.0,0.0
Tammy,Baldwin,D,1000.0,0.0,0.0,0.0
Brad,Schneider,D,1000.0,250.0,0.0,0.0
Spencer,Bachus,R,1000.0,0.0,0.0,0.0
Andre,Carson,D,1000.0,0.0,0.0,0.0
Mike,Quigley,D,1000.0,1000.0,0.0,0.0
Nan,Hayworth,R,1000.0,1000.0,0.0,0.0
Ilario,Pantano,R,500.0,0.0,0.0,0.0
Keith,Ellison,D,500.0,0.0,0.0,0.0
Carolyn,Maloney,D,500.0,0.0,0.0,1100.0
Nathan,Shinagawa,D,250.0,0.0,0.0,0.0
Steven,Daines,R,0.0,10100.0,0.0,0.0
Bill,Cassidy,R,0.0,7800.0,0.0,0.0
Jim,Gerlach,R,0.0,6000.0,0.0,0.0
Elise,Stefanik,R,0.0,5700.0,5650.0,2700.0
Martha,McSally,R,0.0,5200.0,5400.0,2700.0
Cory,Gardner,R,0.0,5200.0,0.0,0.0
Steve,Stivers,R,0.0,4600.0,0.0,0.0
Darlene,Senger,R,0.0,2600.0,0.0,0.0
Matt,McCall,R,0.0,2600.0,2600.0,0.0
John,Shimkus,R,0.0,2600.0,2700.0,0.0
Rodney,Davis,R,0.0,2600.0,2700.0,5400.0
Bruce,Westerman,R,0.0,2600.0,0.0,0.0
John,Boehner,R,0.0,2600.0,2500.0,0.0
Randy,Hultgren,R,0.0,2600.0,10800.0,5400.0
Mike,Bost,R,0.0,2600.0,5400.0,8100.0
Barbara,Comstock,R,0.0,2600.0,5400.0,2700.0
Peter,Roskam,R,0.0,2600.0,17000.0,25300.0
Aaron,Schock,R,0.0,2600.0,0.0,0.0
Shelley,Capito,R,0.0,1500.0,0.0,0.0
Clay,Aiken,D,0.0,500.0,0.0,0.0
Patrick,McHenry,R,0.0,0.0,8100.0,5400.0
Ryan,Costello,R,0.0,0.0,7400.0,0.0
Steve,Scalise,R,0.0,0.0,6400.0,5400.0
Kevin,McCarthy,R,0.0,0.0,5400.0,5400.0
Frank,Guinta,R,0.0,0.0,5400.0,0.0
Kevin,Yoder,R,0.0,0.0,5400.0,5400.0
Jaime,Beutler,R,0.0,0.0,5400.0,0.0
Liz,Cheney,R,0.0,0.0,5400.0,0.0
Fred,Upton,R,0.0,0.0,5400.0,0.0
Carlos,Curbelo,R,0.0,0.0,5400.0,2700.0
Joe,Heck,R,0.0,0.0,5400.0,0.0
Mike,Gallagher,R,0.0,0.0,5400.0,5400.0
Scott,Garrett,R,0.0,0.0,5400.0,0.0
Ileana,Ros-Lehtinen,R,0.0,0.0,5400.0,0.0
Tim,Walberg,R,0.0,0.0,5400.0,0.0
Dave,Reichert,R,0.0,0.0,5400.0,0.0
Scott,Tipton,R,0.0,0.0,5400.0,0.0
Lee,Zeldin,R,0.0,0.0,5400.0,0.0
Dave,Trott,R,0.0,0.0,5400.0,0.0
Mike,Bishop,R,0.0,0.0,5400.0,0.0
Dan,Donovan,R,0.0,0.0,5400.0,0.0
Erik,Paulsen,R,0.0,0.0,5400.0,0.0
Ron,DeSantis,R,0.0,0.0,5400.0,0.0
Darin,LaHood,R,0.0,0.0,5400.0,0.0
John,Faso,R,0.0,0.0,5400.0,2700.0
Tom,Reed,R,0.0,0.0,5400.0,0.0
Mike,Coffman,R,0.0,0.0,5400.0,2700.0
Brady,Walkinshaw,D,0.0,0.0,5400.0,0.0
Todd,Young,R,0.0,0.0,5400.0,0.0
David,Jolly,R,0.0,0.0,5400.0,0.0
Bruce,Poliquin,R,0.0,0.0,2700.0,0.0
Michael,Turner,R,0.0,0.0,2700.0,0.0
Charlie,Dent,R,0.0,0.0,2700.0,0.0
David,Valadao,R,0.0,0.0,2700.0,0.0
John,Moolenaar,R,0.0,0.0,2700.0,0.0
Alex,Mooney,R,0.0,0.0,2700.0,0.0
David,Joyce,R,0.0,0.0,2700.0,0.0
John,Katko,R,0.0,0.0,2700.0,2700.0
Kirk,Bangstad,D,0.0,0.0,2700.0,0.0
John,Mica,R,0.0,0.0,2700.0,0.0
Patrick,Meehan,R,0.0,0.0,2700.0,0.0
Mia,Love,R,0.0,0.0,2700.0,0.0
Thomas,MacArthur,R,0.0,0.0,2700.0,5400.0
Glenn,Grothman,R,0.0,0.0,2700.0,0.0
Will,Hurd,R,0.0,0.0,2700.0,2700.0
Stewart,Mills,R,0.0,0.0,2700.0,0.0
Cresent,Hardy,R,0.0,0.0,2700.0,0.0
Donald,Bacon,R,0.0,0.0,2700.0,2700.0
Darlene,Miller,R,0.0,0.0,2700.0,0.0
Jackie,Walorski,R,0.0,0.0,2700.0,0.0
David,Young,R,0.0,0.0,2700.0,0.0
Tonia,Khouri,R,0.0,0.0,2700.0,0.0
Scott,Jones,R,0.0,0.0,2700.0,0.0
Jeff,Denham,R,0.0,0.0,2700.0,0.0
Tom,Garrett,R,0.0,0.0,2700.0,0.0
Rod,Blum,R,0.0,0.0,2700.0,0.0
Steve,Knight,R,0.0,0.0,2700.0,0.0
Brian,Fitzpatrick,R,0.0,0.0,2450.0,0.0
Raja,Krishnamoorthi,D,0.0,0.0,1250.0,5400.0
Josh,Gottheimer,D,0.0,0.0,1000.0,0.0
Janet,Garrett,D,0.0,0.0,1000.0,0.0
Tim,Canova,D,0.0,0.0,1000.0,0.0
Brian,Mast,R,0.0,0.0,500.0,2700.0
Tammy,Duckworth,D,0.0,0.0,405.0,0.0
Lon,Johnson,D,0.0,0.0,250.0,0.0
Denise,Juneau,D,0.0,0.0,15.0,0.0
Douglas,Applegate,D,0.0,0.0,10.0,0.0
Jay,Sidie,D,0.0,0.0,5.0,0.0
Christina,Hartman,D,0.0,0.0,3.0,0.0
Antonio,Delgado,D,0.0,0.0,0.0,8100.0
Ashley,Lunkenheimer,D,0.0,0.0,0.0,5900.0
Elissa,Slotkin,D,0.0,0.0,0.0,5474.0
Elaine,Luria,D,0.0,0.0,0.0,5455.0
Debbie,Mucarsel-Powell,D,0.0,0.0,0.0,5450.0
Kyrsten,Sinema,D,0.0,0.0,0.0,5400.0
Karen,Handel,R,0.0,0.0,0.0,5400.0
Angie,Craig,D,0.0,0.0,0.0,5400.0
Susie,Lee,D,0.0,0.0,0.0,5400.0
Adam,Schiff,D,0.0,0.0,0.0,5400.0
Scott,Taylor,R,0.0,0.0,0.0,5400.0
Ann,Kirkpatrick,D,0.0,0.0,0.0,5400.0
Andy,Barr,R,0.0,0.0,0.0,5400.0
Greg,Gianforte,R,0.0,0.0,0.0,5400.0
Michael,Waltz,R,0.0,0.0,0.0,5400.0
Jason,Crow,D,0.0,0.0,0.0,5399.0
Chrissy,Houlahan,D,0.0,0.0,0.0,5398.0
Max,Rose,D,0.0,0.0,0.0,5063.0
Beto,O'Rourke,D,0.0,0.0,0.0,4725.0
Haley,Stevens,D,0.0,0.0,0.0,4365.0
Dan,McCready,D,0.0,0.0,0.0,4163.0
Daniel,Feehan,D,0.0,0.0,0.0,4068.0
Amy,McGrath,D,0.0,0.0,0.0,4068.0
Mikie,Sherrill,D,0.0,0.0,0.0,4063.0
Bryan,Steil,R,0.0,0.0,0.0,3700.0
Tom,Malinowski,D,0.0,0.0,0.0,2775.0
Cindy,Axne,D,0.0,0.0,0.0,2758.0
Kim,Schrier,D,0.0,0.0,0.0,2750.0
Maura,Sullivan,D,0.0,0.0,0.0,2750.0
Sharice,Davids,D,0.0,0.0,0.0,2750.0
Katie,Porter,D,0.0,0.0,0.0,2725.0
Lizzie,Fletcher,D,0.0,0.0,0.0,2705.0
Abigail,Spanberger,D,0.0,0.0,0.0,2705.0
Josh,Harder,D,0.0,0.0,0.0,2705.0
Mimi,Walters,R,0.0,0.0,0.0,2700.0
Mike,Levin,D,0.0,0.0,0.0,2700.0
Kara,Eastman,D,0.0,0.0,0.0,2700.0
Dean,Phillips,D,0.0,0.0,0.0,2700.0
Mark,Green,R,0.0,0.0,0.0,2700.0
Marsha,Blackburn,R,0.0,0.0,0.0,2700.0
Colin,Allred,D,0.0,0.0,0.0,2700.0
Lena,Epstein,R,0.0,0.0,0.0,2700.0
Susan,Wild,D,0.0,0.0,0.0,2700.0
Young,Kim,R,0.0,0.0,0.0,2700.0
Andy,Kim,D,0.0,0.0,0.0,2700.0
Lea,Peterson,R,0.0,0.0,0.0,2700.0
Dan,Crenshaw,R,0.0,0.0,0.0,2700.0
Katie,Hill,D,0.0,0.0,0.0,2700.0
Anthony,Gonzalez,R,0.0,0.0,0.0,2700.0
Jahana,Hayes,D,0.0,0.0,0.0,2700.0
Betsy,Londrigan,D,0.0,0.0,0.0,2700.0
Kevin,Cramer,R,0.0,0.0,0.0,2700.0
Joe,Radinovich,D,0.0,0.0,0.0,2700.0
Jim,Renacci,R,0.0,0.0,0.0,2700.0
Linda,Coleman,D,0.0,0.0,0.0,2360.0
Randy,Bryce,D,0.0,0.0,0.0,2005.0
Van,Taylor,R,0.0,0.0,0.0,2000.0
Kathy,Manning,D,0.0,0.0,0.0,1855.0
Carolyn,Long,D,0.0,0.0,0.0,1810.0
Xochitl,Small,D,0.0,0.0,0.0,1809.0
Donna,Shalala,D,0.0,0.0,0.0,1804.0
Brian,Forde,D,0.0,0.0,0.0,1500.0
Gina,Jones,D,0.0,0.0,0.0,1363.0
Pat,Ryan,D,0.0,0.0,0.0,1363.0
Roger,Huffstetler,D,0.0,0.0,0.0,1363.0
John,Ward,R,0.0,0.0,0.0,1250.0
Sean,Casten,D,0.0,0.0,0.0,1000.0
Grant,Kier,D,0.0,0.0,0.0,1000.0
Duncan,Hunter,R,0.0,0.0,0.0,1000.0
Jennifer,Wexton,D,0.0,0.0,0.0,1000.0
Rachel,Reddick,D,0.0,0.0,0.0,1000.0
Edward,Meier,D,0.0,0.0,0.0,1000.0
JD,Scholten,D,0.0,0.0,0.0,630.0
Alejandra,Campoverdi,D,0.0,0.0,0.0,500.0
Suraj,Patel,D,0.0,0.0,0.0,400.0
Alyse,Galvin,D,0.0,0.0,0.0,132.0
John,Lewis,D,0.0,0.0,0.0,125.0
Jacky,Rosen,D,0.0,0.0,0.0,125.0
Jared,Golden,D,0.0,0.0,0.0,82.0
Jess,King,D,0.0,0.0,0.0,77.0
Shireen,Ghorbani,D,0.0,0.0,0.0,77.0
Susan,Palmer,D,0.0,0.0,0.0,77.0
Diane,Bush,D,0.0,0.0,0.0,77.0
Dana,Balter,D,0.0,0.0,0.0,77.0
Kyle,Horton,D,0.0,0.0,0.0,77.0
Karen,McCormick,D,0.0,0.0,0.0,77.0
Jessica,Morse,D,0.0,0.0,0.0,77.0
Tracy,Mitrano,D,0.0,0.0,0.0,77.0
Theresa,Gasper,D,0.0,0.0,0.0,77.0
Richard,Ojeda,D,0.0,0.0,0.0,55.0
Aftab,Pureval,D,0.0,0.0,0.0,55.0
Abby,Finkenauer,D,0.0,0.0,0.0,53.0
Kristen,Carlson,D,0.0,0.0,0.0,50.0
Debra,Haaland,D,0.0,0.0,0.0,50.0
Catherine,Albro,D,0.0,0.0,0.0,50.0
Scott,Wallace,D,0.0,0.0,0.0,50.0
George,Scott,D,0.0,0.0,0.0,50.0
Sri,Kulkarni,D,0.0,0.0,0.0,27.0
Dan,Kohl,D,0.0,0.0,0.0,25.0
Harley,Rouda,D,0.0,0.0,0.0,25.0
TJ,Cox,D,0.0,0.0,0.0,5.0
Leslie,Cockburn,D,0.0,0.0,0.0,5.0
Anthony,Brindisi,D,0.0,0.0,0.0,5.0
Clarke,Tucker,D,0.0,0.0,0.0,5.0
Paul,Davis,D,0.0,0.0,0.0,5.0
Kathleen,Williams,D,0.0,0.0,0.0,5.0
