person,VoteAlongRatio_Film,VoteAlongRatio_FS_IIR,VoteAlongRatio_FS_FSS,VoteAlongRatio_FS_CM,VoteAlongRatio_FS_REB,sex_female,sex_male,Year_2012,Year_2014,Year_2016,Year_2018,ethnicity_asian,ethnicity_black,ethnicity_hispanic,ethnicity_islander,ethnicity_native,ethnicity_white,party_short_D,party_short_R,MODELING_GROUP,Disney_Donations_Diff,Bloomberg_Donations_Diff,Citadel_Donations_Diff
4,0.0,0.3333333333333333,0.3333333333333333,0.5714285714285714,0.6666666666666666,0,1,1,0,0,0,0,0,0,0,0,1,1,0,TESTING,0.0,0.0,0.0
4,0.0,0.8,0.3333333333333333,0.4,0.5,0,1,0,1,0,0,0,0,0,0,0,1,1,0,TESTING,0.0,0.0,0.0
4,0.0,0.42857142857142855,0.2222222222222222,0.0,0.0,0,1,0,0,1,0,0,0,0,0,0,1,1,0,TESTING,1000.0,0.0,0.0
4,0.0,1.0,1.0,1.0,1.0,0,1,0,0,0,1,0,0,0,0,0,1,1,0,TESTING,,,
10,0.0,0.5,0.6666666666666666,0.5714285714285714,0.6666666666666666,0,1,1,0,0,0,0,1,0,0,0,0,1,0,TRAINING,2000.0,0.0,0.0
10,0.0,0.8,0.3333333333333333,0.4,0.5,0,1,0,1,0,0,0,1,0,0,0,0,1,0,TRAINING,0.0,0.0,0.0
10,0.0,0.2857142857142857,0.4444444444444444,0.25,0.3333333333333333,0,1,0,0,1,0,0,1,0,0,0,0,1,0,TRAINING,-1000.0,0.0,0.0
10,0.0,1.0,1.0,1.0,0.6666666666666666,0,1,0,0,0,1,0,1,0,0,0,0,1,0,TRAINING,,,
12,0.0,0.5,0.6666666666666666,0.7142857142857143,0.6666666666666666,0,1,1,0,0,0,0,0,0,0,0,1,1,0,TRAINING,0.0,0.0,0.0
12,0.0,0.8,0.3333333333333333,0.4,1.0,0,1,0,1,0,0,0,0,0,0,0,1,1,0,TRAINING,0.0,0.0,0.0
12,0.0,0.42857142857142855,0.5555555555555556,0.0,0.3333333333333333,0,1,0,0,1,0,0,0,0,0,0,1,1,0,TRAINING,0.0,0.0,0.0
12,0.0,1.0,0.6666666666666666,1.0,1.0,0,1,0,0,0,1,0,0,0,0,0,1,1,0,TRAINING,,,
14,0.0,0.0,1.0,1.0,1.0,0,1,0,0,0,1,0,1,0,0,0,0,1,0,TRAINING,,,
14,0.0,0.14285714285714285,0.3333333333333333,0.25,0.3333333333333333,0,1,0,0,1,0,0,1,0,0,0,0,1,0,TRAINING,3700.0,0.0,0.0
14,0.0,0.3333333333333333,0.3333333333333333,0.5714285714285714,0.6666666666666666,0,1,1,0,0,0,0,1,0,0,0,0,1,0,TRAINING,0.0,0.0,0.0
14,0.0,0.8,0.3333333333333333,0.4,0.25,0,1,0,1,0,0,0,1,0,0,0,0,1,0,TRAINING,0.0,0.0,0.0
15,0.0,0.16666666666666666,0.3333333333333333,0.5714285714285714,0.6666666666666666,0,1,1,0,0,0,0,1,0,0,0,0,1,0,TESTING,0.0,0.0,0.0
15,0.0,0.8,0.3333333333333333,0.4,0.25,0,1,0,1,0,0,0,1,0,0,0,0,1,0,TESTING,0.0,0.0,0.0
15,0.0,0.2857142857142857,0.4444444444444444,0.0,0.0,0,1,0,0,1,0,0,1,0,0,0,0,1,0,TESTING,0.0,0.0,0.0
15,0.0,1.0,1.0,1.0,1.0,0,1,0,0,0,1,0,1,0,0,0,0,1,0,TESTING,,,
16,0.0,1.0,1.0,1.0,1.0,1,0,0,0,0,1,0,0,0,0,0,1,1,0,TESTING,,,
16,0.0,0.3333333333333333,0.6666666666666666,0.7142857142857143,0.6666666666666666,1,0,1,0,0,0,0,0,0,0,0,1,1,0,TESTING,0.0,0.0,0.0
16,0.0,0.8,0.3333333333333333,0.4,0.25,1,0,0,1,0,0,0,0,0,0,0,1,1,0,TESTING,0.0,0.0,0.0
16,0.0,0.2857142857142857,0.4444444444444444,0.0,0.0,1,0,0,0,1,0,0,0,0,0,0,1,1,0,TESTING,0.0,0.0,0.0
17,0.0,1.0,1.0,1.0,1.0,0,1,0,0,0,1,0,0,0,0,0,1,1,0,TRAINING,,,
17,0.0,0.2857142857142857,0.4444444444444444,0.25,0.3333333333333333,0,1,0,0,1,0,0,0,0,0,0,1,1,0,TRAINING,0.0,0.0,0.0
17,0.0,0.3333333333333333,0.3333333333333333,0.5714285714285714,0.6666666666666666,0,1,1,0,0,0,0,0,0,0,0,1,1,0,TRAINING,0.0,0.0,0.0
17,0.0,0.8,0.3333333333333333,0.4,0.75,0,1,0,1,0,0,0,0,0,0,0,1,1,0,TRAINING,0.0,0.0,0.0
18,0.0,0.5,0.3333333333333333,0.7142857142857143,0.6666666666666666,1,0,1,0,0,0,0,0,0,0,0,1,1,0,TRAINING,1000.0,0.0,0.0
18,0.0,0.8,0.3333333333333333,0.4,0.25,1,0,0,1,0,0,0,0,0,0,0,1,1,0,TRAINING,-1000.0,0.0,0.0
18,0.0,0.14285714285714285,0.2222222222222222,0.0,0.0,1,0,0,0,1,0,0,0,0,0,0,1,1,0,TRAINING,0.0,0.0,0.0
18,0.0,1.0,1.0,1.0,1.0,1,0,0,0,0,1,0,0,0,0,0,1,1,0,TRAINING,,,
19,0.0,0.3333333333333333,0.3333333333333333,0.5714285714285714,0.3333333333333333,1,0,1,0,0,0,0,0,0,0,0,1,1,0,TESTING,0.0,0.0,0.0
19,0.0,0.8,0.3333333333333333,0.4,0.25,1,0,0,1,0,0,0,0,0,0,0,1,1,0,TESTING,0.0,0.0,0.0
19,0.0,0.14285714285714285,0.3333333333333333,0.0,0.0,1,0,0,0,1,0,0,0,0,0,0,1,1,0,TESTING,80.0,0.0,0.0
19,0.0,1.0,0.6666666666666666,1.0,0.6666666666666666,1,0,0,0,0,1,0,0,0,0,0,1,1,0,TESTING,,,
21,0.0,1.0,1.0,1.0,1.0,0,1,0,0,0,1,0,0,0,0,0,1,1,0,TESTING,,,
21,0.0,0.42857142857142855,0.3333333333333333,0.0,0.0,0,1,0,0,1,0,0,0,0,0,0,1,1,0,TESTING,0.0,0.0,0.0
21,0.0,0.6,0.0,0.2,0.0,0,1,0,1,0,0,0,0,0,0,0,1,1,0,TESTING,0.0,0.0,0.0
21,0.0,0.3333333333333333,0.3333333333333333,0.5714285714285714,0.6666666666666666,0,1,1,0,0,0,0,0,0,0,0,1,1,0,TESTING,-250.0,0.0,0.0
22,0.0,0.5,0.3333333333333333,0.5714285714285714,1.0,0,1,1,0,0,0,0,0,0,0,0,1,1,0,TRAINING,0.0,0.0,0.0
22,0.0,0.8,0.3333333333333333,0.4,0.5,0,1,0,1,0,0,0,0,0,0,0,1,1,0,TRAINING,0.0,0.0,0.0
22,0.0,0.2857142857142857,0.3333333333333333,0.0,0.0,0,1,0,0,1,0,0,0,0,0,0,1,1,0,TRAINING,0.0,0.0,0.0
22,0.0,0.0,0.0,1.0,0.0,0,1,0,0,0,1,0,0,0,0,0,1,1,0,TRAINING,,,
23,0.0,0.5,0.3333333333333333,0.7142857142857143,0.6666666666666666,0,1,1,0,0,0,0,0,0,0,0,1,1,0,TRAINING,0.0,0.0,0.0
23,0.0,0.8,0.3333333333333333,0.4,0.25,0,1,0,1,0,0,0,0,0,0,0,1,1,0,TRAINING,0.0,0.0,0.0
23,0.0,0.2857142857142857,0.3333333333333333,0.25,0.3333333333333333,0,1,0,0,1,0,0,0,0,0,0,1,1,0,TRAINING,0.0,0.0,0.0
23,0.0,1.0,1.0,1.0,1.0,0,1,0,0,0,1,0,0,0,0,0,1,1,0,TRAINING,,,
24,0.0,0.2857142857142857,0.3333333333333333,0.0,0.0,1,0,0,0,1,0,0,0,0,0,0,1,1,0,TESTING,0.0,0.0,0.0
24,0.0,1.0,1.0,1.0,1.0,1,0,0,0,0,1,0,0,0,0,0,1,1,0,TESTING,,,
24,0.0,0.5,0.3333333333333333,0.7142857142857143,0.6666666666666666,1,0,1,0,0,0,0,0,0,0,0,1,1,0,TESTING,0.0,0.0,0.0
24,0.0,0.8,0.3333333333333333,0.4,0.25,1,0,0,1,0,0,0,0,0,0,0,1,1,0,TESTING,0.0,0.0,0.0
28,0.0,0.75,1.0,1.0,1.0,0,1,0,0,0,1,0,0,1,0,0,0,1,0,TRAINING,,,
28,0.0,0.0,0.3333333333333333,0.0,0.0,0,1,0,0,1,0,0,0,1,0,0,0,1,0,TRAINING,0.0,0.0,0.0
28,0.0,0.6,0.0,0.2,0.0,0,1,0,1,0,0,0,0,1,0,0,0,1,0,TRAINING,0.0,0.0,0.0
28,0.0,0.3333333333333333,0.0,0.5714285714285714,0.6666666666666666,0,1,1,0,0,0,0,0,1,0,0,0,1,0,TRAINING,0.0,0.0,0.0
30,0.0,0.3333333333333333,0.3333333333333333,0.5714285714285714,0.6666666666666666,0,1,1,0,0,0,0,1,0,0,0,0,1,0,TRAINING,0.0,0.0,0.0
30,0.0,0.8,0.3333333333333333,0.4,0.25,0,1,0,1,0,0,0,1,0,0,0,0,1,0,TRAINING,0.0,0.0,0.0
30,0.0,0.42857142857142855,0.4444444444444444,0.0,0.0,0,1,0,0,1,0,0,1,0,0,0,0,1,0,TRAINING,0.0,0.0,0.0
30,0.0,1.0,1.0,1.0,1.0,0,1,0,0,0,1,0,1,0,0,0,0,1,0,TRAINING,,,
34,0.0,0.5,0.6666666666666666,0.7142857142857143,0.6666666666666666,0,1,1,0,0,0,0,0,0,0,0,1,1,0,TRAINING,-4675.0,0.0,0.0
34,0.0,0.8,0.3333333333333333,0.4,0.25,0,1,0,1,0,0,0,0,0,0,0,1,1,0,TRAINING,0.0,0.0,0.0
34,0.0,0.2857142857142857,0.2222222222222222,0.0,0.0,0,1,0,0,1,0,0,0,0,0,0,1,1,0,TRAINING,2000.0,0.0,0.0
34,0.0,1.0,1.0,1.0,1.0,0,1,0,0,0,1,0,0,0,0,0,1,1,0,TRAINING,,,
37,0.0,0.2857142857142857,0.3333333333333333,0.0,0.0,1,0,0,0,1,0,0,1,0,0,0,0,1,0,TESTING,0.0,0.0,0.0
37,0.0,0.75,1.0,1.0,1.0,1,0,0,0,0,1,0,1,0,0,0,0,1,0,TESTING,,,
37,0.0,0.3333333333333333,0.3333333333333333,0.42857142857142855,0.6666666666666666,1,0,1,0,0,0,0,1,0,0,0,0,1,0,TESTING,0.0,0.0,0.0
37,0.0,0.6,0.0,0.2,0.0,1,0,0,1,0,0,0,1,0,0,0,0,1,0,TESTING,0.0,0.0,0.0
38,0.0,0.3333333333333333,0.6666666666666666,0.5714285714285714,0.6666666666666666,1,0,1,0,0,0,0,0,0,0,0,1,1,0,TRAINING,0.0,0.0,0.0
38,0.0,0.8,0.3333333333333333,0.4,0.25,1,0,0,1,0,0,0,0,0,0,0,1,1,0,TRAINING,0.0,0.0,0.0
38,0.0,0.14285714285714285,0.3333333333333333,0.0,0.0,1,0,0,0,1,0,0,0,0,0,0,1,1,0,TRAINING,0.0,0.0,0.0
38,0.0,1.0,1.0,1.0,1.0,1,0,0,0,0,1,0,0,0,0,0,1,1,0,TRAINING,,,
39,0.0,0.5,0.3333333333333333,0.7142857142857143,0.3333333333333333,0,1,1,0,0,0,0,0,0,0,0,1,1,0,TRAINING,0.0,0.0,0.0
39,0.0,1.0,0.3333333333333333,0.6,0.75,0,1,0,1,0,0,0,0,0,0,0,1,1,0,TRAINING,1000.0,0.0,0.0
39,0.0,0.42857142857142855,0.6666666666666666,0.0,0.3333333333333333,0,1,0,0,1,0,0,0,0,0,0,1,1,0,TRAINING,-1000.0,0.0,0.0
39,0.0,1.0,0.6666666666666666,1.0,1.0,0,1,0,0,0,1,0,0,0,0,0,1,1,0,TRAINING,,,
40,0.0,0.3333333333333333,0.3333333333333333,0.7142857142857143,0.6666666666666666,0,1,1,0,0,0,0,0,0,0,0,1,1,0,TRAINING,0.0,0.0,0.0
40,0.0,0.8,0.3333333333333333,0.4,0.25,0,1,0,1,0,0,0,0,0,0,0,1,1,0,TRAINING,0.0,0.0,0.0
40,0.0,0.2857142857142857,0.3333333333333333,0.0,0.0,0,1,0,0,1,0,0,0,0,0,0,1,1,0,TRAINING,0.0,0.0,0.0
40,0.0,1.0,1.0,1.0,1.0,0,1,0,0,0,1,0,0,0,0,0,1,1,0,TRAINING,,,
41,0.0,0.42857142857142855,0.6666666666666666,0.0,0.3333333333333333,0,1,0,0,1,0,0,0,0,0,0,1,1,0,TESTING,0.0,0.0,0.0
41,0.0,1.0,1.0,1.0,1.0,0,1,0,0,0,1,0,0,0,0,0,1,1,0,TESTING,,,
41,0.0,0.8,0.3333333333333333,0.6,0.5,0,1,0,1,0,0,0,0,0,0,0,1,1,0,TESTING,0.0,0.0,0.0
41,0.0,0.5,0.3333333333333333,0.7142857142857143,0.6666666666666666,0,1,1,0,0,0,0,0,0,0,0,1,1,0,TESTING,0.0,0.0,0.0
42,0.0,0.3333333333333333,0.3333333333333333,0.5714285714285714,0.3333333333333333,0,1,1,0,0,0,0,0,0,0,0,1,1,0,TESTING,0.0,0.0,0.0
42,0.0,0.6,0.3333333333333333,0.2,0.25,0,1,0,1,0,0,0,0,0,0,0,1,1,0,TESTING,1300.0,0.0,0.0
42,0.0,0.2857142857142857,0.3333333333333333,0.0,0.0,0,1,0,0,1,0,0,0,0,0,0,1,1,0,TESTING,-3300.0,0.0,0.0
42,0.0,1.0,1.0,1.0,1.0,0,1,0,0,0,1,0,0,0,0,0,1,1,0,TESTING,,,
43,0.0,1.0,1.0,1.0,1.0,1,0,0,0,0,1,0,0,0,0,0,1,1,0,TESTING,,,
43,0.0,0.3333333333333333,0.0,0.5714285714285714,0.6666666666666666,1,0,1,0,0,0,0,0,0,0,0,1,1,0,TESTING,0.0,0.0,0.0
43,0.0,0.8,0.3333333333333333,0.4,0.25,1,0,0,1,0,0,0,0,0,0,0,1,1,0,TESTING,0.0,0.0,0.0
43,0.0,0.14285714285714285,0.3333333333333333,0.0,0.0,1,0,0,0,1,0,0,0,0,0,0,1,1,0,TESTING,1177.0,0.0,0.0
45,0.0,0.0,1.0,1.0,1.0,0,1,0,0,0,1,0,1,0,0,0,0,1,0,TRAINING,,,
45,0.0,0.14285714285714285,0.3333333333333333,0.0,0.0,0,1,0,0,1,0,0,1,0,0,0,0,1,0,TRAINING,3061.0,58.0,58.0
45,0.0,0.8,0.3333333333333333,0.4,0.25,0,1,0,1,0,0,0,1,0,0,0,0,1,0,TRAINING,0.0,0.0,0.0
45,0.0,0.3333333333333333,0.3333333333333333,0.5714285714285714,0.6666666666666666,0,1,1,0,0,0,0,1,0,0,0,0,1,0,TRAINING,0.0,0.0,0.0
46,0.0,0.75,1.0,1.0,1.0,1,0,0,0,0,1,0,0,0,0,0,1,1,0,TESTING,,,
46,0.0,0.3333333333333333,0.3333333333333333,0.2857142857142857,0.6666666666666666,1,0,1,0,0,0,0,0,0,0,0,1,1,0,TESTING,0.0,0.0,0.0
46,0.0,0.6,0.0,0.2,0.0,1,0,0,1,0,0,0,0,0,0,0,1,1,0,TESTING,0.0,0.0,0.0
46,0.0,0.2857142857142857,0.3333333333333333,0.0,0.0,1,0,0,0,1,0,0,0,0,0,0,1,1,0,TESTING,0.0,0.0,0.0
47,0.0,0.2857142857142857,0.3333333333333333,0.0,0.0,1,0,0,0,1,0,0,0,0,0,0,1,1,0,TRAINING,0.0,7300.0,7300.0
47,0.0,1.0,1.0,1.0,1.0,1,0,0,0,0,1,0,0,0,0,0,1,1,0,TRAINING,,,
47,0.0,0.5,0.6666666666666666,0.7142857142857143,0.6666666666666666,1,0,1,0,0,0,0,0,0,0,0,1,1,0,TRAINING,0.0,-2400.0,-2400.0
47,0.0,0.8,0.3333333333333333,0.4,0.25,1,0,0,1,0,0,0,0,0,0,0,1,1,0,TRAINING,0.0,8200.0,8200.0
48,0.0,0.2857142857142857,0.3333333333333333,0.0,0.0,0,1,0,0,1,0,0,0,0,0,0,1,1,0,TRAINING,0.0,0.0,0.0
48,0.0,1.0,1.0,1.0,1.0,0,1,0,0,0,1,0,0,0,0,0,1,1,0,TRAINING,,,
48,0.0,0.5,0.3333333333333333,0.5714285714285714,1.0,0,1,1,0,0,0,0,0,0,0,0,1,1,0,TRAINING,0.0,0.0,0.0
48,0.0,0.8,0.3333333333333333,0.4,0.25,0,1,0,1,0,0,0,0,0,0,0,1,1,0,TRAINING,0.0,0.0,0.0
49,0.0,1.0,1.0,1.0,1.0,1,0,0,0,0,1,0,0,0,0,0,1,1,0,TESTING,,,
49,0.0,0.2857142857142857,0.3333333333333333,0.25,0.3333333333333333,1,0,0,0,1,0,0,0,0,0,0,1,1,0,TESTING,0.0,834.0,834.0
49,0.0,0.8,0.3333333333333333,0.4,0.25,1,0,0,1,0,0,0,0,0,0,0,1,1,0,TESTING,0.0,500.0,500.0
49,0.0,0.5,0.0,0.7142857142857143,0.6666666666666666,1,0,1,0,0,0,0,0,0,0,0,1,1,0,TESTING,0.0,0.0,0.0
52,0.0,0.3333333333333333,0.3333333333333333,0.7142857142857143,0.6666666666666666,1,0,1,0,0,0,0,0,0,0,0,1,1,0,TESTING,0.0,0.0,0.0
52,0.0,0.8,0.3333333333333333,0.4,0.25,1,0,0,1,0,0,0,0,0,0,0,1,1,0,TESTING,0.0,0.0,0.0
52,0.0,0.2857142857142857,0.3333333333333333,0.0,0.0,1,0,0,0,1,0,0,0,0,0,0,1,1,0,TESTING,0.0,0.0,0.0
52,0.0,1.0,1.0,1.0,1.0,1,0,0,0,0,1,0,0,0,0,0,1,1,0,TESTING,,,
56,0.0,0.3333333333333333,0.6666666666666666,0.5714285714285714,0.6666666666666666,0,1,1,0,0,0,0,1,0,0,0,0,1,0,TRAINING,0.0,0.0,0.0
56,0.0,0.6,0.3333333333333333,0.4,0.5,0,1,0,1,0,0,0,1,0,0,0,0,1,0,TRAINING,1000.0,0.0,0.0
56,0.0,0.2857142857142857,0.4444444444444444,0.0,0.3333333333333333,0,1,0,0,1,0,0,1,0,0,0,0,1,0,TRAINING,-1000.0,0.0,0.0
56,0.0,1.0,1.0,1.0,1.0,0,1,0,0,0,1,0,1,0,0,0,0,1,0,TRAINING,,,
60,0.0,0.2857142857142857,0.3333333333333333,0.0,0.0,0,1,0,0,1,0,0,0,0,0,0,1,1,0,TRAINING,-16750.0,-1000.0,-1000.0
60,0.0,1.0,1.0,1.0,1.0,0,1,0,0,0,1,0,0,0,0,0,1,1,0,TRAINING,,,
60,0.0,0.3333333333333333,0.3333333333333333,0.42857142857142855,0.6666666666666666,0,1,1,0,0,0,0,0,0,0,0,1,1,0,TRAINING,6000.0,1000.0,1000.0
60,0.0,0.8,0.3333333333333333,0.4,0.25,0,1,0,1,0,0,0,0,0,0,0,1,1,0,TRAINING,13250.0,1000.0,1000.0
61,0.0,0.3333333333333333,0.3333333333333333,0.5714285714285714,0.6666666666666666,1,0,1,0,0,0,0,0,1,0,0,0,1,0,TRAINING,0.0,0.0,0.0
61,0.0,0.8,0.3333333333333333,0.4,0.25,1,0,0,1,0,0,0,0,1,0,0,0,1,0,TRAINING,0.0,0.0,0.0
61,0.0,0.2857142857142857,0.4444444444444444,0.5,0.6666666666666666,1,0,0,0,1,0,0,0,1,0,0,0,1,0,TRAINING,0.0,0.0,0.0
61,0.0,0.75,1.0,1.0,1.0,1,0,0,0,0,1,0,0,1,0,0,0,1,0,TRAINING,,,
62,0.0,0.5,0.3333333333333333,0.5714285714285714,0.6666666666666666,0,1,1,0,0,0,0,0,0,0,0,1,1,0,TRAINING,1500.0,0.0,0.0
62,0.0,0.8,0.3333333333333333,0.4,0.5,0,1,0,1,0,0,0,0,0,0,0,1,1,0,TRAINING,-2500.0,0.0,0.0
62,0.0,0.2857142857142857,0.4444444444444444,0.0,0.0,0,1,0,0,1,0,0,0,0,0,0,1,1,0,TRAINING,1500.0,0.0,0.0
62,0.0,1.0,0.6666666666666666,1.0,0.6666666666666666,0,1,0,0,0,1,0,0,0,0,0,1,1,0,TRAINING,,,
63,0.0,0.3333333333333333,0.3333333333333333,0.5714285714285714,0.6666666666666666,0,1,1,0,0,0,0,0,0,0,0,1,1,0,TRAINING,-1000.0,0.0,0.0
63,0.0,0.8,0.3333333333333333,0.4,0.25,0,1,0,1,0,0,0,0,0,0,0,1,1,0,TRAINING,7500.0,0.0,0.0
63,0.0,0.2857142857142857,0.3333333333333333,0.0,0.0,0,1,0,0,1,0,0,0,0,0,0,1,1,0,TRAINING,-3000.0,25.0,25.0
63,0.0,1.0,1.0,1.0,1.0,0,1,0,0,0,1,0,0,0,0,0,1,1,0,TRAINING,,,
64,0.0,1.0,1.0,1.0,1.0,0,1,0,0,0,1,0,0,0,0,0,1,1,0,TESTING,,,
64,0.0,0.2857142857142857,0.3333333333333333,0.0,0.0,0,1,0,0,1,0,0,0,0,0,0,1,1,0,TESTING,0.0,0.0,0.0
64,0.0,0.8,0.3333333333333333,0.4,0.25,0,1,0,1,0,0,0,0,0,0,0,1,1,0,TESTING,0.0,0.0,0.0
64,0.0,0.3333333333333333,0.3333333333333333,0.5714285714285714,0.6666666666666666,0,1,1,0,0,0,0,0,0,0,0,1,1,0,TESTING,0.0,0.0,0.0
66,0.0,0.3333333333333333,0.6666666666666666,0.42857142857142855,0.6666666666666666,1,0,1,0,0,0,0,0,0,0,0,1,1,0,TRAINING,2600.0,0.0,0.0
66,0.0,0.8,0.3333333333333333,0.4,0.25,1,0,0,1,0,0,0,0,0,0,0,1,1,0,TRAINING,10.0,200.0,200.0
66,0.0,0.14285714285714285,0.3333333333333333,0.0,0.0,1,0,0,0,1,0,0,0,0,0,0,1,1,0,TRAINING,-1008.0,-200.0,-200.0
66,0.0,0.0,0.0,1.0,0.0,1,0,0,0,0,1,0,0,0,0,0,1,1,0,TRAINING,,,
67,0.0,0.8333333333333334,0.3333333333333333,0.7142857142857143,0.6666666666666666,0,1,1,0,0,0,0,0,0,0,0,1,1,0,TRAINING,0.0,0.0,0.0
67,0.0,1.0,0.3333333333333333,0.6,1.0,0,1,0,1,0,0,0,0,0,0,0,1,1,0,TRAINING,0.0,0.0,0.0
67,0.0,0.7142857142857143,0.8888888888888888,0.25,0.6666666666666666,0,1,0,0,1,0,0,0,0,0,0,1,1,0,TRAINING,0.0,0.0,0.0
67,0.0,0.75,1.0,1.0,1.0,0,1,0,0,0,1,0,0,0,0,0,1,1,0,TRAINING,,,
68,0.0,0.3333333333333333,0.6666666666666666,0.5714285714285714,0.6666666666666666,0,1,1,0,0,0,0,0,0,0,0,1,1,0,TRAINING,0.0,0.0,0.0
68,0.0,0.8,0.3333333333333333,0.4,0.25,0,1,0,1,0,0,0,0,0,0,0,1,1,0,TRAINING,0.0,0.0,0.0
68,0.0,0.2857142857142857,0.3333333333333333,0.0,0.0,0,1,0,0,1,0,0,0,0,0,0,1,1,0,TRAINING,0.0,0.0,0.0
68,0.0,1.0,1.0,1.0,1.0,0,1,0,0,0,1,0,0,0,0,0,1,1,0,TRAINING,,,
71,0.0,0.75,1.0,1.0,1.0,1,0,0,0,0,1,0,0,1,0,0,0,1,0,TRAINING,,,
71,0.0,0.2857142857142857,0.3333333333333333,0.0,0.0,1,0,0,0,1,0,0,0,1,0,0,0,1,0,TRAINING,0.0,0.0,0.0
71,0.0,0.5,0.3333333333333333,0.5714285714285714,0.6666666666666666,1,0,1,0,0,0,0,0,1,0,0,0,1,0,TRAINING,0.0,0.0,0.0
71,0.0,0.8,0.3333333333333333,0.4,0.25,1,0,0,1,0,0,0,0,1,0,0,0,1,0,TRAINING,0.0,0.0,0.0
73,0.0,0.3333333333333333,0.3333333333333333,0.7142857142857143,0.3333333333333333,0,1,1,0,0,0,0,1,0,0,0,0,1,0,TESTING,0.0,0.0,0.0
73,0.0,0.8,0.3333333333333333,0.6,0.25,0,1,0,1,0,0,0,1,0,0,0,0,1,0,TESTING,0.0,0.0,0.0
73,0.0,0.42857142857142855,0.2222222222222222,0.0,0.0,0,1,0,0,1,0,0,1,0,0,0,0,1,0,TESTING,0.0,0.0,0.0
73,0.0,1.0,1.0,1.0,1.0,0,1,0,0,0,1,0,1,0,0,0,0,1,0,TESTING,,,
74,0.0,0.16666666666666666,0.3333333333333333,0.5714285714285714,0.6666666666666666,0,1,1,0,0,0,0,0,0,0,0,1,1,0,TRAINING,0.0,0.0,0.0
74,0.0,0.8,0.3333333333333333,0.4,0.5,0,1,0,1,0,0,0,0,0,0,0,1,1,0,TRAINING,1000.0,0.0,0.0
74,0.0,0.2857142857142857,0.3333333333333333,0.0,0.0,0,1,0,0,1,0,0,0,0,0,0,1,1,0,TRAINING,0.0,0.0,0.0
74,0.0,1.0,1.0,1.0,1.0,0,1,0,0,0,1,0,0,0,0,0,1,1,0,TRAINING,,,
75,0.0,0.14285714285714285,0.3333333333333333,0.0,0.0,1,0,0,0,1,0,0,0,1,0,0,0,1,0,TESTING,0.0,0.0,0.0
75,0.0,1.0,0.6666666666666666,1.0,0.6666666666666666,1,0,0,0,0,1,0,0,1,0,0,0,1,0,TESTING,,,
75,0.0,0.8,0.3333333333333333,0.4,0.25,1,0,0,1,0,0,0,0,1,0,0,0,1,0,TESTING,0.0,0.0,0.0
75,0.0,0.3333333333333333,0.6666666666666666,0.5714285714285714,0.6666666666666666,1,0,1,0,0,0,0,0,1,0,0,0,1,0,TESTING,0.0,0.0,0.0
77,0.0,0.3333333333333333,0.3333333333333333,0.5714285714285714,0.6666666666666666,1,0,1,0,0,0,0,0,0,0,0,1,1,0,TESTING,0.0,0.0,0.0
77,0.0,0.8,0.3333333333333333,0.4,0.25,1,0,0,1,0,0,0,0,0,0,0,1,1,0,TESTING,0.0,0.0,0.0
77,0.0,0.14285714285714285,0.3333333333333333,0.0,0.0,1,0,0,0,1,0,0,0,0,0,0,1,1,0,TESTING,0.0,0.0,0.0
77,0.0,1.0,1.0,1.0,1.0,1,0,0,0,0,1,0,0,0,0,0,1,1,0,TESTING,,,
78,0.0,0.5,0.3333333333333333,0.5714285714285714,1.0,0,1,1,0,0,0,0,0,0,0,0,1,1,0,TESTING,-3000.0,0.0,0.0
78,0.0,0.8,0.3333333333333333,0.4,0.5,0,1,0,1,0,0,0,0,0,0,0,1,1,0,TESTING,-2500.0,0.0,0.0
78,0.0,0.2857142857142857,0.3333333333333333,0.0,0.0,0,1,0,0,1,0,0,0,0,0,0,1,1,0,TESTING,35020.0,5.0,5.0
78,0.0,1.0,1.0,1.0,1.0,0,1,0,0,0,1,0,0,0,0,0,1,1,0,TESTING,,,
79,0.0,0.42857142857142855,0.6666666666666666,0.25,0.3333333333333333,0,1,0,0,1,0,0,1,0,0,0,0,1,0,TRAINING,0.0,0.0,0.0
79,0.0,1.0,1.0,1.0,1.0,0,1,0,0,0,1,0,1,0,0,0,0,1,0,TRAINING,,,
79,0.0,0.8,0.3333333333333333,0.8,1.0,0,1,0,1,0,0,0,1,0,0,0,0,1,0,TRAINING,0.0,0.0,0.0
79,0.0,0.5,0.6666666666666666,0.7142857142857143,0.6666666666666666,0,1,1,0,0,0,0,1,0,0,0,0,1,0,TRAINING,0.0,0.0,0.0
80,0.0,0.3333333333333333,0.3333333333333333,0.5714285714285714,0.6666666666666666,0,1,1,0,0,0,1,0,0,0,0,0,1,0,TESTING,0.0,0.0,0.0
80,0.0,0.8,0.3333333333333333,0.4,0.25,0,1,0,1,0,0,1,0,0,0,0,0,1,0,TESTING,0.0,0.0,0.0
80,0.0,0.2857142857142857,0.3333333333333333,0.0,0.0,0,1,0,0,1,0,1,0,0,0,0,0,1,0,TESTING,0.0,0.0,0.0
80,0.0,1.0,1.0,1.0,1.0,0,1,0,0,0,1,1,0,0,0,0,0,1,0,TESTING,,,
81,0.0,0.3333333333333333,0.3333333333333333,0.7142857142857143,0.6666666666666666,0,1,1,0,0,0,0,0,1,0,0,0,1,0,TESTING,0.0,0.0,0.0
81,0.0,0.8,0.3333333333333333,0.4,0.25,0,1,0,1,0,0,0,0,1,0,0,0,1,0,TESTING,0.0,0.0,0.0
81,0.0,0.2857142857142857,0.3333333333333333,0.0,0.0,0,1,0,0,1,0,0,0,1,0,0,0,1,0,TESTING,0.0,0.0,0.0
81,0.0,0.5,1.0,1.0,1.0,0,1,0,0,0,1,0,0,1,0,0,0,1,0,TESTING,,,
82,0.0,1.0,1.0,1.0,1.0,0,1,0,0,0,1,0,0,0,0,0,1,1,0,TESTING,,,
82,0.0,0.42857142857142855,0.5555555555555556,0.0,0.3333333333333333,0,1,0,0,1,0,0,0,0,0,0,1,1,0,TESTING,-1000.0,0.0,0.0
82,0.0,0.8,0.3333333333333333,0.4,0.75,0,1,0,1,0,0,0,0,0,0,0,1,1,0,TESTING,-50.0,0.0,0.0
82,0.0,0.5,0.6666666666666666,0.7142857142857143,0.6666666666666666,0,1,1,0,0,0,0,0,0,0,0,1,1,0,TESTING,1050.0,0.0,0.0
84,0.0,0.16666666666666666,0.0,0.5714285714285714,0.6666666666666666,0,1,1,0,0,0,0,0,0,0,0,1,1,0,TRAINING,0.0,0.0,0.0
84,0.0,0.8,0.3333333333333333,0.4,0.25,0,1,0,1,0,0,0,0,0,0,0,1,1,0,TRAINING,0.0,0.0,0.0
84,0.0,0.2857142857142857,0.3333333333333333,0.0,0.0,0,1,0,0,1,0,0,0,0,0,0,1,1,0,TRAINING,0.0,0.0,0.0
84,0.0,1.0,1.0,1.0,1.0,0,1,0,0,0,1,0,0,0,0,0,1,1,0,TRAINING,,,
85,0.0,0.3333333333333333,0.3333333333333333,0.5714285714285714,0.6666666666666666,0,1,1,0,0,0,0,1,0,0,0,0,1,0,TESTING,0.0,0.0,0.0
85,0.0,0.6,0.0,0.2,0.0,0,1,0,1,0,0,0,1,0,0,0,0,1,0,TESTING,0.0,0.0,0.0
85,0.0,0.42857142857142855,0.2222222222222222,0.25,0.0,0,1,0,0,1,0,0,1,0,0,0,0,1,0,TESTING,0.0,25.0,25.0
85,0.0,1.0,1.0,1.0,1.0,0,1,0,0,0,1,0,1,0,0,0,0,1,0,TESTING,,,
86,0.0,1.0,1.0,1.0,1.0,0,1,0,0,0,1,0,0,0,0,0,1,1,0,TESTING,,,
86,0.0,0.2857142857142857,0.4444444444444444,0.0,0.0,0,1,0,0,1,0,0,0,0,0,0,1,1,0,TESTING,0.0,0.0,0.0
86,0.0,0.8,0.3333333333333333,0.4,0.25,0,1,0,1,0,0,0,0,0,0,0,1,1,0,TESTING,0.0,0.0,0.0
86,0.0,0.5,0.0,0.7142857142857143,0.6666666666666666,0,1,1,0,0,0,0,0,0,0,0,1,1,0,TESTING,0.0,0.0,0.0
89,0.0,0.16666666666666666,0.3333333333333333,0.7142857142857143,0.6666666666666666,1,0,1,0,0,0,0,0,1,0,0,0,1,0,TRAINING,0.0,0.0,0.0
89,0.0,0.8,0.3333333333333333,0.4,0.25,1,0,0,1,0,0,0,0,1,0,0,0,1,0,TRAINING,0.0,0.0,0.0
89,0.0,0.2857142857142857,0.3333333333333333,0.0,0.0,1,0,0,0,1,0,0,0,1,0,0,0,1,0,TRAINING,0.0,0.0,0.0
89,0.0,1.0,0.6666666666666666,1.0,0.6666666666666666,1,0,0,0,0,1,0,0,1,0,0,0,1,0,TRAINING,,,
90,0.0,0.3333333333333333,0.3333333333333333,0.7142857142857143,0.6666666666666666,0,1,1,0,0,0,0,0,0,0,0,1,1,0,TESTING,0.0,0.0,0.0
90,0.0,0.8,0.3333333333333333,0.4,0.25,0,1,0,1,0,0,0,0,0,0,0,1,1,0,TESTING,0.0,0.0,0.0
90,0.0,0.14285714285714285,0.3333333333333333,0.0,0.0,0,1,0,0,1,0,0,0,0,0,0,1,1,0,TESTING,0.0,0.0,0.0
90,0.0,1.0,1.0,1.0,1.0,0,1,0,0,0,1,0,0,0,0,0,1,1,0,TESTING,,,
91,0.0,0.2857142857142857,0.3333333333333333,0.0,0.0,1,0,0,0,1,0,0,1,0,0,0,0,1,0,TRAINING,2000.0,0.0,0.0
91,0.0,1.0,1.0,1.0,1.0,1,0,0,0,0,1,0,1,0,0,0,0,1,0,TRAINING,,,
91,0.0,0.3333333333333333,0.3333333333333333,0.5714285714285714,0.6666666666666666,1,0,1,0,0,0,0,1,0,0,0,0,1,0,TRAINING,0.0,0.0,0.0
91,0.0,0.0,0.0,0.0,0.0,1,0,0,1,0,0,0,1,0,0,0,0,1,0,TRAINING,0.0,0.0,0.0
95,0.0,0.2857142857142857,0.8888888888888888,0.25,0.3333333333333333,0,1,0,0,1,0,0,0,0,0,0,1,1,0,TRAINING,0.0,0.0,0.0
95,0.0,1.0,1.0,1.0,1.0,0,1,0,0,0,1,0,0,0,0,0,1,1,0,TRAINING,,,
95,0.0,0.5,0.3333333333333333,0.7142857142857143,0.3333333333333333,0,1,1,0,0,0,0,0,0,0,0,1,1,0,TRAINING,0.0,0.0,0.0
95,0.0,0.0,0.3333333333333333,0.0,1.0,0,1,0,1,0,0,0,0,0,0,0,1,1,0,TRAINING,0.0,0.0,0.0
96,0.0,1.0,1.0,1.0,1.0,1,0,0,0,0,1,0,0,0,0,0,1,1,0,TRAINING,,,
96,0.0,0.2857142857142857,0.3333333333333333,0.0,0.0,1,0,0,0,1,0,0,0,0,0,0,1,1,0,TRAINING,-2485.0,-50.0,-50.0
96,0.0,0.6,0.3333333333333333,0.2,0.25,1,0,0,1,0,0,0,0,0,0,0,1,1,0,TRAINING,6000.0,550.0,550.0
96,0.0,0.3333333333333333,0.6666666666666666,0.2857142857142857,0.6666666666666666,1,0,1,0,0,0,0,0,0,0,0,1,1,0,TRAINING,-2500.0,0.0,0.0
100,0.0,0.5,0.3333333333333333,0.7142857142857143,0.3333333333333333,0,1,1,0,0,0,0,0,0,0,0,1,1,0,TESTING,0.0,0.0,0.0
100,0.0,0.8,0.3333333333333333,0.4,0.25,0,1,0,1,0,0,0,0,0,0,0,1,1,0,TESTING,0.0,0.0,0.0
100,0.0,0.14285714285714285,0.4444444444444444,0.0,0.0,0,1,0,0,1,0,0,0,0,0,0,1,1,0,TESTING,0.0,0.0,0.0
100,0.0,1.0,1.0,1.0,1.0,0,1,0,0,0,1,0,0,0,0,0,1,1,0,TESTING,,,
102,0.0,0.3333333333333333,0.0,0.5714285714285714,0.6666666666666666,0,1,1,0,0,0,0,1,0,0,0,0,1,0,TRAINING,0.0,0.0,0.0
102,0.0,0.8,0.3333333333333333,0.4,0.5,0,1,0,1,0,0,0,1,0,0,0,0,1,0,TRAINING,0.0,0.0,0.0
102,0.0,0.14285714285714285,0.3333333333333333,0.0,0.0,0,1,0,0,1,0,0,1,0,0,0,0,1,0,TRAINING,0.0,0.0,0.0
102,0.0,1.0,1.0,1.0,1.0,0,1,0,0,0,1,0,1,0,0,0,0,1,0,TRAINING,,,
103,0.0,0.42857142857142855,0.7777777777777778,0.25,0.3333333333333333,0,1,0,0,1,0,0,0,1,0,0,0,1,0,TRAINING,0.0,0.0,0.0
103,0.0,1.0,1.0,1.0,1.0,0,1,0,0,0,1,0,0,1,0,0,0,1,0,TRAINING,,,
103,0.0,0.5,0.6666666666666666,0.7142857142857143,0.6666666666666666,0,1,1,0,0,0,0,0,1,0,0,0,1,0,TRAINING,0.0,0.0,0.0
103,0.0,0.6,0.3333333333333333,0.6,0.75,0,1,0,1,0,0,0,0,1,0,0,0,1,0,TRAINING,0.0,0.0,0.0
104,0.0,0.3333333333333333,0.3333333333333333,0.5714285714285714,0.6666666666666666,1,0,1,0,0,0,0,1,0,0,0,0,1,0,TRAINING,0.0,0.0,0.0
104,0.0,0.8,0.3333333333333333,0.4,0.25,1,0,0,1,0,0,0,1,0,0,0,0,1,0,TRAINING,0.0,0.0,0.0
104,0.0,0.2857142857142857,0.3333333333333333,0.0,0.0,1,0,0,0,1,0,0,1,0,0,0,0,1,0,TRAINING,0.0,0.0,0.0
104,0.0,1.0,1.0,1.0,1.0,1,0,0,0,0,1,0,1,0,0,0,0,1,0,TRAINING,,,
105,0.0,0.5,0.3333333333333333,0.7142857142857143,0.6666666666666666,1,0,1,0,0,0,1,0,0,0,0,0,1,0,TESTING,2500.0,0.0,0.0
105,0.0,0.8,0.3333333333333333,0.4,0.25,1,0,0,1,0,0,1,0,0,0,0,0,1,0,TESTING,-2500.0,0.0,0.0
105,0.0,0.2857142857142857,0.3333333333333333,0.0,0.0,1,0,0,0,1,0,1,0,0,0,0,0,1,0,TESTING,0.0,0.0,0.0
105,0.0,1.0,1.0,1.0,1.0,1,0,0,0,0,1,1,0,0,0,0,0,1,0,TESTING,,,
107,0.0,0.5,0.0,0.7142857142857143,0.3333333333333333,0,1,1,0,0,0,0,0,1,0,0,0,1,0,TESTING,0.0,0.0,0.0
107,0.0,0.8,0.6666666666666666,0.6,0.75,0,1,0,1,0,0,0,0,1,0,0,0,1,0,TESTING,0.0,0.0,0.0
107,0.0,0.2857142857142857,0.3333333333333333,0.0,0.0,0,1,0,0,1,0,0,0,1,0,0,0,1,0,TESTING,0.0,0.0,0.0
107,0.0,1.0,1.0,1.0,1.0,0,1,0,0,0,1,0,0,1,0,0,0,1,0,TESTING,,,
108,0.0,1.0,0.6666666666666666,1.0,0.6666666666666666,0,1,0,0,0,1,0,0,0,0,0,1,1,0,TESTING,,,
108,0.0,0.2857142857142857,0.3333333333333333,0.0,0.0,0,1,0,0,1,0,0,0,0,0,0,1,1,0,TESTING,0.0,0.0,0.0
108,0.0,0.8,0.3333333333333333,0.4,0.25,0,1,0,1,0,0,0,0,0,0,0,1,1,0,TESTING,0.0,0.0,0.0
108,0.0,0.5,0.0,0.7142857142857143,0.6666666666666666,0,1,1,0,0,0,0,0,0,0,0,1,1,0,TESTING,0.0,0.0,0.0
109,0.0,0.5,0.6666666666666666,0.7142857142857143,0.3333333333333333,0,1,1,0,0,0,0,0,0,0,0,1,1,0,TESTING,0.0,0.0,0.0
109,0.0,0.8,0.3333333333333333,0.4,0.5,0,1,0,1,0,0,0,0,0,0,0,1,1,0,TESTING,0.0,0.0,0.0
109,0.0,0.2857142857142857,0.4444444444444444,0.0,0.0,0,1,0,0,1,0,0,0,0,0,0,1,1,0,TESTING,0.0,0.0,0.0
109,0.0,1.0,1.0,1.0,1.0,0,1,0,0,0,1,0,0,0,0,0,1,1,0,TESTING,,,
110,0.0,0.5,0.3333333333333333,0.5714285714285714,0.3333333333333333,0,1,1,0,0,0,0,0,0,0,0,1,1,0,TRAINING,0.0,0.0,0.0
110,0.0,0.8,0.3333333333333333,0.4,0.5,0,1,0,1,0,0,0,0,0,0,0,1,1,0,TRAINING,0.0,0.0,0.0
110,0.0,0.2857142857142857,0.3333333333333333,0.0,0.0,0,1,0,0,1,0,0,0,0,0,0,1,1,0,TRAINING,0.0,0.0,0.0
110,0.0,1.0,1.0,1.0,1.0,0,1,0,0,0,1,0,0,0,0,0,1,1,0,TRAINING,,,
111,0.0,0.3333333333333333,0.3333333333333333,0.5714285714285714,0.6666666666666666,1,0,1,0,0,0,0,0,0,0,0,1,1,0,TRAINING,3500.0,0.0,0.0
111,0.0,0.8,0.3333333333333333,0.4,0.25,1,0,0,1,0,0,0,0,0,0,0,1,1,0,TRAINING,-3500.0,0.0,0.0
111,0.0,0.2857142857142857,0.3333333333333333,0.0,0.0,1,0,0,0,1,0,0,0,0,0,0,1,1,0,TRAINING,0.0,0.0,0.0
111,0.0,1.0,1.0,1.0,1.0,1,0,0,0,0,1,0,0,0,0,0,1,1,0,TRAINING,,,
114,0.0,1.0,1.0,1.0,1.0,0,1,0,0,0,1,0,0,0,0,0,1,1,0,TRAINING,,,
114,0.0,0.2857142857142857,0.5555555555555556,0.0,0.3333333333333333,0,1,0,0,1,0,0,0,0,0,0,1,1,0,TRAINING,5.0,0.0,0.0
114,0.0,0.5,0.3333333333333333,0.7142857142857143,0.6666666666666666,0,1,1,0,0,0,0,0,0,0,0,1,1,0,TRAINING,0.0,0.0,0.0
114,0.0,0.8,0.3333333333333333,0.6,0.75,0,1,0,1,0,0,0,0,0,0,0,1,1,0,TRAINING,0.0,0.0,0.0
115,0.0,0.16666666666666666,0.3333333333333333,0.7142857142857143,0.6666666666666666,0,1,1,0,0,0,0,0,0,0,0,1,1,0,TESTING,0.0,0.0,0.0
115,0.0,0.8,0.3333333333333333,0.6,0.25,0,1,0,1,0,0,0,0,0,0,0,1,1,0,TESTING,1000.0,0.0,0.0
115,0.0,0.2857142857142857,0.3333333333333333,0.0,0.0,0,1,0,0,1,0,0,0,0,0,0,1,1,0,TESTING,-1000.0,0.0,0.0
115,0.0,1.0,1.0,1.0,1.0,0,1,0,0,0,1,0,0,0,0,0,1,1,0,TESTING,,,
116,0.0,0.3333333333333333,0.3333333333333333,0.42857142857142855,0.6666666666666666,0,1,1,0,0,0,0,0,0,0,0,1,1,0,TESTING,0.0,0.0,0.0
116,0.0,0.8,0.3333333333333333,0.4,0.25,0,1,0,1,0,0,0,0,0,0,0,1,1,0,TESTING,0.0,0.0,0.0
116,0.0,0.2857142857142857,0.3333333333333333,0.0,0.0,0,1,0,0,1,0,0,0,0,0,0,1,1,0,TESTING,0.0,0.0,0.0
116,0.0,1.0,1.0,1.0,1.0,0,1,0,0,0,1,0,0,0,0,0,1,1,0,TESTING,,,
120,0.0,1.0,1.0,1.0,1.0,1,0,0,0,0,1,0,1,0,0,0,0,1,0,TRAINING,,,
120,0.0,0.2857142857142857,0.2222222222222222,0.0,0.0,1,0,0,0,1,0,0,1,0,0,0,0,1,0,TRAINING,1500.0,0.0,0.0
120,0.0,0.8,0.3333333333333333,0.4,0.25,1,0,0,1,0,0,0,1,0,0,0,0,1,0,TRAINING,2000.0,0.0,0.0
120,0.0,0.16666666666666666,0.3333333333333333,0.5714285714285714,0.6666666666666666,1,0,1,0,0,0,0,1,0,0,0,0,1,0,TRAINING,0.0,0.0,0.0
121,0.0,0.16666666666666666,0.3333333333333333,0.5714285714285714,0.6666666666666666,0,1,1,0,0,0,0,0,0,0,0,1,1,0,TESTING,0.0,0.0,0.0
121,0.0,0.8,0.3333333333333333,0.4,0.25,0,1,0,1,0,0,0,0,0,0,0,1,1,0,TESTING,0.0,0.0,0.0
121,0.0,0.2857142857142857,0.4444444444444444,0.0,0.0,0,1,0,0,1,0,0,0,0,0,0,1,1,0,TESTING,0.0,0.0,0.0
121,0.0,1.0,1.0,1.0,1.0,0,1,0,0,0,1,0,0,0,0,0,1,1,0,TESTING,,,
122,0.0,0.16666666666666666,0.3333333333333333,0.5714285714285714,0.6666666666666666,0,1,1,0,0,0,0,0,0,0,0,1,1,0,TESTING,0.0,0.0,0.0
122,0.0,0.6,0.0,0.2,0.0,0,1,0,1,0,0,0,0,0,0,0,1,1,0,TESTING,0.0,0.0,0.0
122,0.0,0.2857142857142857,0.3333333333333333,0.0,0.0,0,1,0,0,1,0,0,0,0,0,0,1,1,0,TESTING,0.0,0.0,0.0
122,0.0,1.0,1.0,1.0,1.0,0,1,0,0,0,1,0,0,0,0,0,1,1,0,TESTING,,,
124,0.0,0.42857142857142855,0.6666666666666666,0.0,0.3333333333333333,0,1,0,0,1,0,0,0,0,0,0,1,1,0,TESTING,0.0,0.0,0.0
124,0.0,1.0,1.0,1.0,1.0,0,1,0,0,0,1,0,0,0,0,0,1,1,0,TESTING,,,
124,0.0,0.6666666666666666,0.6666666666666666,0.7142857142857143,0.6666666666666666,0,1,1,0,0,0,0,0,0,0,0,1,1,0,TESTING,0.0,0.0,0.0
124,0.0,0.8,0.3333333333333333,0.6,0.5,0,1,0,1,0,0,0,0,0,0,0,1,1,0,TESTING,0.0,0.0,0.0
125,0.0,0.3333333333333333,0.3333333333333333,0.5714285714285714,0.6666666666666666,0,1,1,0,0,0,0,1,0,0,0,0,1,0,TESTING,0.0,0.0,0.0
125,0.0,0.8,0.3333333333333333,0.4,0.25,0,1,0,1,0,0,0,1,0,0,0,0,1,0,TESTING,0.0,0.0,0.0
125,0.0,0.42857142857142855,0.4444444444444444,0.0,0.0,0,1,0,0,1,0,0,1,0,0,0,0,1,0,TESTING,0.0,0.0,0.0
125,0.0,1.0,1.0,1.0,1.0,0,1,0,0,0,1,0,1,0,0,0,0,1,0,TESTING,,,
126,0.0,0.3333333333333333,0.0,0.7142857142857143,0.6666666666666666,1,0,1,0,0,0,0,0,0,0,0,1,1,0,TESTING,-250.0,0.0,0.0
126,0.0,0.8,0.3333333333333333,0.4,0.25,1,0,0,1,0,0,0,0,0,0,0,1,1,0,TESTING,0.0,0.0,0.0
126,0.0,0.2857142857142857,0.4444444444444444,0.0,0.3333333333333333,1,0,0,0,1,0,0,0,0,0,0,1,1,0,TESTING,650.0,0.0,0.0
126,0.0,1.0,1.0,1.0,1.0,1,0,0,0,0,1,0,0,0,0,0,1,1,0,TESTING,,,
135,0.0,1.0,1.0,1.0,1.0,1,0,0,0,0,1,0,0,0,0,0,1,1,0,TESTING,,,
135,0.0,0.3333333333333333,0.0,0.5714285714285714,0.6666666666666666,1,0,1,0,0,0,0,0,0,0,0,1,1,0,TESTING,0.0,0.0,0.0
135,0.0,0.8,0.3333333333333333,0.4,0.5,1,0,0,1,0,0,0,0,0,0,0,1,1,0,TESTING,0.0,0.0,0.0
135,0.0,0.2857142857142857,0.3333333333333333,0.0,0.0,1,0,0,0,1,0,0,0,0,0,0,1,1,0,TESTING,0.0,0.0,0.0
137,0.0,0.5,1.0,1.0,1.0,0,1,0,0,0,1,0,0,0,0,0,1,1,0,TRAINING,,,
137,0.0,0.42857142857142855,0.6666666666666666,0.0,0.3333333333333333,0,1,0,0,1,0,0,0,0,0,0,1,1,0,TRAINING,0.0,0.0,0.0
137,0.0,0.5,0.3333333333333333,0.7142857142857143,0.6666666666666666,0,1,1,0,0,0,0,0,0,0,0,1,1,0,TRAINING,0.0,0.0,0.0
137,0.0,0.6,0.0,0.6,0.5,0,1,0,1,0,0,0,0,0,0,0,1,1,0,TRAINING,0.0,0.0,0.0
138,0.0,0.5,0.3333333333333333,0.5714285714285714,0.6666666666666666,1,0,1,0,0,0,0,0,0,0,0,1,1,0,TESTING,0.0,0.0,0.0
138,0.0,0.8,0.3333333333333333,0.4,0.5,1,0,0,1,0,0,0,0,0,0,0,1,1,0,TESTING,0.0,0.0,0.0
138,0.0,0.42857142857142855,0.3333333333333333,0.0,0.0,1,0,0,0,1,0,0,0,0,0,0,1,1,0,TESTING,0.0,0.0,0.0
138,0.0,1.0,1.0,1.0,1.0,1,0,0,0,0,1,0,0,0,0,0,1,1,0,TESTING,,,
139,0.0,0.3333333333333333,0.3333333333333333,0.5714285714285714,0.6666666666666666,0,1,1,0,0,0,0,0,0,0,0,1,1,0,TRAINING,0.0,0.0,0.0
139,0.0,0.8,0.3333333333333333,0.4,0.25,0,1,0,1,0,0,0,0,0,0,0,1,1,0,TRAINING,0.0,0.0,0.0
139,0.0,0.2857142857142857,0.3333333333333333,0.0,0.0,0,1,0,0,1,0,0,0,0,0,0,1,1,0,TRAINING,0.0,50.0,50.0
139,0.0,1.0,1.0,1.0,1.0,0,1,0,0,0,1,0,0,0,0,0,1,1,0,TRAINING,,,
140,0.0,1.0,1.0,1.0,1.0,1,0,0,0,0,1,0,1,0,0,0,0,1,0,TRAINING,,,
140,0.0,0.2857142857142857,0.4444444444444444,0.0,0.3333333333333333,1,0,0,0,1,0,0,1,0,0,0,0,1,0,TRAINING,0.0,0.0,0.0
140,0.0,0.8,0.3333333333333333,0.4,0.25,1,0,0,1,0,0,0,1,0,0,0,0,1,0,TRAINING,0.0,0.0,0.0
140,0.0,0.3333333333333333,0.3333333333333333,0.5714285714285714,0.6666666666666666,1,0,1,0,0,0,0,1,0,0,0,0,1,0,TRAINING,0.0,0.0,0.0
142,0.0,0.3333333333333333,0.3333333333333333,0.2857142857142857,0.6666666666666666,1,0,1,0,0,0,1,0,0,0,0,0,1,0,TESTING,1000.0,0.0,0.0
142,0.0,0.8,0.3333333333333333,0.4,0.25,1,0,0,1,0,0,1,0,0,0,0,0,1,0,TESTING,-1000.0,0.0,0.0
142,0.0,0.2857142857142857,0.3333333333333333,0.0,0.0,1,0,0,0,1,0,1,0,0,0,0,0,1,0,TESTING,-1000.0,0.0,0.0
142,0.0,1.0,1.0,1.0,1.0,1,0,0,0,0,1,1,0,0,0,0,0,1,0,TESTING,,,
143,0.0,0.5,0.6666666666666666,0.5714285714285714,0.6666666666666666,0,1,1,0,0,0,0,0,1,0,0,0,1,0,TESTING,0.0,0.0,0.0
143,0.0,0.8,0.3333333333333333,0.6,0.5,0,1,0,1,0,0,0,0,1,0,0,0,1,0,TESTING,-2000.0,0.0,0.0
143,0.0,0.2857142857142857,0.3333333333333333,0.0,0.0,0,1,0,0,1,0,0,0,1,0,0,0,1,0,TESTING,5400.0,0.0,0.0
143,0.0,1.0,1.0,1.0,0.6666666666666666,0,1,0,0,0,1,0,0,1,0,0,0,1,0,TESTING,,,
146,0.0,0.42857142857142855,0.5555555555555556,0.0,0.3333333333333333,1,0,0,0,1,0,0,1,0,0,0,0,1,0,TESTING,0.0,0.0,0.0
146,0.0,1.0,1.0,1.0,1.0,1,0,0,0,0,1,0,1,0,0,0,0,1,0,TESTING,,,
146,0.0,0.5,0.6666666666666666,0.7142857142857143,0.6666666666666666,1,0,1,0,0,0,0,1,0,0,0,0,1,0,TESTING,0.0,0.0,0.0
146,0.0,0.8,0.3333333333333333,0.6,0.75,1,0,0,1,0,0,0,1,0,0,0,0,1,0,TESTING,0.0,0.0,0.0
147,0.0,1.0,1.0,1.0,0.6666666666666666,1,0,0,0,0,1,0,1,0,0,0,0,1,0,TESTING,,,
147,0.0,0.2857142857142857,0.3333333333333333,0.0,0.0,1,0,0,0,1,0,0,1,0,0,0,0,1,0,TESTING,-1500.0,0.0,0.0
147,0.0,0.8,0.3333333333333333,0.4,0.25,1,0,0,1,0,0,0,1,0,0,0,0,1,0,TESTING,-4050.0,0.0,0.0
147,0.0,0.3333333333333333,0.3333333333333333,0.5714285714285714,0.3333333333333333,1,0,1,0,0,0,0,1,0,0,0,0,1,0,TESTING,6050.0,0.0,0.0
149,0.0,0.5,0.3333333333333333,0.7142857142857143,0.6666666666666666,1,0,1,0,0,0,0,1,0,0,0,0,1,0,TRAINING,0.0,0.0,0.0
149,0.0,0.8,0.3333333333333333,0.4,0.25,1,0,0,1,0,0,0,1,0,0,0,0,1,0,TRAINING,0.0,0.0,0.0
149,0.0,0.2857142857142857,0.3333333333333333,0.0,0.0,1,0,0,0,1,0,0,1,0,0,0,0,1,0,TRAINING,0.0,0.0,0.0
149,0.0,0.75,0.6666666666666666,1.0,0.6666666666666666,1,0,0,0,0,1,0,1,0,0,0,0,1,0,TRAINING,,,
151,0.0,0.3333333333333333,0.3333333333333333,0.5714285714285714,1.0,0,1,1,0,0,0,0,1,0,0,0,0,1,0,TRAINING,1000.0,0.0,0.0
151,0.0,0.8,0.3333333333333333,0.4,0.5,0,1,0,1,0,0,0,1,0,0,0,0,1,0,TRAINING,1500.0,0.0,0.0
151,0.0,0.2857142857142857,0.5555555555555556,0.0,0.3333333333333333,0,1,0,0,1,0,0,1,0,0,0,0,1,0,TRAINING,7500.0,0.0,0.0
151,0.0,1.0,1.0,1.0,1.0,0,1,0,0,0,1,0,1,0,0,0,0,1,0,TRAINING,,,
152,0.0,0.8,0.3333333333333333,0.4,0.5,0,1,0,1,0,0,0,0,0,0,0,1,1,0,TRAINING,0.0,0.0,0.0
152,0.0,0.5,0.6666666666666666,0.7142857142857143,0.6666666666666666,0,1,1,0,0,0,0,0,0,0,0,1,1,0,TRAINING,0.0,0.0,0.0
152,0.0,0.2857142857142857,0.4444444444444444,0.0,0.0,0,1,0,0,1,0,0,0,0,0,0,1,1,0,TRAINING,0.0,0.0,0.0
152,0.0,1.0,1.0,1.0,1.0,0,1,0,0,0,1,0,0,0,0,0,1,1,0,TRAINING,,,
153,0.0,1.0,1.0,1.0,0.6666666666666666,0,1,0,0,0,1,0,0,0,0,0,1,1,0,TESTING,,,
153,0.0,0.2857142857142857,0.3333333333333333,0.0,0.0,0,1,0,0,1,0,0,0,0,0,0,1,1,0,TESTING,1300.0,0.0,0.0
153,0.0,0.3333333333333333,0.6666666666666666,0.7142857142857143,0.6666666666666666,0,1,1,0,0,0,0,0,0,0,0,1,1,0,TESTING,-1500.0,-500.0,-500.0
153,0.0,0.8,0.3333333333333333,0.4,0.25,0,1,0,1,0,0,0,0,0,0,0,1,1,0,TESTING,750.0,0.0,0.0
155,0.0,1.0,1.0,1.0,1.0,1,0,0,0,0,1,0,0,0,0,0,1,1,0,TRAINING,,,
155,0.0,0.3333333333333333,0.3333333333333333,0.5714285714285714,0.6666666666666666,1,0,1,0,0,0,0,0,0,0,0,1,1,0,TRAINING,0.0,0.0,0.0
155,0.0,0.8,0.3333333333333333,0.4,0.25,1,0,0,1,0,0,0,0,0,0,0,1,1,0,TRAINING,0.0,0.0,0.0
155,0.0,0.14285714285714285,0.3333333333333333,0.0,0.0,1,0,0,0,1,0,0,0,0,0,0,1,1,0,TRAINING,0.0,0.0,0.0
157,0.0,0.2857142857142857,0.4444444444444444,0.0,0.3333333333333333,1,0,0,0,1,0,0,0,0,0,0,1,1,0,TRAINING,-2500.0,0.0,0.0
157,0.0,1.0,1.0,1.0,1.0,1,0,0,0,0,1,0,0,0,0,0,1,1,0,TRAINING,,,
157,0.0,0.6666666666666666,0.3333333333333333,0.7142857142857143,0.6666666666666666,1,0,1,0,0,0,0,0,0,0,0,1,1,0,TRAINING,1500.0,0.0,0.0
157,0.0,0.8,0.3333333333333333,0.6,0.5,1,0,0,1,0,0,0,0,0,0,0,1,1,0,TRAINING,1000.0,0.0,0.0
158,0.0,1.0,0.6666666666666666,1.0,0.6666666666666666,0,1,0,0,0,1,0,1,0,0,0,0,1,0,TRAINING,,,
158,0.0,0.42857142857142855,0.3333333333333333,0.0,0.0,0,1,0,0,1,0,0,1,0,0,0,0,1,0,TRAINING,0.0,0.0,0.0
158,0.0,0.3333333333333333,0.3333333333333333,0.5714285714285714,0.6666666666666666,0,1,1,0,0,0,0,1,0,0,0,0,1,0,TRAINING,0.0,0.0,0.0
158,0.0,0.6,0.6666666666666666,0.4,0.25,0,1,0,1,0,0,0,1,0,0,0,0,1,0,TRAINING,0.0,0.0,0.0
160,0.0,0.3333333333333333,0.0,0.5714285714285714,0.6666666666666666,0,1,1,0,0,0,0,0,0,0,0,1,1,0,TRAINING,3700.0,0.0,0.0
160,0.0,0.8,0.3333333333333333,0.4,0.25,0,1,0,1,0,0,0,0,0,0,0,1,1,0,TRAINING,-5200.0,0.0,0.0
160,0.0,0.2857142857142857,0.3333333333333333,0.0,0.0,0,1,0,0,1,0,0,0,0,0,0,1,1,0,TRAINING,0.0,0.0,0.0
160,0.0,1.0,1.0,1.0,1.0,0,1,0,0,0,1,0,0,0,0,0,1,1,0,TRAINING,,,
161,0.0,1.0,1.0,1.0,1.0,0,1,0,0,0,1,1,0,0,0,0,0,1,0,TESTING,,,
161,0.0,0.5,0.6666666666666666,0.7142857142857143,0.6666666666666666,0,1,1,0,0,0,1,0,0,0,0,0,1,0,TESTING,0.0,0.0,0.0
161,0.0,0.8,0.3333333333333333,0.6,0.5,0,1,0,1,0,0,1,0,0,0,0,0,1,0,TESTING,4200.0,0.0,0.0
161,0.0,0.42857142857142855,0.6666666666666666,0.0,0.3333333333333333,0,1,0,0,1,0,1,0,0,0,0,0,1,0,TESTING,-4200.0,1000.0,1000.0
162,0.0,1.0,1.0,1.0,1.0,0,1,0,0,0,1,0,0,0,0,0,1,1,0,TRAINING,,,
162,0.0,0.2857142857142857,0.3333333333333333,0.0,0.0,0,1,0,0,1,0,0,0,0,0,0,1,1,0,TRAINING,0.0,-45.0,-45.0
162,0.0,0.8,0.3333333333333333,0.4,0.25,0,1,0,1,0,0,0,0,0,0,0,1,1,0,TRAINING,-1000.0,50.0,50.0
162,0.0,0.5,0.0,0.7142857142857143,0.6666666666666666,0,1,1,0,0,0,0,0,0,0,0,1,1,0,TRAINING,1000.0,0.0,0.0
163,0.0,1.0,1.0,1.0,1.0,1,0,0,0,0,1,0,0,0,0,0,1,1,0,TESTING,,,
163,0.0,0.8333333333333334,0.6666666666666666,0.7142857142857143,0.6666666666666666,1,0,1,0,0,0,0,0,0,0,0,1,1,0,TESTING,1550.0,0.0,0.0
163,0.0,0.8,0.3333333333333333,0.6,0.5,1,0,0,1,0,0,0,0,0,0,0,1,1,0,TESTING,725.0,0.0,0.0
163,0.0,0.2857142857142857,0.4444444444444444,0.0,0.0,1,0,0,0,1,0,0,0,0,0,0,1,1,0,TESTING,2547.0,396.0,396.0
166,0.0,0.8,0.3333333333333333,0.6,0.25,0,1,0,1,0,0,0,0,1,0,0,0,1,0,TESTING,-2500.0,0.0,0.0
166,0.0,0.2857142857142857,0.5555555555555556,0.0,0.0,0,1,0,0,1,0,0,0,1,0,0,0,1,0,TESTING,-800.0,0.0,0.0
166,0.0,0.6666666666666666,0.6666666666666666,0.7142857142857143,0.6666666666666666,0,1,1,0,0,0,0,0,1,0,0,0,1,0,TESTING,2350.0,0.0,0.0
166,0.0,1.0,1.0,1.0,1.0,0,1,0,0,0,1,0,0,1,0,0,0,1,0,TESTING,,,
167,0.0,1.0,1.0,1.0,1.0,0,1,0,0,0,1,1,0,0,0,0,0,1,0,TRAINING,,,
167,0.0,0.2857142857142857,0.3333333333333333,0.0,0.0,0,1,0,0,1,0,1,0,0,0,0,0,1,0,TRAINING,0.0,0.0,0.0
167,0.0,0.6,0.0,0.2,0.0,0,1,0,1,0,0,1,0,0,0,0,0,1,0,TRAINING,0.0,0.0,0.0
167,0.0,0.3333333333333333,0.3333333333333333,0.5714285714285714,0.6666666666666666,0,1,1,0,0,0,1,0,0,0,0,0,1,0,TRAINING,-2500.0,0.0,0.0
168,0.0,0.3333333333333333,0.3333333333333333,0.42857142857142855,0.6666666666666666,0,1,1,0,0,0,0,0,0,0,0,1,1,0,TESTING,-1000.0,0.0,0.0
168,0.0,0.8,0.3333333333333333,0.4,0.5,0,1,0,1,0,0,0,0,0,0,0,1,1,0,TESTING,0.0,0.0,0.0
168,0.0,0.2857142857142857,0.3333333333333333,0.0,0.0,0,1,0,0,1,0,0,0,0,0,0,1,1,0,TESTING,0.0,0.0,0.0
168,0.0,1.0,1.0,1.0,1.0,0,1,0,0,0,1,0,0,0,0,0,1,1,0,TESTING,,,
169,0.0,0.5,0.3333333333333333,0.7142857142857143,0.6666666666666666,0,1,1,0,0,0,0,0,1,0,0,0,1,0,TRAINING,0.0,0.0,0.0
169,0.0,0.8,0.3333333333333333,0.4,0.5,0,1,0,1,0,0,0,0,1,0,0,0,1,0,TRAINING,0.0,0.0,0.0
169,0.0,0.2857142857142857,0.4444444444444444,0.0,0.3333333333333333,0,1,0,0,1,0,0,0,1,0,0,0,1,0,TRAINING,0.0,0.0,0.0
169,0.0,1.0,1.0,1.0,1.0,0,1,0,0,0,1,0,0,1,0,0,0,1,0,TRAINING,,,
170,0.0,1.0,0.6666666666666666,1.0,0.6666666666666666,0,1,0,0,0,1,0,0,0,0,0,1,1,0,TESTING,,,
170,0.0,0.5714285714285714,0.6666666666666666,0.25,0.3333333333333333,0,1,0,0,1,0,0,0,0,0,0,1,1,0,TESTING,-495.0,0.0,0.0
170,0.0,0.8,0.3333333333333333,0.6,0.75,0,1,0,1,0,0,0,0,0,0,0,1,1,0,TESTING,-1100.0,0.0,0.0
170,0.0,0.8333333333333334,0.6666666666666666,0.7142857142857143,0.6666666666666666,0,1,1,0,0,0,0,0,0,0,0,1,1,0,TESTING,4600.0,0.0,0.0
173,0.0,0.3333333333333333,0.3333333333333333,0.5714285714285714,0.0,1,0,1,0,0,0,0,0,0,0,0,1,1,0,TRAINING,0.0,0.0,0.0
173,0.0,0.8,0.3333333333333333,0.4,0.25,1,0,0,1,0,0,0,0,0,0,0,1,1,0,TRAINING,0.0,0.0,0.0
173,0.0,0.0,0.0,0.0,0.0,1,0,0,0,1,0,0,0,0,0,0,1,1,0,TRAINING,0.0,0.0,0.0
173,0.0,0.0,0.0,1.0,0.0,1,0,0,0,0,1,0,0,0,0,0,1,1,0,TRAINING,,,
175,0.0,0.5,0.3333333333333333,0.5714285714285714,0.6666666666666666,1,0,1,0,0,0,0,0,0,1,0,0,1,0,TESTING,500.0,0.0,0.0
175,0.0,0.8,0.3333333333333333,0.4,0.25,1,0,0,1,0,0,0,0,0,1,0,0,1,0,TESTING,-469.0,0.0,0.0
175,0.0,0.2857142857142857,0.3333333333333333,0.0,0.0,1,0,0,0,1,0,0,0,0,1,0,0,1,0,TESTING,139.0,0.0,0.0
175,0.0,0.5,0.6666666666666666,1.0,1.0,1,0,0,0,0,1,0,0,0,1,0,0,1,0,TESTING,,,
179,0.0,0.2857142857142857,0.4444444444444444,0.0,0.3333333333333333,1,0,0,0,1,0,0,0,0,0,0,1,1,0,TESTING,15.0,404.0,404.0
179,0.0,1.0,1.0,1.0,1.0,1,0,0,0,0,1,0,0,0,0,0,1,1,0,TESTING,,,
179,0.0,0.8333333333333334,0.6666666666666666,0.7142857142857143,0.6666666666666666,1,0,1,0,0,0,0,0,0,0,0,1,1,0,TESTING,0.0,0.0,0.0
179,0.0,0.8,0.3333333333333333,0.6,0.75,1,0,0,1,0,0,0,0,0,0,0,1,1,0,TESTING,0.0,0.0,0.0
180,0.0,0.3333333333333333,0.3333333333333333,0.5714285714285714,0.6666666666666666,0,1,1,0,0,0,0,0,0,0,0,1,1,0,TRAINING,0.0,0.0,0.0
180,0.0,0.6,0.0,0.2,0.0,0,1,0,1,0,0,0,0,0,0,0,1,1,0,TRAINING,0.0,0.0,0.0
180,0.0,0.42857142857142855,0.3333333333333333,0.25,0.0,0,1,0,0,1,0,0,0,0,0,0,1,1,0,TRAINING,0.0,0.0,0.0
180,0.0,1.0,1.0,1.0,1.0,0,1,0,0,0,1,0,0,0,0,0,1,1,0,TRAINING,,,
183,0.0,0.5,0.6666666666666666,0.7142857142857143,0.6666666666666666,1,0,1,0,0,0,0,0,0,0,0,1,1,0,TESTING,1000.0,1000.0,1000.0
183,0.0,0.8,0.3333333333333333,0.4,0.5,1,0,0,1,0,0,0,0,0,0,0,1,1,0,TESTING,0.0,-1000.0,-1000.0
183,0.0,0.42857142857142855,0.5555555555555556,0.0,0.3333333333333333,1,0,0,0,1,0,0,0,0,0,0,1,1,0,TESTING,-975.0,396.0,396.0
183,0.0,1.0,1.0,1.0,1.0,1,0,0,0,0,1,0,0,0,0,0,1,1,0,TESTING,,,
186,0.0,0.14285714285714285,0.4444444444444444,0.0,0.0,1,0,0,0,1,0,1,0,0,0,0,0,1,0,TRAINING,0.0,0.0,0.0
186,0.0,0.75,1.0,1.0,1.0,1,0,0,0,0,1,1,0,0,0,0,0,1,0,TRAINING,,,
186,0.0,0.3333333333333333,0.3333333333333333,0.5714285714285714,0.6666666666666666,1,0,1,0,0,0,1,0,0,0,0,0,1,0,TRAINING,0.0,-500.0,-500.0
186,0.0,0.8,0.3333333333333333,0.4,0.25,1,0,0,1,0,0,1,0,0,0,0,0,1,0,TRAINING,0.0,0.0,0.0
187,0.0,0.3333333333333333,0.3333333333333333,0.5714285714285714,0.6666666666666666,0,1,1,0,0,0,0,1,0,0,0,0,1,0,TESTING,-250.0,-2000.0,-2000.0
187,0.0,0.8,0.3333333333333333,0.4,0.25,0,1,0,1,0,0,0,1,0,0,0,0,1,0,TESTING,250.0,0.0,0.0
187,0.0,0.2857142857142857,0.2222222222222222,0.0,0.0,0,1,0,0,1,0,0,1,0,0,0,0,1,0,TESTING,750.0,0.0,0.0
187,0.0,1.0,0.6666666666666666,1.0,0.6666666666666666,0,1,0,0,0,1,0,1,0,0,0,0,1,0,TESTING,,,
188,0.0,0.6666666666666666,0.6666666666666666,0.7142857142857143,0.6666666666666666,0,1,1,0,0,0,0,0,0,0,0,1,1,0,TRAINING,5200.0,1250.0,1250.0
188,0.0,0.8,0.3333333333333333,0.6,0.75,0,1,0,1,0,0,0,0,0,0,0,1,1,0,TRAINING,1200.0,19600.0,19600.0
188,0.0,0.42857142857142855,0.6666666666666666,0.0,0.3333333333333333,0,1,0,0,1,0,0,0,0,0,0,1,1,0,TRAINING,-965.0,-5100.0,-5100.0
188,0.0,1.0,1.0,1.0,1.0,0,1,0,0,0,1,0,0,0,0,0,1,1,0,TRAINING,,,
189,0.0,1.0,1.0,1.0,1.0,1,0,0,0,0,1,0,1,0,0,0,0,1,0,TESTING,,,
189,0.0,0.5,0.3333333333333333,0.5714285714285714,0.6666666666666666,1,0,1,0,0,0,0,1,0,0,0,0,1,0,TESTING,-1000.0,0.0,0.0
189,0.0,0.8,0.3333333333333333,0.4,0.25,1,0,0,1,0,0,0,1,0,0,0,0,1,0,TESTING,2700.0,0.0,0.0
189,0.0,0.14285714285714285,0.6666666666666666,0.0,0.0,1,0,0,0,1,0,0,1,0,0,0,0,1,0,TESTING,-2700.0,0.0,0.0
192,0.0,0.2857142857142857,0.3333333333333333,0.0,0.0,0,1,0,0,1,0,0,0,1,0,0,0,1,0,TESTING,0.0,0.0,0.0
192,0.0,1.0,1.0,1.0,1.0,0,1,0,0,0,1,0,0,1,0,0,0,1,0,TESTING,,,
192,0.0,0.5,0.3333333333333333,0.5714285714285714,0.6666666666666666,0,1,1,0,0,0,0,0,1,0,0,0,1,0,TESTING,-500.0,0.0,0.0
192,0.0,0.8,0.3333333333333333,0.6,0.25,0,1,0,1,0,0,0,0,1,0,0,0,1,0,TESTING,0.0,0.0,0.0
194,0.0,0.42857142857142855,0.6666666666666666,0.0,0.3333333333333333,0,1,0,0,1,0,0,1,0,0,0,0,1,0,TRAINING,0.0,0.0,0.0
194,0.0,1.0,1.0,1.0,1.0,0,1,0,0,0,1,0,1,0,0,0,0,1,0,TRAINING,,,
194,0.0,0.5,0.3333333333333333,0.7142857142857143,0.6666666666666666,0,1,1,0,0,0,0,1,0,0,0,0,1,0,TRAINING,0.0,0.0,0.0
194,0.0,0.8,0.3333333333333333,0.4,0.75,0,1,0,1,0,0,0,1,0,0,0,0,1,0,TRAINING,0.0,0.0,0.0
195,0.0,0.42857142857142855,0.6666666666666666,0.0,0.3333333333333333,0,1,0,0,1,0,0,0,1,0,0,0,1,0,TESTING,0.0,0.0,0.0
195,0.0,1.0,1.0,1.0,1.0,0,1,0,0,0,1,0,0,1,0,0,0,1,0,TESTING,,,
195,0.0,0.5,0.3333333333333333,0.7142857142857143,0.6666666666666666,0,1,1,0,0,0,0,0,1,0,0,0,1,0,TESTING,0.0,0.0,0.0
195,0.0,0.8,0.3333333333333333,0.4,0.5,0,1,0,1,0,0,0,0,1,0,0,0,1,0,TESTING,0.0,0.0,0.0
196,0.0,0.6666666666666666,0.3333333333333333,0.7142857142857143,0.6666666666666666,0,1,1,0,0,0,0,0,0,0,0,1,1,0,TRAINING,0.0,0.0,0.0
196,0.0,0.8,0.3333333333333333,0.6,0.5,0,1,0,1,0,0,0,0,0,0,0,1,1,0,TRAINING,1000.0,0.0,0.0
196,0.0,0.2857142857142857,0.5555555555555556,0.0,0.3333333333333333,0,1,0,0,1,0,0,0,0,0,0,1,1,0,TRAINING,-500.0,0.0,0.0
196,0.0,1.0,1.0,1.0,1.0,0,1,0,0,0,1,0,0,0,0,0,1,1,0,TRAINING,,,
198,0.0,0.3333333333333333,0.3333333333333333,0.5714285714285714,0.6666666666666666,0,1,1,0,0,0,0,0,0,0,0,1,1,0,TRAINING,-2500.0,0.0,0.0
198,0.0,0.6,0.0,0.2,0.0,0,1,0,1,0,0,0,0,0,0,0,1,1,0,TRAINING,0.0,0.0,0.0
198,0.0,0.42857142857142855,0.3333333333333333,0.25,0.0,0,1,0,0,1,0,0,0,0,0,0,1,1,0,TRAINING,0.0,0.0,0.0
198,0.0,1.0,1.0,1.0,1.0,0,1,0,0,0,1,0,0,0,0,0,1,1,0,TRAINING,,,
199,0.0,0.3333333333333333,0.3333333333333333,0.5714285714285714,0.6666666666666666,1,0,1,0,0,0,0,1,0,0,0,0,1,0,TESTING,0.0,0.0,0.0
199,0.0,0.8,0.3333333333333333,0.4,0.25,1,0,0,1,0,0,0,1,0,0,0,0,1,0,TESTING,0.0,0.0,0.0
199,0.0,0.2857142857142857,0.3333333333333333,0.0,0.0,1,0,0,0,1,0,0,1,0,0,0,0,1,0,TESTING,0.0,0.0,0.0
199,0.0,1.0,1.0,1.0,1.0,1,0,0,0,0,1,0,1,0,0,0,0,1,0,TESTING,,,
200,0.0,0.5,0.3333333333333333,1.0,0.3333333333333333,0,1,0,0,0,1,0,0,0,0,0,1,0,1,TRAINING,,,
200,0.0,0.8571428571428571,0.7777777777777778,1.0,1.0,0,1,0,0,1,0,0,0,0,0,0,1,0,1,TRAINING,0.0,0.0,0.0
200,0.0,1.0,1.0,0.5714285714285714,1.0,0,1,1,0,0,0,0,0,0,0,0,1,0,1,TRAINING,0.0,0.0,0.0
200,0.0,1.0,0.6666666666666666,0.8,1.0,0,1,0,1,0,0,0,0,0,0,0,1,0,1,TRAINING,0.0,0.0,0.0
204,0.0,0.8333333333333334,0.6666666666666666,0.7142857142857143,0.6666666666666666,0,1,1,0,0,0,0,0,0,0,0,1,0,1,TESTING,0.0,0.0,0.0
204,0.0,0.8,0.6666666666666666,0.8,1.0,0,1,0,1,0,0,0,0,0,0,0,1,0,1,TESTING,0.0,0.0,0.0
204,0.0,0.7142857142857143,0.8888888888888888,1.0,1.0,0,1,0,0,1,0,0,0,0,0,0,1,0,1,TESTING,0.0,0.0,0.0
204,0.0,0.25,0.3333333333333333,1.0,0.3333333333333333,0,1,0,0,0,1,0,0,0,0,0,1,0,1,TESTING,,,
207,0.0,0.25,0.3333333333333333,1.0,0.3333333333333333,0,1,0,0,0,1,0,0,0,0,0,1,0,1,TESTING,,,
207,0.0,0.8333333333333334,0.6666666666666666,0.7142857142857143,0.3333333333333333,0,1,1,0,0,0,0,0,0,0,0,1,0,1,TESTING,0.0,0.0,0.0
207,0.0,1.0,0.6666666666666666,0.8,1.0,0,1,0,1,0,0,0,0,0,0,0,1,0,1,TESTING,6000.0,0.0,0.0
207,0.0,0.8571428571428571,0.8888888888888888,1.0,1.0,0,1,0,0,1,0,0,0,0,0,0,1,0,1,TESTING,-1000.0,0.0,0.0
208,0.0,0.25,0.3333333333333333,1.0,0.3333333333333333,0,1,0,0,0,1,0,0,0,0,0,1,0,1,TESTING,,,
208,0.0,0.8571428571428571,0.8888888888888888,1.0,1.0,0,1,0,0,1,0,0,0,0,0,0,1,0,1,TESTING,-1000.0,0.0,0.0
208,0.0,0.8333333333333334,0.3333333333333333,0.7142857142857143,0.6666666666666666,0,1,1,0,0,0,0,0,0,0,0,1,0,1,TESTING,0.0,0.0,0.0
208,0.0,0.6,0.6666666666666666,0.8,1.0,0,1,0,1,0,0,0,0,0,0,0,1,0,1,TESTING,1000.0,0.0,0.0
209,0.0,0.8333333333333334,0.6666666666666666,0.7142857142857143,0.6666666666666666,0,1,1,0,0,0,0,0,0,0,0,1,0,1,TRAINING,0.0,0.0,0.0
209,0.0,1.0,0.6666666666666666,0.8,1.0,0,1,0,1,0,0,0,0,0,0,0,1,0,1,TRAINING,0.0,0.0,0.0
209,0.0,0.8571428571428571,0.8888888888888888,1.0,1.0,0,1,0,0,1,0,0,0,0,0,0,1,0,1,TRAINING,0.0,0.0,0.0
209,0.0,0.5,0.3333333333333333,1.0,0.3333333333333333,0,1,0,0,0,1,0,0,0,0,0,1,0,1,TRAINING,,,
213,0.0,0.8333333333333334,0.6666666666666666,0.7142857142857143,0.3333333333333333,0,1,1,0,0,0,0,0,0,0,0,1,0,1,TRAINING,0.0,0.0,0.0
213,0.0,0.0,0.6666666666666666,0.0,1.0,0,1,0,1,0,0,0,0,0,0,0,1,0,1,TRAINING,0.0,0.0,0.0
213,0.0,0.8571428571428571,0.8888888888888888,1.0,1.0,0,1,0,0,1,0,0,0,0,0,0,1,0,1,TRAINING,0.0,0.0,0.0
213,0.0,0.0,0.3333333333333333,1.0,0.3333333333333333,0,1,0,0,0,1,0,0,0,0,0,1,0,1,TRAINING,,,
214,0.0,0.5,0.3333333333333333,1.0,0.3333333333333333,0,1,0,0,0,1,0,0,0,0,0,1,0,1,TRAINING,,,
214,0.0,0.8571428571428571,0.8888888888888888,1.0,1.0,0,1,0,0,1,0,0,0,0,0,0,1,0,1,TRAINING,-1000.0,0.0,0.0
214,0.0,0.8,0.6666666666666666,0.8,1.0,0,1,0,1,0,0,0,0,0,0,0,1,0,1,TRAINING,0.0,0.0,0.0
214,0.0,0.8333333333333334,0.6666666666666666,0.7142857142857143,0.6666666666666666,0,1,1,0,0,0,0,0,0,0,0,1,0,1,TRAINING,0.0,0.0,0.0
216,0.0,0.8333333333333334,0.6666666666666666,0.7142857142857143,0.6666666666666666,0,1,1,0,0,0,0,0,0,0,1,0,0,1,TESTING,0.0,0.0,0.0
216,0.0,1.0,0.6666666666666666,0.8,1.0,0,1,0,1,0,0,0,0,0,0,1,0,0,1,TESTING,0.0,0.0,0.0
216,0.0,0.8571428571428571,0.7777777777777778,1.0,1.0,0,1,0,0,1,0,0,0,0,0,1,0,0,1,TESTING,0.0,0.0,0.0
216,0.0,0.5,0.3333333333333333,1.0,0.3333333333333333,0,1,0,0,0,1,0,0,0,0,1,0,0,1,TESTING,,,
219,0.0,0.8333333333333334,0.6666666666666666,0.7142857142857143,0.6666666666666666,0,1,1,0,0,0,0,0,1,0,0,0,0,1,TESTING,0.0,0.0,0.0
219,0.0,1.0,0.6666666666666666,0.8,1.0,0,1,0,1,0,0,0,0,1,0,0,0,0,1,TESTING,0.0,0.0,0.0
219,0.0,0.5714285714285714,0.7777777777777778,0.75,1.0,0,1,0,0,1,0,0,0,1,0,0,0,0,1,TESTING,0.0,0.0,0.0
219,0.0,0.5,0.3333333333333333,1.0,0.3333333333333333,0,1,0,0,0,1,0,0,1,0,0,0,0,1,TESTING,,,
228,0.0,0.8571428571428571,0.8888888888888888,1.0,1.0,1,0,0,0,1,0,0,0,0,0,0,1,0,1,TESTING,0.0,0.0,0.0
228,0.0,0.5,0.3333333333333333,1.0,0.3333333333333333,1,0,0,0,0,1,0,0,0,0,0,1,0,1,TESTING,,,
228,0.0,0.6666666666666666,0.6666666666666666,0.5714285714285714,0.3333333333333333,1,0,1,0,0,0,0,0,0,0,0,1,0,1,TESTING,0.0,0.0,0.0
228,0.0,0.8,0.6666666666666666,1.0,0.75,1,0,0,1,0,0,0,0,0,0,0,1,0,1,TESTING,0.0,0.0,0.0
229,0.0,0.5,0.3333333333333333,1.0,0.3333333333333333,0,1,0,0,0,1,0,0,0,0,0,1,0,1,TRAINING,,,
229,0.0,0.7142857142857143,0.8888888888888888,0.75,1.0,0,1,0,0,1,0,0,0,0,0,0,1,0,1,TRAINING,0.0,0.0,0.0
229,0.0,0.8,0.6666666666666666,0.8,1.0,0,1,0,1,0,0,0,0,0,0,0,1,0,1,TRAINING,0.0,0.0,0.0
229,0.0,0.8333333333333334,0.3333333333333333,0.7142857142857143,1.0,0,1,1,0,0,0,0,0,0,0,0,1,0,1,TRAINING,0.0,0.0,0.0
235,0.0,0.5,0.3333333333333333,0.42857142857142855,0.3333333333333333,0,1,1,0,0,0,0,0,0,0,0,1,0,1,TESTING,0.0,0.0,0.0
235,0.0,0.2,0.0,0.0,0.5,0,1,0,1,0,0,0,0,0,0,0,1,0,1,TESTING,0.0,0.0,0.0
235,0.0,0.2857142857142857,0.0,0.0,0.0,0,1,0,0,1,0,0,0,0,0,0,1,0,1,TESTING,0.0,0.0,0.0
235,0.0,0.0,0.0,1.0,0.0,0,1,0,0,0,1,0,0,0,0,0,1,0,1,TESTING,,,
236,0.0,0.8333333333333334,0.6666666666666666,0.7142857142857143,0.6666666666666666,0,1,1,0,0,0,0,0,0,0,0,1,0,1,TRAINING,0.0,0.0,0.0
236,0.0,1.0,0.6666666666666666,0.8,1.0,0,1,0,1,0,0,0,0,0,0,0,1,0,1,TRAINING,0.0,0.0,0.0
236,0.0,0.2857142857142857,1.0,0.75,1.0,0,1,0,0,1,0,0,0,0,0,0,1,0,1,TRAINING,0.0,0.0,0.0
236,0.0,0.75,0.6666666666666666,1.0,0.6666666666666666,0,1,0,0,0,1,0,0,0,0,0,1,0,1,TRAINING,,,
237,0.0,0.8571428571428571,0.8888888888888888,1.0,1.0,0,1,0,0,1,0,0,0,0,0,0,1,0,1,TRAINING,0.0,0.0,0.0
237,0.0,0.25,0.3333333333333333,1.0,0.3333333333333333,0,1,0,0,0,1,0,0,0,0,0,1,0,1,TRAINING,,,
237,0.0,0.8333333333333334,0.6666666666666666,0.7142857142857143,0.6666666666666666,0,1,1,0,0,0,0,0,0,0,0,1,0,1,TRAINING,0.0,0.0,0.0
237,0.0,0.6,0.3333333333333333,0.6,0.75,0,1,0,1,0,0,0,0,0,0,0,1,0,1,TRAINING,0.0,0.0,0.0
242,0.0,0.8333333333333334,0.6666666666666666,0.7142857142857143,0.6666666666666666,0,1,1,0,0,0,0,0,0,0,0,1,0,1,TESTING,0.0,0.0,0.0
242,0.0,1.0,0.6666666666666666,0.8,1.0,0,1,0,1,0,0,0,0,0,0,0,1,0,1,TESTING,0.0,0.0,0.0
242,0.0,0.7142857142857143,0.8888888888888888,1.0,1.0,0,1,0,0,1,0,0,0,0,0,0,1,0,1,TESTING,0.0,0.0,0.0
242,0.0,0.5,0.3333333333333333,1.0,0.3333333333333333,0,1,0,0,0,1,0,0,0,0,0,1,0,1,TESTING,,,
249,0.0,0.8333333333333334,0.6666666666666666,0.7142857142857143,0.6666666666666666,0,1,1,0,0,0,0,0,0,0,0,1,0,1,TESTING,1000.0,0.0,0.0
249,0.0,1.0,0.6666666666666666,0.8,1.0,0,1,0,1,0,0,0,0,0,0,0,1,0,1,TESTING,0.0,0.0,0.0
249,0.0,0.8571428571428571,0.8888888888888888,1.0,1.0,0,1,0,0,1,0,0,0,0,0,0,1,0,1,TESTING,1601.0,0.0,0.0
249,0.0,0.5,0.3333333333333333,1.0,0.3333333333333333,0,1,0,0,0,1,0,0,0,0,0,1,0,1,TESTING,,,
254,0.0,0.8333333333333334,0.3333333333333333,0.7142857142857143,0.6666666666666666,0,1,1,0,0,0,0,0,0,0,0,1,0,1,TRAINING,-1500.0,0.0,0.0
254,0.0,0.8,0.3333333333333333,0.6,0.75,0,1,0,1,0,0,0,0,0,0,0,1,0,1,TRAINING,-1000.0,0.0,0.0
254,0.0,0.8571428571428571,0.8888888888888888,1.0,1.0,0,1,0,0,1,0,0,0,0,0,0,1,0,1,TRAINING,0.0,0.0,0.0
254,0.0,0.5,0.3333333333333333,1.0,0.3333333333333333,0,1,0,0,0,1,0,0,0,0,0,1,0,1,TRAINING,,,
255,0.0,0.0,0.0,0.0,0.0,0,1,0,0,1,0,0,0,0,0,0,1,0,1,TESTING,0.0,0.0,0.0
255,0.0,0.0,0.0,1.0,0.0,0,1,0,0,0,1,0,0,0,0,0,1,0,1,TESTING,,,
255,0.0,0.0,0.0,0.0,0.0,0,1,0,1,0,0,0,0,0,0,0,1,0,1,TESTING,-1000.0,0.0,0.0
255,0.0,0.8333333333333334,0.6666666666666666,0.7142857142857143,0.6666666666666666,0,1,1,0,0,0,0,0,0,0,0,1,0,1,TESTING,-1500.0,0.0,0.0
260,0.0,0.6666666666666666,0.3333333333333333,0.5714285714285714,0.6666666666666666,0,1,1,0,0,0,0,0,0,0,0,1,0,1,TRAINING,0.0,0.0,0.0
260,0.0,0.6,0.6666666666666666,0.6,1.0,0,1,0,1,0,0,0,0,0,0,0,1,0,1,TRAINING,0.0,0.0,0.0
260,0.0,0.7142857142857143,0.7777777777777778,0.75,0.6666666666666666,0,1,0,0,1,0,0,0,0,0,0,1,0,1,TRAINING,0.0,0.0,0.0
260,0.0,0.0,0.3333333333333333,1.0,0.3333333333333333,0,1,0,0,0,1,0,0,0,0,0,1,0,1,TRAINING,,,
262,0.0,0.5,0.3333333333333333,1.0,0.3333333333333333,0,1,0,0,0,1,0,0,0,0,0,1,0,1,TESTING,,,
262,0.0,0.8333333333333334,0.6666666666666666,0.7142857142857143,0.6666666666666666,0,1,1,0,0,0,0,0,0,0,0,1,0,1,TESTING,-1500.0,0.0,0.0
262,0.0,1.0,0.6666666666666666,0.8,1.0,0,1,0,1,0,0,0,0,0,0,0,1,0,1,TESTING,2000.0,0.0,0.0
262,0.0,0.7142857142857143,0.7777777777777778,1.0,1.0,0,1,0,0,1,0,0,0,0,0,0,1,0,1,TESTING,-3000.0,0.0,0.0
263,0.0,0.5,0.6666666666666666,1.0,0.6666666666666666,0,1,0,0,0,1,0,0,0,0,0,1,0,1,TESTING,,,
263,0.0,0.7142857142857143,0.6666666666666666,1.0,1.0,0,1,0,0,1,0,0,0,0,0,0,1,0,1,TESTING,0.0,0.0,0.0
263,0.0,1.0,0.3333333333333333,0.8,1.0,0,1,0,1,0,0,0,0,0,0,0,1,0,1,TESTING,0.0,0.0,0.0
263,0.0,0.8333333333333334,0.6666666666666666,0.7142857142857143,0.6666666666666666,0,1,1,0,0,0,0,0,0,0,0,1,0,1,TESTING,0.0,0.0,0.0
267,0.0,0.5,0.3333333333333333,1.0,0.3333333333333333,0,1,0,0,0,1,0,0,0,0,0,1,0,1,TESTING,,,
267,0.0,0.8333333333333334,0.6666666666666666,0.7142857142857143,0.3333333333333333,0,1,1,0,0,0,0,0,0,0,0,1,0,1,TESTING,0.0,0.0,0.0
267,0.0,1.0,0.6666666666666666,0.8,1.0,0,1,0,1,0,0,0,0,0,0,0,1,0,1,TESTING,0.0,0.0,0.0
267,0.0,0.8571428571428571,0.8888888888888888,1.0,1.0,0,1,0,0,1,0,0,0,0,0,0,1,0,1,TESTING,0.0,0.0,0.0
270,0.0,0.7142857142857143,1.0,1.0,1.0,0,1,0,0,1,0,0,0,0,0,0,1,0,1,TRAINING,0.0,0.0,0.0
270,0.0,0.5,1.0,1.0,1.0,0,1,0,0,0,1,0,0,0,0,0,1,0,1,TRAINING,,,
270,0.0,0.8333333333333334,0.6666666666666666,0.7142857142857143,0.6666666666666666,0,1,1,0,0,0,0,0,0,0,0,1,0,1,TRAINING,-3000.0,0.0,0.0
270,0.0,1.0,0.6666666666666666,0.8,1.0,0,1,0,1,0,0,0,0,0,0,0,1,0,1,TRAINING,-2000.0,0.0,0.0
271,0.0,0.7142857142857143,1.0,1.0,1.0,0,1,0,0,1,0,0,0,0,0,0,1,0,1,TRAINING,1000.0,0.0,0.0
271,0.0,0.5,1.0,1.0,1.0,0,1,0,0,0,1,0,0,0,0,0,1,0,1,TRAINING,,,
271,0.0,0.8333333333333334,0.6666666666666666,0.7142857142857143,0.6666666666666666,0,1,1,0,0,0,0,0,0,0,0,1,0,1,TRAINING,-1000.0,0.0,0.0
271,0.0,1.0,0.6666666666666666,0.8,1.0,0,1,0,1,0,0,0,0,0,0,0,1,0,1,TRAINING,6000.0,0.0,0.0
273,0.0,0.25,0.3333333333333333,1.0,0.3333333333333333,0,1,0,0,0,1,0,0,0,0,0,1,0,1,TRAINING,,,
273,0.0,0.8571428571428571,0.7777777777777778,1.0,1.0,0,1,0,0,1,0,0,0,0,0,0,1,0,1,TRAINING,0.0,0.0,0.0
273,0.0,0.8,0.6666666666666666,0.8,1.0,0,1,0,1,0,0,0,0,0,0,0,1,0,1,TRAINING,0.0,0.0,0.0
273,0.0,0.8333333333333334,0.6666666666666666,0.7142857142857143,0.6666666666666666,0,1,1,0,0,0,0,0,0,0,0,1,0,1,TRAINING,0.0,0.0,0.0
276,0.0,0.8333333333333334,0.6666666666666666,0.7142857142857143,0.3333333333333333,0,1,1,0,0,0,0,0,0,0,0,1,0,1,TRAINING,0.0,0.0,0.0
276,0.0,0.0,0.6666666666666666,0.0,1.0,0,1,0,1,0,0,0,0,0,0,0,1,0,1,TRAINING,0.0,0.0,0.0
276,0.0,0.7142857142857143,0.8888888888888888,1.0,1.0,0,1,0,0,1,0,0,0,0,0,0,1,0,1,TRAINING,0.0,0.0,0.0
276,0.0,0.5,0.3333333333333333,1.0,0.3333333333333333,0,1,0,0,0,1,0,0,0,0,0,1,0,1,TRAINING,,,
283,0.0,0.8333333333333334,0.6666666666666666,0.7142857142857143,0.6666666666666666,0,1,1,0,0,0,0,0,0,0,0,1,0,1,TESTING,0.0,0.0,0.0
283,0.0,0.8,0.3333333333333333,0.6,0.75,0,1,0,1,0,0,0,0,0,0,0,1,0,1,TESTING,0.0,0.0,0.0
283,0.0,0.8571428571428571,0.8888888888888888,1.0,1.0,0,1,0,0,1,0,0,0,0,0,0,1,0,1,TESTING,0.0,0.0,0.0
283,0.0,0.5,0.3333333333333333,1.0,0.3333333333333333,0,1,0,0,0,1,0,0,0,0,0,1,0,1,TESTING,,,
284,0.0,0.7142857142857143,0.8888888888888888,1.0,1.0,1,0,0,0,1,0,0,0,0,0,0,1,0,1,TESTING,0.0,0.0,0.0
284,0.0,0.25,0.3333333333333333,1.0,0.3333333333333333,1,0,0,0,0,1,0,0,0,0,0,1,0,1,TESTING,,,
284,0.0,0.8333333333333334,0.6666666666666666,0.7142857142857143,0.6666666666666666,1,0,1,0,0,0,0,0,0,0,0,1,0,1,TESTING,0.0,0.0,0.0
284,0.0,0.6,0.6666666666666666,0.8,1.0,1,0,0,1,0,0,0,0,0,0,0,1,0,1,TESTING,0.0,0.0,0.0
285,0.0,0.8333333333333334,0.6666666666666666,0.7142857142857143,0.6666666666666666,0,1,1,0,0,0,0,0,0,0,0,1,0,1,TRAINING,0.0,0.0,0.0
285,0.0,0.8,0.6666666666666666,0.8,1.0,0,1,0,1,0,0,0,0,0,0,0,1,0,1,TRAINING,0.0,0.0,0.0
285,0.0,0.8571428571428571,0.8888888888888888,1.0,1.0,0,1,0,0,1,0,0,0,0,0,0,1,0,1,TRAINING,0.0,0.0,0.0
285,0.0,0.75,0.3333333333333333,1.0,0.3333333333333333,0,1,0,0,0,1,0,0,0,0,0,1,0,1,TRAINING,,,
288,0.0,0.6666666666666666,0.3333333333333333,0.7142857142857143,0.3333333333333333,0,1,1,0,0,0,0,0,0,0,0,1,0,1,TESTING,0.0,0.0,0.0
288,0.0,0.4,0.3333333333333333,0.6,0.75,0,1,0,1,0,0,0,0,0,0,0,1,0,1,TESTING,0.0,0.0,0.0
288,0.0,0.7142857142857143,0.8888888888888888,1.0,1.0,0,1,0,0,1,0,0,0,0,0,0,1,0,1,TESTING,0.0,0.0,0.0
288,0.0,0.0,0.3333333333333333,1.0,0.3333333333333333,0,1,0,0,0,1,0,0,0,0,0,1,0,1,TESTING,,,
290,0.0,0.8333333333333334,0.6666666666666666,0.7142857142857143,0.6666666666666666,0,1,1,0,0,0,0,0,0,0,0,1,0,1,TESTING,0.0,0.0,0.0
290,0.0,0.8,0.6666666666666666,0.8,1.0,0,1,0,1,0,0,0,0,0,0,0,1,0,1,TESTING,0.0,0.0,0.0
290,0.0,0.8571428571428571,0.8888888888888888,1.0,1.0,0,1,0,0,1,0,0,0,0,0,0,1,0,1,TESTING,0.0,0.0,0.0
290,0.0,0.5,0.3333333333333333,1.0,0.3333333333333333,0,1,0,0,0,1,0,0,0,0,0,1,0,1,TESTING,,,
292,0.0,0.25,0.3333333333333333,1.0,0.3333333333333333,0,1,0,0,0,1,0,0,0,0,0,1,0,1,TRAINING,,,
292,0.0,0.8571428571428571,0.8888888888888888,1.0,1.0,0,1,0,0,1,0,0,0,0,0,0,1,0,1,TRAINING,0.0,0.0,0.0
292,0.0,0.6,0.3333333333333333,0.8,1.0,0,1,0,1,0,0,0,0,0,0,0,1,0,1,TRAINING,0.0,0.0,0.0
292,0.0,0.8333333333333334,0.0,0.7142857142857143,0.3333333333333333,0,1,1,0,0,0,0,0,0,0,0,1,0,1,TRAINING,0.0,0.0,0.0
298,0.0,0.8333333333333334,0.6666666666666666,0.7142857142857143,0.6666666666666666,0,1,1,0,0,0,0,0,0,0,0,1,0,1,TRAINING,1000.0,0.0,0.0
298,0.0,0.8,0.6666666666666666,0.8,1.0,0,1,0,1,0,0,0,0,0,0,0,1,0,1,TRAINING,-3250.0,0.0,0.0
298,0.0,0.8571428571428571,0.8888888888888888,1.0,1.0,0,1,0,0,1,0,0,0,0,0,0,1,0,1,TRAINING,11250.0,0.0,0.0
298,0.0,0.5,0.3333333333333333,1.0,0.3333333333333333,0,1,0,0,0,1,0,0,0,0,0,1,0,1,TRAINING,,,
299,0.0,0.8333333333333334,0.3333333333333333,0.7142857142857143,0.6666666666666666,0,1,1,0,0,0,0,0,0,0,0,1,0,1,TESTING,0.0,0.0,0.0
299,0.0,0.4,0.3333333333333333,0.4,0.75,0,1,0,1,0,0,0,0,0,0,0,1,0,1,TESTING,0.0,0.0,0.0
299,0.0,0.8571428571428571,0.8888888888888888,1.0,1.0,0,1,0,0,1,0,0,0,0,0,0,1,0,1,TESTING,0.0,0.0,0.0
299,0.0,0.25,0.3333333333333333,1.0,0.3333333333333333,0,1,0,0,0,1,0,0,0,0,0,1,0,1,TESTING,,,
300,0.0,0.8333333333333334,0.6666666666666666,0.7142857142857143,0.3333333333333333,0,1,1,0,0,0,0,0,0,0,0,1,0,1,TRAINING,0.0,0.0,0.0
300,0.0,1.0,0.6666666666666666,0.8,1.0,0,1,0,1,0,0,0,0,0,0,0,1,0,1,TRAINING,0.0,0.0,0.0
300,0.0,0.8571428571428571,0.7777777777777778,1.0,0.6666666666666666,0,1,0,0,1,0,0,0,0,0,0,1,0,1,TRAINING,0.0,0.0,0.0
300,0.0,0.5,0.3333333333333333,1.0,0.3333333333333333,0,1,0,0,0,1,0,0,0,0,0,1,0,1,TRAINING,,,
302,0.0,0.5,0.3333333333333333,1.0,0.3333333333333333,0,1,0,0,0,1,0,0,0,0,0,1,0,1,TRAINING,,,
302,0.0,0.8571428571428571,0.8888888888888888,1.0,1.0,0,1,0,0,1,0,0,0,0,0,0,1,0,1,TRAINING,0.0,0.0,0.0
302,0.0,0.8333333333333334,0.6666666666666666,0.7142857142857143,0.6666666666666666,0,1,1,0,0,0,0,0,0,0,0,1,0,1,TRAINING,0.0,0.0,0.0
302,0.0,0.8,0.6666666666666666,0.8,1.0,0,1,0,1,0,0,0,0,0,0,0,1,0,1,TRAINING,0.0,0.0,0.0
304,0.0,0.6666666666666666,0.6666666666666666,0.7142857142857143,0.6666666666666666,0,1,1,0,0,0,0,0,0,0,0,1,0,1,TESTING,0.0,0.0,0.0
304,0.0,0.6,0.0,0.6,0.75,0,1,0,1,0,0,0,0,0,0,0,1,0,1,TESTING,0.0,0.0,0.0
304,0.0,0.8571428571428571,0.8888888888888888,1.0,1.0,0,1,0,0,1,0,0,0,0,0,0,1,0,1,TESTING,0.0,0.0,0.0
304,0.0,0.5,0.3333333333333333,1.0,0.3333333333333333,0,1,0,0,0,1,0,0,0,0,0,1,0,1,TESTING,,,
305,0.0,0.8333333333333334,0.3333333333333333,0.7142857142857143,0.6666666666666666,0,1,1,0,0,0,0,0,0,0,0,1,0,1,TESTING,-500.0,0.0,0.0
305,0.0,0.4,0.3333333333333333,0.6,0.75,0,1,0,1,0,0,0,0,0,0,0,1,0,1,TESTING,0.0,0.0,0.0
305,0.0,0.8571428571428571,0.8888888888888888,1.0,1.0,0,1,0,0,1,0,0,0,0,0,0,1,0,1,TESTING,0.0,0.0,0.0
305,0.0,0.0,0.3333333333333333,1.0,0.3333333333333333,0,1,0,0,0,1,0,0,0,0,0,1,0,1,TESTING,,,
306,0.0,0.25,0.0,1.0,0.3333333333333333,0,1,0,0,0,1,0,0,0,0,0,1,0,1,TESTING,,,
306,0.0,0.7142857142857143,0.8888888888888888,1.0,1.0,0,1,0,0,1,0,0,0,0,0,0,1,0,1,TESTING,0.0,0.0,0.0
306,0.0,0.8,0.6666666666666666,0.8,1.0,0,1,0,1,0,0,0,0,0,0,0,1,0,1,TESTING,-1000.0,0.0,0.0
306,0.0,0.8333333333333334,0.6666666666666666,0.7142857142857143,0.6666666666666666,0,1,1,0,0,0,0,0,0,0,0,1,0,1,TESTING,500.0,0.0,0.0
310,0.0,0.8333333333333334,0.6666666666666666,0.7142857142857143,0.3333333333333333,0,1,1,0,0,0,0,0,0,0,0,1,0,1,TRAINING,-500.0,0.0,0.0
310,0.0,0.8,0.6666666666666666,0.8,1.0,0,1,0,1,0,0,0,0,0,0,0,1,0,1,TRAINING,1000.0,0.0,0.0
310,0.0,0.7142857142857143,0.5555555555555556,0.75,0.6666666666666666,0,1,0,0,1,0,0,0,0,0,0,1,0,1,TRAINING,450.0,1000.0,1000.0
310,0.0,0.5,0.3333333333333333,1.0,0.3333333333333333,0,1,0,0,0,1,0,0,0,0,0,1,0,1,TRAINING,,,
315,0.0,0.8333333333333334,0.6666666666666666,0.7142857142857143,0.6666666666666666,0,1,1,0,0,0,0,0,0,0,0,1,0,1,TESTING,-250.0,0.0,0.0
315,0.0,0.8,0.6666666666666666,0.8,1.0,0,1,0,1,0,0,0,0,0,0,0,1,0,1,TESTING,1000.0,0.0,0.0
315,0.0,0.8571428571428571,0.8888888888888888,1.0,1.0,0,1,0,0,1,0,0,0,0,0,0,1,0,1,TESTING,-1500.0,0.0,0.0
315,0.0,0.5,0.3333333333333333,1.0,0.3333333333333333,0,1,0,0,0,1,0,0,0,0,0,1,0,1,TESTING,,,
317,0.0,0.8333333333333334,0.6666666666666666,0.7142857142857143,0.6666666666666666,0,1,1,0,0,0,0,0,0,0,0,1,0,1,TESTING,0.0,0.0,0.0
317,0.0,0.8,0.3333333333333333,0.6,0.75,0,1,0,1,0,0,0,0,0,0,0,1,0,1,TESTING,0.0,0.0,0.0
317,0.0,0.8571428571428571,0.8888888888888888,1.0,1.0,0,1,0,0,1,0,0,0,0,0,0,1,0,1,TESTING,0.0,0.0,0.0
317,0.0,0.0,0.3333333333333333,1.0,0.3333333333333333,0,1,0,0,0,1,0,0,0,0,0,1,0,1,TESTING,,,
320,0.0,0.5,0.3333333333333333,1.0,0.3333333333333333,0,1,0,0,0,1,0,0,0,0,0,1,0,1,TESTING,,,
320,0.0,0.8571428571428571,0.7777777777777778,1.0,1.0,0,1,0,0,1,0,0,0,0,0,0,1,0,1,TESTING,0.0,0.0,0.0
320,0.0,0.8333333333333334,0.6666666666666666,0.7142857142857143,0.6666666666666666,0,1,1,0,0,0,0,0,0,0,0,1,0,1,TESTING,0.0,0.0,0.0
320,0.0,1.0,1.0,0.8,1.0,0,1,0,1,0,0,0,0,0,0,0,1,0,1,TESTING,0.0,0.0,0.0
322,0.0,0.6666666666666666,0.3333333333333333,0.5714285714285714,0.3333333333333333,0,1,1,0,0,0,0,0,0,0,0,1,0,1,TESTING,0.0,0.0,0.0
322,0.0,0.2,0.3333333333333333,0.4,0.75,0,1,0,1,0,0,0,0,0,0,0,1,0,1,TESTING,0.0,0.0,0.0
322,0.0,0.8571428571428571,0.7777777777777778,1.0,1.0,0,1,0,0,1,0,0,0,0,0,0,1,0,1,TESTING,50.0,0.0,0.0
322,0.0,0.0,0.3333333333333333,1.0,0.3333333333333333,0,1,0,0,0,1,0,0,0,0,0,1,0,1,TESTING,,,
323,0.0,0.8333333333333334,0.3333333333333333,0.7142857142857143,0.6666666666666666,0,1,1,0,0,0,0,0,0,0,0,1,0,1,TESTING,-500.0,0.0,0.0
323,0.0,0.8,0.6666666666666666,0.8,1.0,0,1,0,1,0,0,0,0,0,0,0,1,0,1,TESTING,2500.0,0.0,0.0
323,0.0,0.7142857142857143,0.8888888888888888,1.0,1.0,0,1,0,0,1,0,0,0,0,0,0,1,0,1,TESTING,-1500.0,0.0,0.0
323,0.0,0.5,0.3333333333333333,1.0,0.3333333333333333,0,1,0,0,0,1,0,0,0,0,0,1,0,1,TESTING,,,
325,0.0,0.25,0.3333333333333333,1.0,0.3333333333333333,0,1,0,0,0,1,0,0,0,0,0,1,0,1,TESTING,,,
325,0.0,0.8571428571428571,0.8888888888888888,0.75,0.6666666666666666,0,1,0,0,1,0,0,0,0,0,0,1,0,1,TESTING,0.0,0.0,0.0
325,0.0,0.4,0.3333333333333333,0.6,0.75,0,1,0,1,0,0,0,0,0,0,0,1,0,1,TESTING,-1000.0,0.0,0.0
325,0.0,0.8333333333333334,0.3333333333333333,0.7142857142857143,0.3333333333333333,0,1,1,0,0,0,0,0,0,0,0,1,0,1,TESTING,0.0,0.0,0.0
329,0.0,0.8333333333333334,0.6666666666666666,0.7142857142857143,0.6666666666666666,0,1,1,0,0,0,0,0,0,0,0,1,0,1,TESTING,0.0,0.0,0.0
329,0.0,1.0,0.6666666666666666,0.8,1.0,0,1,0,1,0,0,0,0,0,0,0,1,0,1,TESTING,0.0,0.0,0.0
329,0.0,0.8571428571428571,0.8888888888888888,1.0,1.0,0,1,0,0,1,0,0,0,0,0,0,1,0,1,TESTING,0.0,0.0,0.0
329,0.0,0.0,0.0,1.0,0.0,0,1,0,0,0,1,0,0,0,0,0,1,0,1,TESTING,,,
330,0.0,0.8333333333333334,0.6666666666666666,0.7142857142857143,0.3333333333333333,0,1,1,0,0,0,0,0,0,0,0,1,0,1,TRAINING,0.0,0.0,0.0
330,0.0,0.8,0.6666666666666666,0.8,1.0,0,1,0,1,0,0,0,0,0,0,0,1,0,1,TRAINING,500.0,0.0,0.0
330,0.0,0.8571428571428571,0.7777777777777778,1.0,1.0,0,1,0,0,1,0,0,0,0,0,0,1,0,1,TRAINING,-500.0,0.0,0.0
330,0.0,0.0,0.3333333333333333,1.0,0.3333333333333333,0,1,0,0,0,1,0,0,0,0,0,1,0,1,TRAINING,,,
332,0.0,0.8571428571428571,0.8888888888888888,1.0,1.0,0,1,0,0,1,0,0,0,0,0,0,1,0,1,TRAINING,2000.0,0.0,0.0
332,0.0,0.5,0.3333333333333333,1.0,0.3333333333333333,0,1,0,0,0,1,0,0,0,0,0,1,0,1,TRAINING,,,
332,0.0,0.8333333333333334,0.6666666666666666,0.7142857142857143,0.6666666666666666,0,1,1,0,0,0,0,0,0,0,0,1,0,1,TRAINING,0.0,0.0,0.0
332,0.0,1.0,0.6666666666666666,0.8,1.0,0,1,0,1,0,0,0,0,0,0,0,1,0,1,TRAINING,0.0,0.0,0.0
333,0.0,0.8333333333333334,0.6666666666666666,0.7142857142857143,0.3333333333333333,1,0,1,0,0,0,0,0,0,0,0,1,0,1,TRAINING,0.0,0.0,0.0
333,0.0,0.8,0.3333333333333333,0.6,0.75,1,0,0,1,0,0,0,0,0,0,0,1,0,1,TRAINING,0.0,0.0,0.0
333,0.0,0.8571428571428571,0.7777777777777778,1.0,1.0,1,0,0,0,1,0,0,0,0,0,0,1,0,1,TRAINING,0.0,0.0,0.0
333,0.0,0.5,0.3333333333333333,1.0,0.3333333333333333,1,0,0,0,0,1,0,0,0,0,0,1,0,1,TRAINING,,,
334,0.0,0.8333333333333334,0.3333333333333333,0.7142857142857143,0.6666666666666666,0,1,1,0,0,0,0,0,0,0,0,1,0,1,TRAINING,0.0,0.0,0.0
334,0.0,0.6,0.3333333333333333,0.6,0.75,0,1,0,1,0,0,0,0,0,0,0,1,0,1,TRAINING,0.0,0.0,0.0
334,0.0,0.5714285714285714,0.6666666666666666,0.5,0.6666666666666666,0,1,0,0,1,0,0,0,0,0,0,1,0,1,TRAINING,0.0,0.0,0.0
334,0.0,0.25,0.3333333333333333,1.0,0.3333333333333333,0,1,0,0,0,1,0,0,0,0,0,1,0,1,TRAINING,,,
335,0.0,0.0,0.3333333333333333,1.0,0.3333333333333333,0,1,0,0,0,1,0,0,0,0,0,1,0,1,TESTING,,,
335,0.0,0.8333333333333334,0.3333333333333333,0.7142857142857143,0.3333333333333333,0,1,1,0,0,0,0,0,0,0,0,1,0,1,TESTING,0.0,0.0,0.0
335,0.0,0.4,0.3333333333333333,0.6,0.75,0,1,0,1,0,0,0,0,0,0,0,1,0,1,TESTING,0.0,0.0,0.0
335,0.0,0.7142857142857143,0.8888888888888888,0.75,1.0,0,1,0,0,1,0,0,0,0,0,0,1,0,1,TESTING,0.0,0.0,0.0
336,0.0,0.25,0.3333333333333333,1.0,0.3333333333333333,0,1,0,0,0,1,0,0,0,0,0,1,0,1,TRAINING,,,
336,0.0,0.8571428571428571,0.8888888888888888,1.0,1.0,0,1,0,0,1,0,0,0,0,0,0,1,0,1,TRAINING,0.0,0.0,0.0
336,0.0,0.8333333333333334,0.3333333333333333,0.7142857142857143,0.6666666666666666,0,1,1,0,0,0,0,0,0,0,0,1,0,1,TRAINING,0.0,0.0,0.0
336,0.0,0.4,0.3333333333333333,0.6,0.75,0,1,0,1,0,0,0,0,0,0,0,1,0,1,TRAINING,0.0,0.0,0.0
339,0.0,0.8333333333333334,0.6666666666666666,0.7142857142857143,0.6666666666666666,0,1,1,0,0,0,0,0,0,0,0,1,0,1,TRAINING,-1000.0,0.0,0.0
339,0.0,1.0,0.6666666666666666,0.8,1.0,0,1,0,1,0,0,0,0,0,0,0,1,0,1,TRAINING,0.0,0.0,0.0
339,0.0,0.8571428571428571,0.8888888888888888,1.0,1.0,0,1,0,0,1,0,0,0,0,0,0,1,0,1,TRAINING,0.0,0.0,0.0
339,0.0,0.5,0.3333333333333333,1.0,0.3333333333333333,0,1,0,0,0,1,0,0,0,0,0,1,0,1,TRAINING,,,
341,0.0,0.8333333333333334,0.3333333333333333,0.7142857142857143,0.6666666666666666,0,1,1,0,0,0,0,0,0,0,0,1,0,1,TRAINING,0.0,0.0,0.0
341,0.0,0.4,0.3333333333333333,0.6,0.75,0,1,0,1,0,0,0,0,0,0,0,1,0,1,TRAINING,0.0,0.0,0.0
341,0.0,0.8571428571428571,0.8888888888888888,1.0,1.0,0,1,0,0,1,0,0,0,0,0,0,1,0,1,TRAINING,0.0,0.0,0.0
341,0.0,0.25,0.3333333333333333,1.0,0.3333333333333333,0,1,0,0,0,1,0,0,0,0,0,1,0,1,TRAINING,,,
345,0.0,0.8333333333333334,0.3333333333333333,0.7142857142857143,0.6666666666666666,0,1,1,0,0,0,0,0,0,0,0,1,0,1,TRAINING,-750.0,0.0,0.0
345,0.0,0.6,0.3333333333333333,0.6,0.75,0,1,0,1,0,0,0,0,0,0,0,1,0,1,TRAINING,-9250.0,0.0,0.0
345,0.0,0.0,0.0,0.0,0.0,0,1,0,0,1,0,0,0,0,0,0,1,0,1,TRAINING,-1000.0,0.0,0.0
345,0.0,0.0,0.0,1.0,0.0,0,1,0,0,0,1,0,0,0,0,0,1,0,1,TRAINING,,,
347,0.0,0.5,0.3333333333333333,1.0,0.3333333333333333,0,1,0,0,0,1,0,0,0,0,0,1,0,1,TRAINING,,,
347,0.0,0.8571428571428571,0.8888888888888888,1.0,1.0,0,1,0,0,1,0,0,0,0,0,0,1,0,1,TRAINING,0.0,0.0,0.0
347,0.0,0.8333333333333334,0.6666666666666666,0.7142857142857143,0.6666666666666666,0,1,1,0,0,0,0,0,0,0,0,1,0,1,TRAINING,0.0,0.0,0.0
347,0.0,1.0,0.6666666666666666,0.6,1.0,0,1,0,1,0,0,0,0,0,0,0,1,0,1,TRAINING,0.0,0.0,0.0
348,0.0,0.8333333333333334,0.3333333333333333,0.7142857142857143,0.3333333333333333,0,1,1,0,0,0,0,0,0,0,0,1,0,1,TESTING,0.0,0.0,0.0
348,0.0,0.6,0.6666666666666666,0.8,1.0,0,1,0,1,0,0,0,0,0,0,0,1,0,1,TESTING,0.0,0.0,0.0
348,0.0,0.8571428571428571,0.8888888888888888,1.0,1.0,0,1,0,0,1,0,0,0,0,0,0,1,0,1,TESTING,0.0,0.0,0.0
348,0.0,0.5,0.3333333333333333,1.0,0.3333333333333333,0,1,0,0,0,1,0,0,0,0,0,1,0,1,TESTING,,,
350,0.0,0.5,0.6666666666666666,1.0,0.6666666666666666,0,1,0,0,0,1,0,0,0,0,0,1,0,1,TRAINING,,,
350,0.0,0.8333333333333334,0.6666666666666666,0.7142857142857143,0.6666666666666666,0,1,1,0,0,0,0,0,0,0,0,1,0,1,TRAINING,0.0,0.0,0.0
350,0.0,1.0,0.6666666666666666,0.8,1.0,0,1,0,1,0,0,0,0,0,0,0,1,0,1,TRAINING,-1000.0,0.0,0.0
350,0.0,0.7142857142857143,0.8888888888888888,1.0,1.0,0,1,0,0,1,0,0,0,0,0,0,1,0,1,TRAINING,0.0,0.0,0.0
353,0.0,0.5,0.3333333333333333,1.0,0.3333333333333333,0,1,0,0,0,1,0,0,0,0,0,1,0,1,TRAINING,,,
353,0.0,0.8571428571428571,0.8888888888888888,1.0,1.0,0,1,0,0,1,0,0,0,0,0,0,1,0,1,TRAINING,0.0,0.0,0.0
353,0.0,0.8333333333333334,0.6666666666666666,0.7142857142857143,0.6666666666666666,0,1,1,0,0,0,0,0,0,0,0,1,0,1,TRAINING,0.0,0.0,0.0
353,0.0,1.0,0.6666666666666666,0.8,1.0,0,1,0,1,0,0,0,0,0,0,0,1,0,1,TRAINING,0.0,0.0,0.0
360,0.0,0.8333333333333334,0.6666666666666666,0.7142857142857143,0.6666666666666666,0,1,1,0,0,0,0,0,0,0,0,1,0,1,TESTING,0.0,0.0,0.0
360,0.0,0.6,0.6666666666666666,0.8,1.0,0,1,0,1,0,0,0,0,0,0,0,1,0,1,TESTING,0.0,0.0,0.0
360,0.0,0.8571428571428571,0.8888888888888888,1.0,1.0,0,1,0,0,1,0,0,0,0,0,0,1,0,1,TESTING,0.0,0.0,0.0
360,0.0,0.5,0.3333333333333333,1.0,0.3333333333333333,0,1,0,0,0,1,0,0,0,0,0,1,0,1,TESTING,,,
361,0.0,0.5,0.3333333333333333,0.5714285714285714,0.3333333333333333,0,1,1,0,0,0,0,0,0,0,0,1,0,1,TESTING,0.0,0.0,0.0
361,0.0,0.2,0.3333333333333333,0.4,0.5,0,1,0,1,0,0,0,0,0,0,0,1,0,1,TESTING,0.0,0.0,0.0
361,0.0,0.5714285714285714,0.6666666666666666,0.75,0.6666666666666666,0,1,0,0,1,0,0,0,0,0,0,1,0,1,TESTING,0.0,0.0,0.0
361,0.0,0.0,0.0,1.0,0.0,0,1,0,0,0,1,0,0,0,0,0,1,0,1,TESTING,,,
363,0.0,0.5,0.3333333333333333,1.0,0.3333333333333333,0,1,0,0,0,1,0,0,0,0,0,1,0,1,TRAINING,,,
363,0.0,0.5714285714285714,0.8888888888888888,1.0,1.0,0,1,0,0,1,0,0,0,0,0,0,1,0,1,TRAINING,0.0,0.0,0.0
363,0.0,1.0,0.6666666666666666,0.8,1.0,0,1,0,1,0,0,0,0,0,0,0,1,0,1,TRAINING,0.0,0.0,0.0
363,0.0,0.8333333333333334,0.6666666666666666,0.7142857142857143,0.6666666666666666,0,1,1,0,0,0,0,0,0,0,0,1,0,1,TRAINING,0.0,0.0,0.0
364,0.0,0.8333333333333334,0.6666666666666666,0.7142857142857143,0.6666666666666666,1,0,1,0,0,0,0,0,0,0,0,1,0,1,TRAINING,0.0,0.0,0.0
364,0.0,1.0,0.6666666666666666,0.8,1.0,1,0,0,1,0,0,0,0,0,0,0,1,0,1,TRAINING,0.0,0.0,0.0
364,0.0,0.8571428571428571,0.8888888888888888,1.0,1.0,1,0,0,0,1,0,0,0,0,0,0,1,0,1,TRAINING,0.0,0.0,0.0
364,0.0,0.5,0.3333333333333333,1.0,0.3333333333333333,1,0,0,0,0,1,0,0,0,0,0,1,0,1,TRAINING,,,
372,0.0,0.8333333333333334,0.6666666666666666,0.7142857142857143,0.6666666666666666,0,1,1,0,0,0,0,0,0,0,0,1,0,1,TRAINING,500.0,0.0,0.0
372,0.0,1.0,0.6666666666666666,0.8,1.0,0,1,0,1,0,0,0,0,0,0,0,1,0,1,TRAINING,1500.0,0.0,0.0
372,0.0,0.8571428571428571,0.8888888888888888,1.0,1.0,0,1,0,0,1,0,0,0,0,0,0,1,0,1,TRAINING,0.0,0.0,0.0
372,0.0,0.5,0.3333333333333333,1.0,0.3333333333333333,0,1,0,0,0,1,0,0,0,0,0,1,0,1,TRAINING,,,
373,0.0,0.7142857142857143,0.7777777777777778,1.0,0.6666666666666666,0,1,0,0,1,0,0,0,0,0,0,1,0,1,TRAINING,0.0,0.0,0.0
373,0.0,0.5,0.3333333333333333,1.0,0.3333333333333333,0,1,0,0,0,1,0,0,0,0,0,1,0,1,TRAINING,,,
373,0.0,0.8333333333333334,0.6666666666666666,0.7142857142857143,0.6666666666666666,0,1,1,0,0,0,0,0,0,0,0,1,0,1,TRAINING,0.0,0.0,0.0
373,0.0,1.0,0.6666666666666666,0.8,1.0,0,1,0,1,0,0,0,0,0,0,0,1,0,1,TRAINING,0.0,0.0,0.0
375,0.0,0.5,0.3333333333333333,1.0,0.3333333333333333,0,1,0,0,0,1,0,0,0,0,0,1,0,1,TRAINING,,,
375,0.0,0.8571428571428571,0.8888888888888888,1.0,1.0,0,1,0,0,1,0,0,0,0,0,0,1,0,1,TRAINING,0.0,0.0,0.0
375,0.0,0.8,0.3333333333333333,0.6,0.75,0,1,0,1,0,0,0,0,0,0,0,1,0,1,TRAINING,0.0,0.0,0.0
375,0.0,0.8333333333333334,0.6666666666666666,0.7142857142857143,0.6666666666666666,0,1,1,0,0,0,0,0,0,0,0,1,0,1,TRAINING,0.0,0.0,0.0
377,0.0,0.8333333333333334,0.6666666666666666,0.7142857142857143,0.6666666666666666,0,1,1,0,0,0,0,0,0,0,0,1,0,1,TESTING,500.0,0.0,0.0
377,0.0,0.8,0.3333333333333333,0.6,0.75,0,1,0,1,0,0,0,0,0,0,0,1,0,1,TESTING,-500.0,0.0,0.0
377,0.0,0.8571428571428571,0.8888888888888888,1.0,1.0,0,1,0,0,1,0,0,0,0,0,0,1,0,1,TESTING,2000.0,0.0,0.0
377,0.0,0.0,0.0,1.0,0.0,0,1,0,0,0,1,0,0,0,0,0,1,0,1,TESTING,,,
379,0.0,0.8333333333333334,0.6666666666666666,0.7142857142857143,0.6666666666666666,0,1,1,0,0,0,0,0,0,0,0,1,0,1,TESTING,-2000.0,0.0,0.0
379,0.0,0.8,0.3333333333333333,0.6,0.75,0,1,0,1,0,0,0,0,0,0,0,1,0,1,TESTING,750.0,0.0,0.0
379,0.0,0.8571428571428571,0.7777777777777778,0.75,0.6666666666666666,0,1,0,0,1,0,0,0,0,0,0,1,0,1,TESTING,-250.0,0.0,0.0
379,0.0,0.0,0.0,1.0,0.0,0,1,0,0,0,1,0,0,0,0,0,1,0,1,TESTING,,,
381,0.0,0.8571428571428571,0.8888888888888888,1.0,0.6666666666666666,0,1,0,0,1,0,0,0,0,0,0,1,0,1,TESTING,0.0,0.0,0.0
381,0.0,0.25,0.3333333333333333,1.0,0.3333333333333333,0,1,0,0,0,1,0,0,0,0,0,1,0,1,TESTING,,,
381,0.0,0.8333333333333334,0.3333333333333333,0.7142857142857143,0.3333333333333333,0,1,1,0,0,0,0,0,0,0,0,1,0,1,TESTING,0.0,0.0,0.0
381,0.0,0.4,0.0,0.6,0.5,0,1,0,1,0,0,0,0,0,0,0,1,0,1,TESTING,0.0,0.0,0.0
386,0.0,0.6666666666666666,0.3333333333333333,0.5714285714285714,1.0,0,1,1,0,0,0,0,0,0,0,0,1,0,1,TESTING,0.0,0.0,0.0
386,0.0,0.4,0.3333333333333333,0.6,0.75,0,1,0,1,0,0,0,0,0,0,0,1,0,1,TESTING,0.0,0.0,0.0
386,0.0,0.8571428571428571,0.8888888888888888,1.0,1.0,0,1,0,0,1,0,0,0,0,0,0,1,0,1,TESTING,0.0,0.0,0.0
386,0.0,0.25,0.3333333333333333,1.0,0.3333333333333333,0,1,0,0,0,1,0,0,0,0,0,1,0,1,TESTING,,,
389,0.0,0.8333333333333334,0.3333333333333333,0.7142857142857143,0.6666666666666666,0,1,1,0,0,0,0,0,1,0,0,0,0,1,TRAINING,0.0,0.0,0.0
389,0.0,0.6,0.6666666666666666,0.8,1.0,0,1,0,1,0,0,0,0,1,0,0,0,0,1,TRAINING,0.0,0.0,0.0
389,0.0,0.8571428571428571,0.8888888888888888,1.0,1.0,0,1,0,0,1,0,0,0,1,0,0,0,0,1,TRAINING,1000.0,0.0,0.0
389,0.0,0.5,0.3333333333333333,1.0,0.3333333333333333,0,1,0,0,0,1,0,0,1,0,0,0,0,1,TRAINING,,,
393,0.0,0.3333333333333333,0.3333333333333333,0.7142857142857143,0.3333333333333333,0,1,1,0,0,0,0,0,0,0,0,1,0,1,TRAINING,-500.0,0.0,0.0
393,0.0,0.8,0.3333333333333333,0.6,0.75,0,1,0,1,0,0,0,0,0,0,0,1,0,1,TRAINING,0.0,0.0,0.0
393,0.0,0.8571428571428571,0.8888888888888888,1.0,1.0,0,1,0,0,1,0,0,0,0,0,0,1,0,1,TRAINING,0.0,0.0,0.0
393,0.0,0.25,0.3333333333333333,1.0,0.3333333333333333,0,1,0,0,0,1,0,0,0,0,0,1,0,1,TRAINING,,,
394,0.0,0.5,0.6666666666666666,1.0,0.6666666666666666,1,0,0,0,0,1,0,0,1,0,0,0,0,1,TRAINING,,,
394,0.0,0.7142857142857143,0.8888888888888888,1.0,1.0,1,0,0,0,1,0,0,0,1,0,0,0,0,1,TRAINING,0.0,0.0,0.0
394,0.0,1.0,1.0,1.0,1.0,1,0,0,1,0,0,0,0,1,0,0,0,0,1,TRAINING,0.0,0.0,0.0
394,0.0,0.3333333333333333,1.0,0.7142857142857143,0.3333333333333333,1,0,1,0,0,0,0,0,1,0,0,0,0,1,TRAINING,0.0,0.0,0.0
395,0.0,0.8333333333333334,0.3333333333333333,0.7142857142857143,0.6666666666666666,0,1,1,0,0,0,0,0,0,0,0,1,0,1,TESTING,0.0,0.0,0.0
395,0.0,0.6,0.3333333333333333,0.6,0.75,0,1,0,1,0,0,0,0,0,0,0,1,0,1,TESTING,0.0,0.0,0.0
395,0.0,0.8571428571428571,0.8888888888888888,1.0,1.0,0,1,0,0,1,0,0,0,0,0,0,1,0,1,TESTING,0.0,0.0,0.0
395,0.0,0.5,0.3333333333333333,1.0,0.3333333333333333,0,1,0,0,0,1,0,0,0,0,0,1,0,1,TESTING,,,
396,0.0,0.8333333333333334,0.6666666666666666,0.7142857142857143,0.3333333333333333,0,1,1,0,0,0,0,0,0,0,0,1,0,1,TESTING,0.0,0.0,0.0
396,0.0,0.6,0.6666666666666666,0.8,1.0,0,1,0,1,0,0,0,0,0,0,0,1,0,1,TESTING,0.0,0.0,0.0
396,0.0,0.8571428571428571,0.8888888888888888,1.0,1.0,0,1,0,0,1,0,0,0,0,0,0,1,0,1,TESTING,0.0,0.0,0.0
396,0.0,0.0,0.3333333333333333,1.0,0.3333333333333333,0,1,0,0,0,1,0,0,0,0,0,1,0,1,TESTING,,,
398,0.0,0.8571428571428571,0.8888888888888888,1.0,1.0,0,1,0,0,1,0,0,0,0,0,0,1,0,1,TESTING,0.0,0.0,0.0
398,0.0,0.5,0.3333333333333333,1.0,0.3333333333333333,0,1,0,0,0,1,0,0,0,0,0,1,0,1,TESTING,,,
398,0.0,0.8333333333333334,0.6666666666666666,0.7142857142857143,0.6666666666666666,0,1,1,0,0,0,0,0,0,0,0,1,0,1,TESTING,-2000.0,0.0,0.0
398,0.0,0.6,0.3333333333333333,0.6,0.75,0,1,0,1,0,0,0,0,0,0,0,1,0,1,TESTING,0.0,0.0,0.0
399,0.0,0.5,0.3333333333333333,0.5714285714285714,0.3333333333333333,0,1,1,0,0,0,0,0,0,0,0,1,0,1,TRAINING,0.0,0.0,0.0
399,0.0,0.2,0.3333333333333333,0.4,0.75,0,1,0,1,0,0,0,0,0,0,0,1,0,1,TRAINING,0.0,0.0,0.0
399,0.0,0.8571428571428571,0.6666666666666666,0.75,0.6666666666666666,0,1,0,0,1,0,0,0,0,0,0,1,0,1,TRAINING,0.0,0.0,0.0
399,0.0,0.0,0.3333333333333333,1.0,0.0,0,1,0,0,0,1,0,0,0,0,0,1,0,1,TRAINING,,,
401,0.0,0.8333333333333334,0.3333333333333333,0.7142857142857143,0.6666666666666666,0,1,1,0,0,0,0,0,0,0,0,1,0,1,TRAINING,0.0,0.0,0.0
401,0.0,0.6,0.3333333333333333,0.6,0.75,0,1,0,1,0,0,0,0,0,0,0,1,0,1,TRAINING,0.0,0.0,0.0
401,0.0,0.8571428571428571,0.8888888888888888,1.0,1.0,0,1,0,0,1,0,0,0,0,0,0,1,0,1,TRAINING,0.0,0.0,0.0
401,0.0,0.5,0.3333333333333333,1.0,0.3333333333333333,0,1,0,0,0,1,0,0,0,0,0,1,0,1,TRAINING,,,
402,0.0,0.0,0.3333333333333333,1.0,0.3333333333333333,0,1,0,0,0,1,0,0,0,0,0,1,0,1,TRAINING,,,
402,0.0,0.8333333333333334,0.6666666666666666,0.7142857142857143,0.6666666666666666,0,1,1,0,0,0,0,0,0,0,0,1,0,1,TRAINING,0.0,0.0,0.0
402,0.0,1.0,0.6666666666666666,0.8,1.0,0,1,0,1,0,0,0,0,0,0,0,1,0,1,TRAINING,0.0,0.0,0.0
402,0.0,0.8571428571428571,0.8888888888888888,1.0,1.0,0,1,0,0,1,0,0,0,0,0,0,1,0,1,TRAINING,0.0,0.0,0.0
404,0.0,0.25,0.3333333333333333,1.0,0.0,0,1,0,0,0,1,0,0,0,0,0,1,0,1,TRAINING,,,
404,0.0,0.7142857142857143,0.8888888888888888,0.75,1.0,0,1,0,0,1,0,0,0,0,0,0,1,0,1,TRAINING,0.0,0.0,0.0
404,0.0,0.8333333333333334,0.6666666666666666,0.7142857142857143,0.3333333333333333,0,1,1,0,0,0,0,0,0,0,0,1,0,1,TRAINING,0.0,0.0,0.0
404,0.0,0.4,0.3333333333333333,0.6,0.75,0,1,0,1,0,0,0,0,0,0,0,1,0,1,TRAINING,0.0,0.0,0.0
407,0.0,0.8333333333333334,0.6666666666666666,0.5714285714285714,0.6666666666666666,0,1,1,0,0,0,0,0,0,0,0,1,0,1,TESTING,2250.0,0.0,0.0
407,0.0,0.8,0.6666666666666666,0.8,1.0,0,1,0,1,0,0,0,0,0,0,0,1,0,1,TESTING,-1250.0,0.0,0.0
407,0.0,0.8571428571428571,0.8888888888888888,1.0,1.0,0,1,0,0,1,0,0,0,0,0,0,1,0,1,TESTING,1500.0,0.0,0.0
407,0.0,0.5,0.3333333333333333,1.0,0.3333333333333333,0,1,0,0,0,1,0,0,0,0,0,1,0,1,TESTING,,,
408,0.0,0.8333333333333334,0.6666666666666666,0.7142857142857143,0.6666666666666666,0,1,1,0,0,0,0,0,0,0,0,1,0,1,TRAINING,0.0,0.0,0.0
408,0.0,1.0,0.6666666666666666,0.8,1.0,0,1,0,1,0,0,0,0,0,0,0,1,0,1,TRAINING,0.0,0.0,0.0
408,0.0,0.8571428571428571,0.8888888888888888,1.0,1.0,0,1,0,0,1,0,0,0,0,0,0,1,0,1,TRAINING,0.0,0.0,0.0
408,0.0,0.5,0.3333333333333333,1.0,0.3333333333333333,0,1,0,0,0,1,0,0,0,0,0,1,0,1,TRAINING,,,
409,0.0,0.8333333333333334,0.6666666666666666,0.7142857142857143,0.6666666666666666,1,0,1,0,0,0,0,0,0,0,0,1,0,1,TRAINING,0.0,0.0,0.0
409,0.0,1.0,0.6666666666666666,0.8,0.75,1,0,0,1,0,0,0,0,0,0,0,1,0,1,TRAINING,0.0,0.0,0.0
409,0.0,0.8571428571428571,0.8888888888888888,1.0,1.0,1,0,0,0,1,0,0,0,0,0,0,1,0,1,TRAINING,0.0,0.0,0.0
409,0.0,0.5,0.3333333333333333,1.0,0.3333333333333333,1,0,0,0,0,1,0,0,0,0,0,1,0,1,TRAINING,,,
410,0.0,0.0,0.3333333333333333,1.0,0.3333333333333333,1,0,0,0,0,1,0,0,0,0,0,1,0,1,TESTING,,,
410,0.0,0.8571428571428571,0.8888888888888888,1.0,1.0,1,0,0,0,1,0,0,0,0,0,0,1,0,1,TESTING,-1000.0,0.0,0.0
410,0.0,0.8333333333333334,0.6666666666666666,0.7142857142857143,0.6666666666666666,1,0,1,0,0,0,0,0,0,0,0,1,0,1,TESTING,0.0,0.0,0.0
410,0.0,1.0,0.6666666666666666,0.8,1.0,1,0,0,1,0,0,0,0,0,0,0,1,0,1,TESTING,2000.0,0.0,0.0
414,0.0,0.8333333333333334,0.6666666666666666,0.7142857142857143,0.6666666666666666,1,0,1,0,0,0,0,0,0,0,0,1,0,1,TRAINING,0.0,0.0,0.0
414,0.0,1.0,0.6666666666666666,0.8,1.0,1,0,0,1,0,0,0,0,0,0,0,1,0,1,TRAINING,2500.0,0.0,0.0
414,0.0,0.8571428571428571,0.8888888888888888,1.0,1.0,1,0,0,0,1,0,0,0,0,0,0,1,0,1,TRAINING,-2500.0,0.0,0.0
414,0.0,0.5,0.3333333333333333,1.0,0.3333333333333333,1,0,0,0,0,1,0,0,0,0,0,1,0,1,TRAINING,,,
416,0.0,0.5,0.0,1.0,0.3333333333333333,0,1,0,0,0,1,0,0,0,0,0,1,0,1,TESTING,,,
416,0.0,0.8333333333333334,0.6666666666666666,0.7142857142857143,0.6666666666666666,0,1,1,0,0,0,0,0,0,0,0,1,0,1,TESTING,-2000.0,0.0,0.0
416,0.0,0.4,0.3333333333333333,0.6,0.5,0,1,0,1,0,0,0,0,0,0,0,1,0,1,TESTING,1000.0,0.0,0.0
416,0.0,0.7142857142857143,0.8888888888888888,1.0,1.0,0,1,0,0,1,0,0,0,0,0,0,1,0,1,TESTING,-1000.0,0.0,0.0
418,0.0,0.0,0.0,1.0,0.3333333333333333,0,1,0,0,0,1,0,0,0,0,0,1,0,1,TRAINING,,,
418,0.0,0.8571428571428571,0.8888888888888888,1.0,1.0,0,1,0,0,1,0,0,0,0,0,0,1,0,1,TRAINING,0.0,0.0,0.0
418,0.0,0.6,0.3333333333333333,0.6,0.75,0,1,0,1,0,0,0,0,0,0,0,1,0,1,TRAINING,0.0,0.0,0.0
418,0.0,0.8333333333333334,0.3333333333333333,0.7142857142857143,1.0,0,1,1,0,0,0,0,0,0,0,0,1,0,1,TRAINING,0.0,0.0,0.0
419,0.0,0.8333333333333334,0.6666666666666666,0.7142857142857143,0.6666666666666666,0,1,1,0,0,0,0,0,0,0,0,1,0,1,TESTING,2500.0,0.0,0.0
419,0.0,0.4,0.3333333333333333,0.6,0.75,0,1,0,1,0,0,0,0,0,0,0,1,0,1,TESTING,-1500.0,0.0,0.0
419,0.0,0.0,0.0,0.0,0.0,0,1,0,0,1,0,0,0,0,0,0,1,0,1,TESTING,-1000.0,0.0,0.0
419,0.0,0.0,0.0,1.0,0.0,0,1,0,0,0,1,0,0,0,0,0,1,0,1,TESTING,,,
421,0.0,0.8333333333333334,0.6666666666666666,0.7142857142857143,0.6666666666666666,0,1,1,0,0,0,0,0,0,0,0,1,0,1,TRAINING,0.0,0.0,0.0
421,0.0,1.0,0.6666666666666666,0.8,1.0,0,1,0,1,0,0,0,0,0,0,0,1,0,1,TRAINING,0.0,0.0,0.0
421,0.0,0.8571428571428571,0.8888888888888888,1.0,1.0,0,1,0,0,1,0,0,0,0,0,0,1,0,1,TRAINING,0.0,0.0,0.0
421,0.0,0.0,0.3333333333333333,1.0,0.3333333333333333,0,1,0,0,0,1,0,0,0,0,0,1,0,1,TRAINING,,,
422,0.0,0.7142857142857143,0.8888888888888888,1.0,1.0,0,1,0,0,1,0,0,0,0,0,0,1,0,1,TESTING,0.0,0.0,0.0
422,0.0,0.5,0.3333333333333333,1.0,0.3333333333333333,0,1,0,0,0,1,0,0,0,0,0,1,0,1,TESTING,,,
422,0.0,0.8333333333333334,0.6666666666666666,0.7142857142857143,0.6666666666666666,0,1,1,0,0,0,0,0,0,0,0,1,0,1,TESTING,0.0,0.0,0.0
422,0.0,0.6,0.6666666666666666,0.8,1.0,0,1,0,1,0,0,0,0,0,0,0,1,0,1,TESTING,0.0,0.0,0.0
423,0.0,0.8333333333333334,0.6666666666666666,0.7142857142857143,0.6666666666666666,0,1,1,0,0,0,0,0,0,0,0,1,0,1,TESTING,0.0,0.0,0.0
423,0.0,1.0,0.6666666666666666,0.8,1.0,0,1,0,1,0,0,0,0,0,0,0,1,0,1,TESTING,0.0,0.0,0.0
423,0.0,0.7142857142857143,0.8888888888888888,1.0,1.0,0,1,0,0,1,0,0,0,0,0,0,1,0,1,TESTING,0.0,0.0,0.0
423,0.0,0.5,0.3333333333333333,1.0,0.3333333333333333,0,1,0,0,0,1,0,0,0,0,0,1,0,1,TESTING,,,
425,0.0,0.8333333333333334,0.6666666666666666,0.8571428571428571,0.6666666666666666,0,1,1,0,0,0,0,0,0,0,1,0,0,1,TESTING,0.0,0.0,0.0
425,0.0,1.0,0.6666666666666666,0.8,1.0,0,1,0,1,0,0,0,0,0,0,1,0,0,1,TESTING,0.0,0.0,0.0
425,0.0,0.7142857142857143,0.8888888888888888,1.0,1.0,0,1,0,0,1,0,0,0,0,0,1,0,0,1,TESTING,0.0,0.0,0.0
425,0.0,0.5,0.3333333333333333,1.0,0.3333333333333333,0,1,0,0,0,1,0,0,0,0,1,0,0,1,TESTING,,,
426,0.0,0.0,0.0,1.0,0.0,0,1,0,0,0,1,0,0,0,0,0,1,0,1,TRAINING,,,
426,0.0,0.8333333333333334,0.3333333333333333,0.7142857142857143,0.3333333333333333,0,1,1,0,0,0,0,0,0,0,0,1,0,1,TRAINING,0.0,0.0,0.0
426,0.0,0.6,0.3333333333333333,0.6,0.75,0,1,0,1,0,0,0,0,0,0,0,1,0,1,TRAINING,0.0,0.0,0.0
426,0.0,0.8571428571428571,0.8888888888888888,1.0,1.0,0,1,0,0,1,0,0,0,0,0,0,1,0,1,TRAINING,0.0,0.0,0.0
428,0.0,0.5,0.3333333333333333,1.0,0.3333333333333333,0,1,0,0,0,1,0,0,0,0,0,1,0,1,TRAINING,,,
428,0.0,0.8571428571428571,0.8888888888888888,1.0,1.0,0,1,0,0,1,0,0,0,0,0,0,1,0,1,TRAINING,0.0,0.0,0.0
428,0.0,0.8333333333333334,0.3333333333333333,0.7142857142857143,0.6666666666666666,0,1,1,0,0,0,0,0,0,0,0,1,0,1,TRAINING,0.0,0.0,0.0
428,0.0,1.0,0.6666666666666666,0.8,1.0,0,1,0,1,0,0,0,0,0,0,0,1,0,1,TRAINING,0.0,0.0,0.0
430,0.0,0.8333333333333334,0.3333333333333333,0.8571428571428571,0.6666666666666666,0,1,1,0,0,0,0,0,0,0,0,1,0,1,TESTING,0.0,0.0,0.0
430,0.0,0.4,0.3333333333333333,0.6,0.5,0,1,0,1,0,0,0,0,0,0,0,1,0,1,TESTING,0.0,0.0,0.0
430,0.0,0.7142857142857143,0.8888888888888888,1.0,1.0,0,1,0,0,1,0,0,0,0,0,0,1,0,1,TESTING,0.0,0.0,0.0
430,0.0,0.5,0.3333333333333333,1.0,0.3333333333333333,0,1,0,0,0,1,0,0,0,0,0,1,0,1,TESTING,,,
431,0.0,0.8333333333333334,0.6666666666666666,0.7142857142857143,0.6666666666666666,0,1,1,0,0,0,0,0,0,0,0,1,0,1,TRAINING,0.0,0.0,0.0
431,0.0,0.6,0.6666666666666666,0.8,1.0,0,1,0,1,0,0,0,0,0,0,0,1,0,1,TRAINING,0.0,0.0,0.0
431,0.0,0.7142857142857143,0.8888888888888888,1.0,1.0,0,1,0,0,1,0,0,0,0,0,0,1,0,1,TRAINING,0.0,0.0,0.0
431,0.0,0.25,0.3333333333333333,1.0,0.3333333333333333,0,1,0,0,0,1,0,0,0,0,0,1,0,1,TRAINING,,,
432,0.0,0.7142857142857143,0.7777777777777778,1.0,1.0,0,1,0,0,1,0,0,0,0,0,0,1,0,1,TRAINING,0.0,0.0,0.0
432,0.0,0.25,0.3333333333333333,1.0,0.3333333333333333,0,1,0,0,0,1,0,0,0,0,0,1,0,1,TRAINING,,,
432,0.0,0.8333333333333334,0.6666666666666666,0.7142857142857143,0.6666666666666666,0,1,1,0,0,0,0,0,0,0,0,1,0,1,TRAINING,1000.0,0.0,0.0
432,0.0,0.8,0.3333333333333333,0.6,0.75,0,1,0,1,0,0,0,0,0,0,0,1,0,1,TRAINING,500.0,0.0,0.0
433,0.0,0.8,0.3333333333333333,0.4,0.25,1,0,0,1,0,0,0,0,0,0,0,1,1,0,TESTING,500.0,0.0,0.0
433,0.0,0.2857142857142857,0.4444444444444444,0.0,0.0,1,0,0,0,1,0,0,0,0,0,0,1,1,0,TESTING,-500.0,0.0,0.0
433,0.0,1.0,1.0,1.0,1.0,1,0,0,0,0,1,0,0,0,0,0,1,1,0,TESTING,,,
433,0.0,0.0,0.0,0.0,0.0,1,0,1,0,0,0,0,0,0,0,0,1,1,0,TESTING,0.0,0.0,0.0
435,0.0,0.0,0.0,0.0,0.0,0,1,1,0,0,0,0,0,0,0,0,1,0,1,TESTING,0.0,0.0,0.0
435,0.0,0.8,0.3333333333333333,0.6,0.75,0,1,0,1,0,0,0,0,0,0,0,1,0,1,TESTING,0.0,0.0,0.0
435,0.0,0.8571428571428571,0.8888888888888888,1.0,1.0,0,1,0,0,1,0,0,0,0,0,0,1,0,1,TESTING,0.0,0.0,0.0
435,0.0,0.5,0.3333333333333333,1.0,0.3333333333333333,0,1,0,0,0,1,0,0,0,0,0,1,0,1,TESTING,,,
438,0.0,1.0,1.0,1.0,1.0,0,1,0,0,0,1,0,0,0,0,0,1,1,0,TESTING,,,
438,0.0,0.0,0.0,0.0,0.0,0,1,1,0,0,0,0,0,0,0,0,1,1,0,TESTING,0.0,0.0,0.0
438,0.0,0.8,0.3333333333333333,0.4,0.75,0,1,0,1,0,0,0,0,0,0,0,1,1,0,TESTING,0.0,0.0,0.0
438,0.0,0.2857142857142857,0.4444444444444444,0.0,0.0,0,1,0,0,1,0,0,0,0,0,0,1,1,0,TESTING,0.0,0.0,0.0
439,0.0,1.0,1.0,1.0,1.0,1,0,0,0,0,1,0,1,0,0,0,0,1,0,TRAINING,,,
439,0.0,0.2857142857142857,0.3333333333333333,0.0,0.0,1,0,0,0,1,0,0,1,0,0,0,0,1,0,TRAINING,0.0,0.0,0.0
439,0.0,0.0,0.0,0.0,0.0,1,0,1,0,0,0,0,1,0,0,0,0,1,0,TRAINING,0.0,0.0,0.0
439,0.0,0.8,0.3333333333333333,0.4,0.25,1,0,0,1,0,0,0,1,0,0,0,0,1,0,TRAINING,0.0,0.0,0.0
508,0.0,0.0,0.0,0.0,0.0,1,0,1,0,0,0,0,0,0,0,0,1,1,0,TESTING,0.0,0.0,0.0
508,0.0,0.0,0.0,0.0,0.0,1,0,0,1,0,0,0,0,0,0,0,1,1,0,TESTING,0.0,0.0,0.0
508,0.0,0.2857142857142857,0.3333333333333333,0.0,0.0,1,0,0,0,1,0,0,0,0,0,0,1,1,0,TESTING,0.0,0.0,0.0
508,0.0,1.0,1.0,1.0,1.0,1,0,0,0,0,1,0,0,0,0,0,1,1,0,TESTING,,,
533,0.0,0.0,0.0,0.0,0.0,0,1,1,0,0,0,0,0,0,0,0,1,0,1,TRAINING,-750.0,0.0,0.0
533,0.0,0.0,0.0,0.0,0.0,0,1,0,1,0,0,0,0,0,0,0,1,0,1,TRAINING,-9250.0,0.0,0.0
533,0.0,0.7142857142857143,0.8888888888888888,1.0,1.0,0,1,0,0,1,0,0,0,0,0,0,1,0,1,TRAINING,-1000.0,0.0,0.0
533,0.0,0.25,0.3333333333333333,1.0,0.3333333333333333,0,1,0,0,0,1,0,0,0,0,0,1,0,1,TRAINING,,,
534,0.0,0.0,0.0,0.0,0.0,0,1,1,0,0,0,0,0,0,0,0,1,0,1,TRAINING,2500.0,0.0,0.0
534,0.0,0.0,0.0,0.0,0.0,0,1,0,1,0,0,0,0,0,0,0,1,0,1,TRAINING,-1500.0,0.0,0.0
534,0.0,0.8571428571428571,0.8888888888888888,1.0,1.0,0,1,0,0,1,0,0,0,0,0,0,1,0,1,TRAINING,-1000.0,0.0,0.0
534,0.0,0.75,0.3333333333333333,1.0,0.3333333333333333,0,1,0,0,0,1,0,0,0,0,0,1,0,1,TRAINING,,,
578,0.0,1.0,1.0,0.0,1.0,0,1,0,0,0,1,0,0,0,0,0,1,1,0,TRAINING,,,
578,0.0,0.0,0.3333333333333333,0.0,0.0,0,1,0,0,1,0,0,0,0,0,0,1,1,0,TRAINING,0.0,0.0,0.0
578,0.0,0.0,0.0,0.0,0.0,0,1,1,0,0,0,0,0,0,0,0,1,1,0,TRAINING,0.0,0.0,0.0
578,0.0,0.0,0.0,0.0,0.0,0,1,0,1,0,0,0,0,0,0,0,1,1,0,TRAINING,0.0,0.0,0.0
642,0.0,0.0,0.0,0.0,0.0,0,1,1,0,0,0,0,0,0,0,0,1,0,1,TESTING,0.0,0.0,0.0
642,0.0,0.0,0.0,0.0,0.0,0,1,0,1,0,0,0,0,0,0,0,1,0,1,TESTING,0.0,0.0,0.0
642,0.0,0.0,0.8888888888888888,0.0,0.0,0,1,0,0,1,0,0,0,0,0,0,1,0,1,TESTING,0.0,0.0,0.0
642,0.0,0.5,0.3333333333333333,0.0,0.3333333333333333,0,1,0,0,0,1,0,0,0,0,0,1,0,1,TESTING,,,
643,0.0,0.0,0.0,0.0,0.0,0,1,1,0,0,0,0,0,0,0,0,1,0,1,TRAINING,500.0,0.0,0.0
643,0.0,0.0,0.0,0.0,0.0,0,1,0,1,0,0,0,0,0,0,0,1,0,1,TRAINING,-500.0,0.0,0.0
643,0.0,0.0,0.8888888888888888,0.0,0.0,0,1,0,0,1,0,0,0,0,0,0,1,0,1,TRAINING,2000.0,0.0,0.0
643,0.0,0.5,0.3333333333333333,0.0,0.3333333333333333,0,1,0,0,0,1,0,0,0,0,0,1,0,1,TRAINING,,,
644,0.0,0.0,0.8888888888888888,0.0,0.0,0,1,0,0,1,0,0,0,0,0,0,1,0,1,TRAINING,0.0,0.0,0.0
644,0.0,0.0,0.0,0.0,0.0,0,1,1,0,0,0,0,0,0,0,0,1,0,1,TRAINING,0.0,0.0,0.0
644,0.0,0.0,0.0,0.0,0.0,0,1,0,1,0,0,0,0,0,0,0,1,0,1,TRAINING,0.0,0.0,0.0
644,0.0,0.25,0.3333333333333333,0.0,0.3333333333333333,0,1,0,0,0,1,0,0,0,0,0,1,0,1,TRAINING,,,
