,person,Year,party_short,donations_dollars,partyline_percent,donations_dollars_lag,data_use,MODELING_GROUP,democrat,Donation_Change
0,4,2012-01-01,D,0.0,0.0,0.0,0.727,TESTING,1,0.0
1,4,2014-01-01,D,0.0,0.3333333333333333,0.0,0.727,TESTING,1,0.0
2,4,2016-01-01,D,0.0,0.4,1000.0,0.727,TESTING,1,1000.0
3,4,2018-01-01,D,1000.0,1.0,,0.727,TESTING,1,0.0
4,10,2012-01-01,D,0.0,0.5,2000.0,0.086,TRAINING,1,2000.0
5,10,2014-01-01,D,2000.0,0.6666666666666666,2000.0,0.086,TRAINING,1,0.0
6,10,2016-01-01,D,2000.0,0.6,1000.0,0.086,TRAINING,1,-1000.0
7,10,2018-01-01,D,1000.0,1.0,,0.086,TRAINING,1,0.0
8,12,2012-01-01,D,0.0,0.25,0.0,0.539,TRAINING,1,0.0
9,12,2014-01-01,D,0.0,1.0,0.0,0.539,TRAINING,1,0.0
10,12,2016-01-01,D,0.0,0.8,0.0,0.539,TRAINING,1,0.0
11,12,2018-01-01,D,0.0,1.0,,0.539,TRAINING,1,0.0
14,14,2012-01-01,D,0.0,0.25,0.0,0.5191,TRAINING,1,0.0
15,14,2014-01-01,D,0.0,0.3333333333333333,0.0,0.5191,TRAINING,1,0.0
13,14,2016-01-01,D,0.0,0.4,3700.0,0.5191,TRAINING,1,3700.0
12,14,2018-01-01,D,3700.0,0.0,,0.5191,TRAINING,1,0.0
16,15,2012-01-01,D,0.0,0.0,0.0,0.5734,TESTING,1,0.0
17,15,2014-01-01,D,0.0,0.0,0.0,0.5734,TESTING,1,0.0
18,15,2016-01-01,D,0.0,0.2,0.0,0.5734,TESTING,1,0.0
19,15,2018-01-01,D,0.0,1.0,,0.5734,TESTING,1,0.0
21,16,2012-01-01,D,0.0,0.5,0.0,0.6265,TESTING,1,0.0
22,16,2014-01-01,D,0.0,0.3333333333333333,0.0,0.6265,TESTING,1,0.0
23,16,2016-01-01,D,0.0,0.8,0.0,0.6265,TESTING,1,0.0
20,16,2018-01-01,D,0.0,1.0,,0.6265,TESTING,1,0.0
26,17,2012-01-01,D,0.0,0.0,0.0,0.0466,TRAINING,1,0.0
27,17,2014-01-01,D,0.0,0.3333333333333333,0.0,0.0466,TRAINING,1,0.0
25,17,2016-01-01,D,0.0,0.8,0.0,0.0466,TRAINING,1,0.0
24,17,2018-01-01,D,0.0,1.0,,0.0466,TRAINING,1,0.0
28,18,2012-01-01,D,0.0,0.0,1000.0,0.4426,TRAINING,1,1000.0
29,18,2014-01-01,D,1000.0,0.3333333333333333,0.0,0.4426,TRAINING,1,-1000.0
30,18,2016-01-01,D,0.0,0.6,0.0,0.4426,TRAINING,1,0.0
31,18,2018-01-01,D,0.0,1.0,,0.4426,TRAINING,1,0.0
32,19,2012-01-01,D,0.0,0.0,0.0,0.5578,TESTING,1,0.0
33,19,2014-01-01,D,0.0,0.3333333333333333,0.0,0.5578,TESTING,1,0.0
34,19,2016-01-01,D,0.0,0.8,80.0,0.5578,TESTING,1,80.0
35,19,2018-01-01,D,80.0,1.0,,0.5578,TESTING,1,0.0
39,21,2012-01-01,D,250.0,0.0,0.0,0.8322,TESTING,1,-250.0
38,21,2014-01-01,D,0.0,0.3333333333333333,0.0,0.8322,TESTING,1,0.0
37,21,2016-01-01,D,0.0,0.4,0.0,0.8322,TESTING,1,0.0
36,21,2018-01-01,D,0.0,1.0,,0.8322,TESTING,1,0.0
40,22,2012-01-01,D,0.0,0.5,0.0,0.1685,TRAINING,1,0.0
41,22,2014-01-01,D,0.0,0.3333333333333333,0.0,0.1685,TRAINING,1,0.0
42,22,2016-01-01,D,0.0,0.8,0.0,0.1685,TRAINING,1,0.0
43,22,2018-01-01,D,0.0,0.0,,0.1685,TRAINING,1,0.0
44,23,2012-01-01,D,0.0,0.25,0.0,0.0769,TRAINING,1,0.0
45,23,2014-01-01,D,0.0,0.3333333333333333,0.0,0.0769,TRAINING,1,0.0
46,23,2016-01-01,D,0.0,0.4,0.0,0.0769,TRAINING,1,0.0
47,23,2018-01-01,D,0.0,1.0,,0.0769,TRAINING,1,0.0
50,24,2012-01-01,D,0.0,0.0,0.0,0.6949,TESTING,1,0.0
51,24,2014-01-01,D,0.0,0.3333333333333333,0.0,0.6949,TESTING,1,0.0
48,24,2016-01-01,D,0.0,0.8,0.0,0.6949,TESTING,1,0.0
49,24,2018-01-01,D,0.0,1.0,,0.6949,TESTING,1,0.0
55,28,2012-01-01,D,0.0,0.0,0.0,0.2433,TRAINING,1,0.0
54,28,2014-01-01,D,0.0,0.3333333333333333,0.0,0.2433,TRAINING,1,0.0
53,28,2016-01-01,D,0.0,0.4,0.0,0.2433,TRAINING,1,0.0
52,28,2018-01-01,D,0.0,1.0,,0.2433,TRAINING,1,0.0
56,30,2012-01-01,D,0.0,0.0,0.0,0.5311,TRAINING,1,0.0
57,30,2014-01-01,D,0.0,0.6666666666666666,0.0,0.5311,TRAINING,1,0.0
58,30,2016-01-01,D,0.0,0.8,0.0,0.5311,TRAINING,1,0.0
59,30,2018-01-01,D,0.0,1.0,,0.5311,TRAINING,1,0.0
60,34,2012-01-01,D,4675.0,0.5,0.0,0.5051,TRAINING,1,-4675.0
61,34,2014-01-01,D,0.0,0.6666666666666666,0.0,0.5051,TRAINING,1,0.0
62,34,2016-01-01,D,0.0,0.6,2000.0,0.5051,TRAINING,1,2000.0
63,34,2018-01-01,D,2000.0,1.0,,0.5051,TRAINING,1,0.0
66,37,2012-01-01,D,0.0,0.25,0.0,0.642,TESTING,1,0.0
67,37,2014-01-01,D,0.0,0.3333333333333333,0.0,0.642,TESTING,1,0.0
64,37,2016-01-01,D,0.0,0.8,0.0,0.642,TESTING,1,0.0
65,37,2018-01-01,D,0.0,0.5,,0.642,TESTING,1,0.0
68,38,2012-01-01,D,0.0,0.5,0.0,0.1184,TRAINING,1,0.0
69,38,2014-01-01,D,0.0,0.3333333333333333,0.0,0.1184,TRAINING,1,0.0
70,38,2016-01-01,D,0.0,0.8,0.0,0.1184,TRAINING,1,0.0
71,38,2018-01-01,D,0.0,1.0,,0.1184,TRAINING,1,0.0
72,39,2012-01-01,D,0.0,0.5,0.0,0.4555,TRAINING,1,0.0
73,39,2014-01-01,D,0.0,0.3333333333333333,1000.0,0.4555,TRAINING,1,1000.0
74,39,2016-01-01,D,1000.0,0.2,0.0,0.4555,TRAINING,1,-1000.0
75,39,2018-01-01,D,0.0,1.0,,0.4555,TRAINING,1,0.0
76,40,2012-01-01,D,0.0,0.25,0.0,0.3385,TRAINING,1,0.0
77,40,2014-01-01,D,0.0,0.3333333333333333,0.0,0.3385,TRAINING,1,0.0
78,40,2016-01-01,D,0.0,0.8,0.0,0.3385,TRAINING,1,0.0
79,40,2018-01-01,D,0.0,1.0,,0.3385,TRAINING,1,0.0
83,41,2012-01-01,D,0.0,0.25,0.0,0.6396,TESTING,1,0.0
82,41,2014-01-01,D,0.0,0.3333333333333333,0.0,0.6396,TESTING,1,0.0
80,41,2016-01-01,D,0.0,0.8,0.0,0.6396,TESTING,1,0.0
81,41,2018-01-01,D,0.0,1.0,,0.6396,TESTING,1,0.0
84,42,2012-01-01,D,2000.0,0.25,2000.0,0.8666,TESTING,1,0.0
85,42,2014-01-01,D,2000.0,0.3333333333333333,3300.0,0.8666,TESTING,1,1300.0
86,42,2016-01-01,D,3300.0,0.8,0.0,0.8666,TESTING,1,-3300.0
87,42,2018-01-01,D,0.0,1.0,,0.8666,TESTING,1,0.0
89,43,2012-01-01,D,0.0,0.0,0.0,0.9274,TESTING,1,0.0
90,43,2014-01-01,D,0.0,0.3333333333333333,0.0,0.9274,TESTING,1,0.0
91,43,2016-01-01,D,0.0,0.6,1177.0,0.9274,TESTING,1,1177.0
88,43,2018-01-01,D,1177.0,1.0,,0.9274,TESTING,1,0.0
95,45,2012-01-01,D,0.0,0.0,0.0,0.2558,TRAINING,1,0.0
94,45,2014-01-01,D,0.0,0.3333333333333333,0.0,0.2558,TRAINING,1,0.0
93,45,2016-01-01,D,0.0,0.6,3061.0,0.2558,TRAINING,1,3061.0
92,45,2018-01-01,D,3061.0,0.5,,0.2558,TRAINING,1,0.0
97,46,2012-01-01,D,0.0,0.0,0.0,0.7849,TESTING,1,0.0
98,46,2014-01-01,D,0.0,0.3333333333333333,0.0,0.7849,TESTING,1,0.0
99,46,2016-01-01,D,0.0,0.4,0.0,0.7849,TESTING,1,0.0
96,46,2018-01-01,D,0.0,0.5,,0.7849,TESTING,1,0.0
102,47,2012-01-01,D,0.0,0.5,0.0,0.2047,TRAINING,1,0.0
103,47,2014-01-01,D,0.0,0.3333333333333333,0.0,0.2047,TRAINING,1,0.0
100,47,2016-01-01,D,0.0,0.8,0.0,0.2047,TRAINING,1,0.0
101,47,2018-01-01,D,0.0,1.0,,0.2047,TRAINING,1,0.0
106,48,2012-01-01,D,0.0,0.25,0.0,0.2747,TRAINING,1,0.0
107,48,2014-01-01,D,0.0,0.3333333333333333,0.0,0.2747,TRAINING,1,0.0
104,48,2016-01-01,D,0.0,0.8,0.0,0.2747,TRAINING,1,0.0
105,48,2018-01-01,D,0.0,1.0,,0.2747,TRAINING,1,0.0
111,49,2012-01-01,D,0.0,0.25,0.0,0.9167,TESTING,1,0.0
110,49,2014-01-01,D,0.0,0.3333333333333333,0.0,0.9167,TESTING,1,0.0
109,49,2016-01-01,D,0.0,0.6,0.0,0.9167,TESTING,1,0.0
108,49,2018-01-01,D,0.0,1.0,,0.9167,TESTING,1,0.0
112,52,2012-01-01,D,0.0,0.0,0.0,0.9998,TESTING,1,0.0
113,52,2014-01-01,D,0.0,0.3333333333333333,0.0,0.9998,TESTING,1,0.0
114,52,2016-01-01,D,0.0,0.8,0.0,0.9998,TESTING,1,0.0
115,52,2018-01-01,D,0.0,1.0,,0.9998,TESTING,1,0.0
116,56,2012-01-01,D,0.0,0.5,0.0,0.0189,TRAINING,1,0.0
117,56,2014-01-01,D,0.0,0.6666666666666666,1000.0,0.0189,TRAINING,1,1000.0
118,56,2016-01-01,D,1000.0,1.0,0.0,0.0189,TRAINING,1,-1000.0
119,56,2018-01-01,D,0.0,1.0,,0.0189,TRAINING,1,0.0
122,60,2012-01-01,D,0.0,0.25,6000.0,0.2734,TRAINING,1,6000.0
123,60,2014-01-01,D,6000.0,0.3333333333333333,19250.0,0.2734,TRAINING,1,13250.0
120,60,2016-01-01,D,19250.0,0.8,2500.0,0.2734,TRAINING,1,-16750.0
121,60,2018-01-01,D,2500.0,1.0,,0.2734,TRAINING,1,0.0
124,61,2012-01-01,D,0.0,0.0,0.0,0.3005,TRAINING,1,0.0
125,61,2014-01-01,D,0.0,0.6666666666666666,0.0,0.3005,TRAINING,1,0.0
126,61,2016-01-01,D,0.0,0.6,0.0,0.3005,TRAINING,1,0.0
127,61,2018-01-01,D,0.0,0.5,,0.3005,TRAINING,1,0.0
128,62,2012-01-01,D,1000.0,0.0,2500.0,0.4658,TRAINING,1,1500.0
129,62,2014-01-01,D,2500.0,0.3333333333333333,0.0,0.4658,TRAINING,1,-2500.0
130,62,2016-01-01,D,0.0,0.8,1500.0,0.4658,TRAINING,1,1500.0
131,62,2018-01-01,D,1500.0,1.0,,0.4658,TRAINING,1,0.0
132,63,2012-01-01,D,1000.0,0.0,0.0,0.1899,TRAINING,1,-1000.0
133,63,2014-01-01,D,0.0,0.3333333333333333,7500.0,0.1899,TRAINING,1,7500.0
134,63,2016-01-01,D,7500.0,0.6,4500.0,0.1899,TRAINING,1,-3000.0
135,63,2018-01-01,D,4500.0,1.0,,0.1899,TRAINING,1,0.0
139,64,2012-01-01,D,0.0,0.25,0.0,0.7734,TESTING,1,0.0
138,64,2014-01-01,D,0.0,0.3333333333333333,0.0,0.7734,TESTING,1,0.0
137,64,2016-01-01,D,0.0,0.8,0.0,0.7734,TESTING,1,0.0
136,64,2018-01-01,D,0.0,1.0,,0.7734,TESTING,1,0.0
140,66,2012-01-01,D,0.0,0.25,2600.0,0.1267,TRAINING,1,2600.0
141,66,2014-01-01,D,2600.0,0.3333333333333333,2610.0,0.1267,TRAINING,1,10.0
142,66,2016-01-01,D,2610.0,0.6,1602.0,0.1267,TRAINING,1,-1008.0
143,66,2018-01-01,D,1602.0,1.0,,0.1267,TRAINING,1,0.0
144,67,2012-01-01,D,0.0,0.5,0.0,0.1528,TRAINING,1,0.0
145,67,2014-01-01,D,0.0,0.6666666666666666,0.0,0.1528,TRAINING,1,0.0
146,67,2016-01-01,D,0.0,0.6,0.0,0.1528,TRAINING,1,0.0
147,67,2018-01-01,D,0.0,1.0,,0.1528,TRAINING,1,0.0
148,68,2012-01-01,D,0.0,0.5,0.0,0.3556,TRAINING,1,0.0
149,68,2014-01-01,D,0.0,0.3333333333333333,0.0,0.3556,TRAINING,1,0.0
150,68,2016-01-01,D,0.0,0.8,0.0,0.3556,TRAINING,1,0.0
151,68,2018-01-01,D,0.0,1.0,,0.3556,TRAINING,1,0.0
154,71,2012-01-01,D,0.0,0.0,0.0,0.389,TRAINING,1,0.0
155,71,2014-01-01,D,0.0,0.3333333333333333,0.0,0.389,TRAINING,1,0.0
153,71,2016-01-01,D,0.0,0.6,0.0,0.389,TRAINING,1,0.0
152,71,2018-01-01,D,0.0,0.5,,0.389,TRAINING,1,0.0
156,73,2012-01-01,D,1000.0,0.0,1000.0,0.8838,TESTING,1,0.0
157,73,2014-01-01,D,1000.0,0.3333333333333333,1000.0,0.8838,TESTING,1,0.0
158,73,2016-01-01,D,1000.0,0.6,1000.0,0.8838,TESTING,1,0.0
159,73,2018-01-01,D,1000.0,1.0,,0.8838,TESTING,1,0.0
160,74,2012-01-01,D,0.0,0.5,0.0,0.5393,TRAINING,1,0.0
161,74,2014-01-01,D,0.0,0.3333333333333333,1000.0,0.5393,TRAINING,1,1000.0
162,74,2016-01-01,D,1000.0,0.8,1000.0,0.5393,TRAINING,1,0.0
163,74,2018-01-01,D,1000.0,1.0,,0.5393,TRAINING,1,0.0
167,75,2012-01-01,D,0.0,0.0,0.0,0.8792,TESTING,1,0.0
166,75,2014-01-01,D,0.0,0.3333333333333333,0.0,0.8792,TESTING,1,0.0
164,75,2016-01-01,D,0.0,0.6,0.0,0.8792,TESTING,1,0.0
165,75,2018-01-01,D,0.0,1.0,,0.8792,TESTING,1,0.0
168,77,2012-01-01,D,0.0,0.0,0.0,0.8433,TESTING,1,0.0
169,77,2014-01-01,D,0.0,0.3333333333333333,0.0,0.8433,TESTING,1,0.0
170,77,2016-01-01,D,0.0,0.6,0.0,0.8433,TESTING,1,0.0
171,77,2018-01-01,D,0.0,1.0,,0.8433,TESTING,1,0.0
172,78,2012-01-01,D,10500.0,0.25,7500.0,0.7513,TESTING,1,-3000.0
173,78,2014-01-01,D,7500.0,0.3333333333333333,5000.0,0.7513,TESTING,1,-2500.0
174,78,2016-01-01,D,5000.0,0.6,40020.0,0.7513,TESTING,1,35020.0
175,78,2018-01-01,D,40020.0,1.0,,0.7513,TESTING,1,0.0
179,79,2012-01-01,D,0.0,0.5,0.0,0.2612,TRAINING,1,0.0
178,79,2014-01-01,D,0.0,0.6666666666666666,0.0,0.2612,TRAINING,1,0.0
176,79,2016-01-01,D,0.0,0.8,0.0,0.2612,TRAINING,1,0.0
177,79,2018-01-01,D,0.0,1.0,,0.2612,TRAINING,1,0.0
180,80,2012-01-01,D,0.0,0.25,0.0,0.7041,TESTING,1,0.0
181,80,2014-01-01,D,0.0,0.3333333333333333,0.0,0.7041,TESTING,1,0.0
182,80,2016-01-01,D,0.0,0.8,0.0,0.7041,TESTING,1,0.0
183,80,2018-01-01,D,0.0,1.0,,0.7041,TESTING,1,0.0
184,81,2012-01-01,D,0.0,0.0,0.0,0.9555,TESTING,1,0.0
185,81,2014-01-01,D,0.0,0.3333333333333333,0.0,0.9555,TESTING,1,0.0
186,81,2016-01-01,D,0.0,0.6,0.0,0.9555,TESTING,1,0.0
187,81,2018-01-01,D,0.0,0.5,,0.9555,TESTING,1,0.0
191,82,2012-01-01,D,0.0,0.5,1050.0,0.6235,TESTING,1,1050.0
190,82,2014-01-01,D,1050.0,0.3333333333333333,1000.0,0.6235,TESTING,1,-50.0
189,82,2016-01-01,D,1000.0,0.8,0.0,0.6235,TESTING,1,-1000.0
188,82,2018-01-01,D,0.0,1.0,,0.6235,TESTING,1,0.0
192,84,2012-01-01,D,0.0,0.0,0.0,0.5486,TRAINING,1,0.0
193,84,2014-01-01,D,0.0,0.6666666666666666,0.0,0.5486,TRAINING,1,0.0
194,84,2016-01-01,D,0.0,0.6,0.0,0.5486,TRAINING,1,0.0
195,84,2018-01-01,D,0.0,1.0,,0.5486,TRAINING,1,0.0
196,85,2012-01-01,D,0.0,0.5,0.0,0.7099,TESTING,1,0.0
197,85,2014-01-01,D,0.0,0.3333333333333333,0.0,0.7099,TESTING,1,0.0
198,85,2016-01-01,D,0.0,0.6,0.0,0.7099,TESTING,1,0.0
199,85,2018-01-01,D,0.0,1.0,,0.7099,TESTING,1,0.0
203,86,2012-01-01,D,0.0,0.5,0.0,0.9670000000000001,TESTING,1,0.0
202,86,2014-01-01,D,0.0,0.3333333333333333,0.0,0.9670000000000001,TESTING,1,0.0
201,86,2016-01-01,D,0.0,0.6,0.0,0.9670000000000001,TESTING,1,0.0
200,86,2018-01-01,D,0.0,1.0,,0.9670000000000001,TESTING,1,0.0
204,89,2012-01-01,D,0.0,0.0,0.0,0.0775,TRAINING,1,0.0
205,89,2014-01-01,D,0.0,0.3333333333333333,0.0,0.0775,TRAINING,1,0.0
206,89,2016-01-01,D,0.0,0.6,0.0,0.0775,TRAINING,1,0.0
207,89,2018-01-01,D,0.0,1.0,,0.0775,TRAINING,1,0.0
208,90,2012-01-01,D,0.0,0.25,0.0,0.8226,TESTING,1,0.0
209,90,2014-01-01,D,0.0,0.3333333333333333,0.0,0.8226,TESTING,1,0.0
210,90,2016-01-01,D,0.0,0.6,0.0,0.8226,TESTING,1,0.0
211,90,2018-01-01,D,0.0,1.0,,0.8226,TESTING,1,0.0
214,91,2012-01-01,D,0.0,0.0,0.0,0.3152,TRAINING,1,0.0
215,91,2014-01-01,D,0.0,0.3333333333333333,0.0,0.3152,TRAINING,1,0.0
212,91,2016-01-01,D,0.0,0.8,2000.0,0.3152,TRAINING,1,2000.0
213,91,2018-01-01,D,2000.0,1.0,,0.3152,TRAINING,1,0.0
218,94,2012-01-01,D,0.0,0.75,0.0,0.1585,TRAINING,1,0.0
219,94,2014-01-01,D,0.0,0.6666666666666666,0.0,0.1585,TRAINING,1,0.0
216,94,2016-01-01,D,0.0,0.8,0.0,0.1585,TRAINING,1,0.0
217,94,2018-01-01,D,0.0,1.0,,0.1585,TRAINING,1,0.0
223,95,2012-01-01,D,2500.0,0.5,0.0,0.3943,TRAINING,1,-2500.0
222,95,2014-01-01,D,0.0,0.3333333333333333,6000.0,0.3943,TRAINING,1,6000.0
221,95,2016-01-01,D,6000.0,0.8,3515.0,0.3943,TRAINING,1,-2485.0
220,95,2018-01-01,D,3515.0,1.0,,0.3943,TRAINING,1,0.0
224,99,2012-01-01,D,0.0,0.25,0.0,0.7555,TESTING,1,0.0
225,99,2014-01-01,D,0.0,0.3333333333333333,0.0,0.7555,TESTING,1,0.0
226,99,2016-01-01,D,0.0,0.8,0.0,0.7555,TESTING,1,0.0
227,99,2018-01-01,D,0.0,1.0,,0.7555,TESTING,1,0.0
228,101,2012-01-01,D,0.0,0.0,0.0,0.3073,TRAINING,1,0.0
229,101,2014-01-01,D,0.0,0.3333333333333333,0.0,0.3073,TRAINING,1,0.0
230,101,2016-01-01,D,0.0,0.8,0.0,0.3073,TRAINING,1,0.0
231,101,2018-01-01,D,0.0,1.0,,0.3073,TRAINING,1,0.0
234,102,2012-01-01,D,0.0,0.75,0.0,0.1021,TRAINING,1,0.0
235,102,2014-01-01,D,0.0,0.6666666666666666,0.0,0.1021,TRAINING,1,0.0
232,102,2016-01-01,D,0.0,0.8,0.0,0.1021,TRAINING,1,0.0
233,102,2018-01-01,D,0.0,1.0,,0.1021,TRAINING,1,0.0
236,103,2012-01-01,D,0.0,0.0,0.0,0.3843,TRAINING,1,0.0
237,103,2014-01-01,D,0.0,0.3333333333333333,0.0,0.3843,TRAINING,1,0.0
238,103,2016-01-01,D,0.0,0.4,0.0,0.3843,TRAINING,1,0.0
239,103,2018-01-01,D,0.0,1.0,,0.3843,TRAINING,1,0.0
240,104,2012-01-01,D,0.0,0.25,2500.0,0.7989,TESTING,1,2500.0
241,104,2014-01-01,D,2500.0,0.3333333333333333,0.0,0.7989,TESTING,1,-2500.0
242,104,2016-01-01,D,0.0,0.6,0.0,0.7989,TESTING,1,0.0
243,104,2018-01-01,D,0.0,1.0,,0.7989,TESTING,1,0.0
244,106,2012-01-01,D,0.0,0.0,0.0,0.9692,TESTING,1,0.0
245,106,2014-01-01,D,0.0,0.3333333333333333,0.0,0.9692,TESTING,1,0.0
246,106,2016-01-01,D,0.0,0.8,0.0,0.9692,TESTING,1,0.0
247,106,2018-01-01,D,0.0,1.0,,0.9692,TESTING,1,0.0
251,107,2012-01-01,D,0.0,0.25,0.0,0.6873,TESTING,1,0.0
250,107,2014-01-01,D,0.0,0.3333333333333333,0.0,0.6873,TESTING,1,0.0
249,107,2016-01-01,D,0.0,0.6,0.0,0.6873,TESTING,1,0.0
248,107,2018-01-01,D,0.0,1.0,,0.6873,TESTING,1,0.0
252,108,2012-01-01,D,0.0,0.75,0.0,0.5675,TESTING,1,0.0
253,108,2014-01-01,D,0.0,0.0,0.0,0.5675,TESTING,1,0.0
254,108,2016-01-01,D,0.0,0.8,0.0,0.5675,TESTING,1,0.0
255,108,2018-01-01,D,0.0,1.0,,0.5675,TESTING,1,0.0
256,109,2012-01-01,D,0.0,0.0,0.0,0.0161,TRAINING,1,0.0
257,109,2014-01-01,D,0.0,0.3333333333333333,0.0,0.0161,TRAINING,1,0.0
258,109,2016-01-01,D,0.0,0.8,0.0,0.0161,TRAINING,1,0.0
259,109,2018-01-01,D,0.0,1.0,,0.0161,TRAINING,1,0.0
260,110,2012-01-01,D,0.0,0.5,3500.0,0.4297,TRAINING,1,3500.0
261,110,2014-01-01,D,3500.0,0.3333333333333333,0.0,0.4297,TRAINING,1,-3500.0
262,110,2016-01-01,D,0.0,0.8,0.0,0.4297,TRAINING,1,0.0
263,110,2018-01-01,D,0.0,1.0,,0.4297,TRAINING,1,0.0
266,113,2012-01-01,D,0.0,0.5,0.0,0.0995,TRAINING,1,0.0
267,113,2014-01-01,D,0.0,0.3333333333333333,0.0,0.0995,TRAINING,1,0.0
265,113,2016-01-01,D,0.0,0.8,5.0,0.0995,TRAINING,1,5.0
264,113,2018-01-01,D,5.0,1.0,,0.0995,TRAINING,1,0.0
268,114,2012-01-01,D,0.0,0.25,0.0,0.7629,TESTING,1,0.0
269,114,2014-01-01,D,0.0,0.3333333333333333,1000.0,0.7629,TESTING,1,1000.0
270,114,2016-01-01,D,1000.0,0.6,0.0,0.7629,TESTING,1,-1000.0
271,114,2018-01-01,D,0.0,1.0,,0.7629,TESTING,1,0.0
272,115,2012-01-01,D,0.0,0.0,0.0,0.9467,TESTING,1,0.0
273,115,2014-01-01,D,0.0,0.3333333333333333,0.0,0.9467,TESTING,1,0.0
274,115,2016-01-01,D,0.0,0.8,0.0,0.9467,TESTING,1,0.0
275,115,2018-01-01,D,0.0,1.0,,0.9467,TESTING,1,0.0
279,119,2012-01-01,D,0.0,0.0,0.0,0.1016,TRAINING,1,0.0
278,119,2014-01-01,D,0.0,0.3333333333333333,2000.0,0.1016,TRAINING,1,2000.0
277,119,2016-01-01,D,2000.0,0.6,3500.0,0.1016,TRAINING,1,1500.0
276,119,2018-01-01,D,3500.0,1.0,,0.1016,TRAINING,1,0.0
280,120,2012-01-01,D,0.0,0.25,0.0,0.7869,TESTING,1,0.0
281,120,2014-01-01,D,0.0,0.3333333333333333,0.0,0.7869,TESTING,1,0.0
282,120,2016-01-01,D,0.0,0.6,0.0,0.7869,TESTING,1,0.0
283,120,2018-01-01,D,0.0,1.0,,0.7869,TESTING,1,0.0
284,121,2012-01-01,D,0.0,0.25,0.0,0.6439,TESTING,1,0.0
285,121,2014-01-01,D,0.0,0.3333333333333333,0.0,0.6439,TESTING,1,0.0
286,121,2016-01-01,D,0.0,0.8,0.0,0.6439,TESTING,1,0.0
287,121,2018-01-01,D,0.0,1.0,,0.6439,TESTING,1,0.0
290,123,2012-01-01,D,0.0,0.5,0.0,0.7892,TESTING,1,0.0
291,123,2014-01-01,D,0.0,0.3333333333333333,0.0,0.7892,TESTING,1,0.0
288,123,2016-01-01,D,0.0,0.8,0.0,0.7892,TESTING,1,0.0
289,123,2018-01-01,D,0.0,1.0,,0.7892,TESTING,1,0.0
292,124,2012-01-01,D,0.0,0.25,0.0,0.6863,TESTING,1,0.0
293,124,2014-01-01,D,0.0,0.3333333333333333,0.0,0.6863,TESTING,1,0.0
294,124,2016-01-01,D,0.0,0.8,0.0,0.6863,TESTING,1,0.0
295,124,2018-01-01,D,0.0,1.0,,0.6863,TESTING,1,0.0
296,125,2012-01-01,D,250.0,0.0,0.0,0.7916,TESTING,1,-250.0
297,125,2014-01-01,D,0.0,0.3333333333333333,0.0,0.7916,TESTING,1,0.0
298,125,2016-01-01,D,0.0,0.4,650.0,0.7916,TESTING,1,650.0
299,125,2018-01-01,D,650.0,1.0,,0.7916,TESTING,1,0.0
301,134,2012-01-01,D,0.0,0.0,0.0,0.8529,TESTING,1,0.0
302,134,2014-01-01,D,0.0,0.3333333333333333,0.0,0.8529,TESTING,1,0.0
303,134,2016-01-01,D,0.0,0.6,0.0,0.8529,TESTING,1,0.0
300,134,2018-01-01,D,0.0,1.0,,0.8529,TESTING,1,0.0
306,136,2012-01-01,D,0.0,0.5,0.0,0.0878,TRAINING,1,0.0
307,136,2014-01-01,D,0.0,0.3333333333333333,0.0,0.0878,TRAINING,1,0.0
305,136,2016-01-01,D,0.0,0.8,0.0,0.0878,TRAINING,1,0.0
304,136,2018-01-01,D,0.0,0.5,,0.0878,TRAINING,1,0.0
308,137,2012-01-01,D,0.0,0.25,0.0,0.9268,TESTING,1,0.0
309,137,2014-01-01,D,0.0,0.3333333333333333,0.0,0.9268,TESTING,1,0.0
310,137,2016-01-01,D,0.0,0.6,0.0,0.9268,TESTING,1,0.0
311,137,2018-01-01,D,0.0,1.0,,0.9268,TESTING,1,0.0
312,138,2012-01-01,D,0.0,0.25,0.0,0.4887,TRAINING,1,0.0
313,138,2014-01-01,D,0.0,0.3333333333333333,0.0,0.4887,TRAINING,1,0.0
314,138,2016-01-01,D,0.0,0.8,0.0,0.4887,TRAINING,1,0.0
315,138,2018-01-01,D,0.0,1.0,,0.4887,TRAINING,1,0.0
319,139,2012-01-01,D,0.0,0.25,0.0,0.4859,TRAINING,1,0.0
318,139,2014-01-01,D,0.0,0.3333333333333333,0.0,0.4859,TRAINING,1,0.0
317,139,2016-01-01,D,0.0,0.8,0.0,0.4859,TRAINING,1,0.0
316,139,2018-01-01,D,0.0,1.0,,0.4859,TRAINING,1,0.0
320,141,2012-01-01,D,2000.0,0.25,3000.0,0.6331,TESTING,1,1000.0
321,141,2014-01-01,D,3000.0,0.3333333333333333,2000.0,0.6331,TESTING,1,-1000.0
322,141,2016-01-01,D,2000.0,0.6,1000.0,0.6331,TESTING,1,-1000.0
323,141,2018-01-01,D,1000.0,1.0,,0.6331,TESTING,1,0.0
324,142,2012-01-01,D,2000.0,0.75,2000.0,0.8571,TESTING,1,0.0
325,142,2014-01-01,D,2000.0,0.3333333333333333,0.0,0.8571,TESTING,1,-2000.0
326,142,2016-01-01,D,0.0,0.8,5400.0,0.8571,TESTING,1,5400.0
327,142,2018-01-01,D,5400.0,1.0,,0.8571,TESTING,1,0.0
330,145,2012-01-01,D,0.0,0.75,0.0,0.8684,TESTING,1,0.0
331,145,2014-01-01,D,0.0,0.3333333333333333,0.0,0.8684,TESTING,1,0.0
328,145,2016-01-01,D,0.0,0.8,0.0,0.8684,TESTING,1,0.0
329,145,2018-01-01,D,0.0,1.0,,0.8684,TESTING,1,0.0
335,146,2012-01-01,D,0.0,0.0,6050.0,0.7208,TESTING,1,6050.0
334,146,2014-01-01,D,6050.0,0.3333333333333333,2000.0,0.7208,TESTING,1,-4050.0
333,146,2016-01-01,D,2000.0,0.6,500.0,0.7208,TESTING,1,-1500.0
332,146,2018-01-01,D,500.0,1.0,,0.7208,TESTING,1,0.0
336,148,2012-01-01,D,0.0,0.25,0.0,0.5276,TRAINING,1,0.0
337,148,2014-01-01,D,0.0,0.3333333333333333,0.0,0.5276,TRAINING,1,0.0
338,148,2016-01-01,D,0.0,0.8,0.0,0.5276,TRAINING,1,0.0
339,148,2018-01-01,D,0.0,0.5,,0.5276,TRAINING,1,0.0
340,150,2012-01-01,D,0.0,0.5,1000.0,0.2062,TRAINING,1,1000.0
341,150,2014-01-01,D,1000.0,0.3333333333333333,2500.0,0.2062,TRAINING,1,1500.0
342,150,2016-01-01,D,2500.0,0.6,10000.0,0.2062,TRAINING,1,7500.0
343,150,2018-01-01,D,10000.0,1.0,,0.2062,TRAINING,1,0.0
345,151,2012-01-01,D,0.0,0.25,0.0,0.0064,TRAINING,1,0.0
344,151,2014-01-01,D,0.0,0.3333333333333333,0.0,0.0064,TRAINING,1,0.0
346,151,2016-01-01,D,0.0,0.6,0.0,0.0064,TRAINING,1,0.0
347,151,2018-01-01,D,0.0,1.0,,0.0064,TRAINING,1,0.0
350,152,2012-01-01,D,2000.0,0.0,500.0,0.8006,TESTING,1,-1500.0
351,152,2014-01-01,D,500.0,0.3333333333333333,1250.0,0.8006,TESTING,1,750.0
349,152,2016-01-01,D,1250.0,0.8,2550.0,0.8006,TESTING,1,1300.0
348,152,2018-01-01,D,2550.0,1.0,,0.8006,TESTING,1,0.0
353,154,2012-01-01,D,0.0,0.0,0.0,0.2568,TRAINING,1,0.0
354,154,2014-01-01,D,0.0,0.3333333333333333,0.0,0.2568,TRAINING,1,0.0
355,154,2016-01-01,D,0.0,0.8,0.0,0.2568,TRAINING,1,0.0
352,154,2018-01-01,D,0.0,1.0,,0.2568,TRAINING,1,0.0
358,156,2012-01-01,D,0.0,0.25,1500.0,0.5463,TRAINING,1,1500.0
359,156,2014-01-01,D,1500.0,0.3333333333333333,2500.0,0.5463,TRAINING,1,1000.0
356,156,2016-01-01,D,2500.0,0.8,0.0,0.5463,TRAINING,1,-2500.0
357,156,2018-01-01,D,0.0,1.0,,0.5463,TRAINING,1,0.0
362,157,2012-01-01,D,0.0,0.0,0.0,0.2027,TRAINING,1,0.0
363,157,2014-01-01,D,0.0,0.3333333333333333,0.0,0.2027,TRAINING,1,0.0
361,157,2016-01-01,D,0.0,0.6,0.0,0.2027,TRAINING,1,0.0
360,157,2018-01-01,D,0.0,1.0,,0.2027,TRAINING,1,0.0
364,159,2012-01-01,D,1500.0,0.0,5200.0,0.2695,TRAINING,1,3700.0
365,159,2014-01-01,D,5200.0,0.3333333333333333,0.0,0.2695,TRAINING,1,-5200.0
366,159,2016-01-01,D,0.0,0.6,0.0,0.2695,TRAINING,1,0.0
367,159,2018-01-01,D,0.0,1.0,,0.2695,TRAINING,1,0.0
369,160,2012-01-01,D,0.0,0.5,0.0,0.9687,TESTING,1,0.0
370,160,2014-01-01,D,0.0,0.6666666666666666,4200.0,0.9687,TESTING,1,4200.0
371,160,2016-01-01,D,4200.0,0.8,0.0,0.9687,TESTING,1,-4200.0
368,160,2018-01-01,D,0.0,1.0,,0.9687,TESTING,1,0.0
375,161,2012-01-01,D,0.0,0.0,1000.0,0.5258,TRAINING,1,1000.0
374,161,2014-01-01,D,1000.0,0.3333333333333333,0.0,0.5258,TRAINING,1,-1000.0
373,161,2016-01-01,D,0.0,0.6,0.0,0.5258,TRAINING,1,0.0
372,161,2018-01-01,D,0.0,1.0,,0.5258,TRAINING,1,0.0
377,162,2012-01-01,D,450.0,0.5,2000.0,0.5618,TESTING,1,1550.0
378,162,2014-01-01,D,2000.0,0.3333333333333333,2725.0,0.5618,TESTING,1,725.0
379,162,2016-01-01,D,2725.0,0.8,5272.0,0.5618,TESTING,1,2547.0
376,162,2018-01-01,D,5272.0,1.0,,0.5618,TESTING,1,0.0
382,165,2012-01-01,D,950.0,0.5,3300.0,0.6736,TESTING,1,2350.0
380,165,2014-01-01,D,3300.0,0.6666666666666666,800.0,0.6736,TESTING,1,-2500.0
381,165,2016-01-01,D,800.0,0.8,0.0,0.6736,TESTING,1,-800.0
383,165,2018-01-01,D,0.0,1.0,,0.6736,TESTING,1,0.0
387,166,2012-01-01,D,2500.0,0.0,0.0,0.0391,TRAINING,1,-2500.0
386,166,2014-01-01,D,0.0,0.3333333333333333,0.0,0.0391,TRAINING,1,0.0
385,166,2016-01-01,D,0.0,0.6,0.0,0.0391,TRAINING,1,0.0
384,166,2018-01-01,D,0.0,1.0,,0.0391,TRAINING,1,0.0
388,167,2012-01-01,D,1000.0,0.0,0.0,0.5892,TESTING,1,-1000.0
389,167,2014-01-01,D,0.0,0.3333333333333333,0.0,0.5892,TESTING,1,0.0
390,167,2016-01-01,D,0.0,0.6,0.0,0.5892,TESTING,1,0.0
391,167,2018-01-01,D,0.0,1.0,,0.5892,TESTING,1,0.0
392,168,2012-01-01,D,0.0,0.0,0.0,0.3561,TRAINING,1,0.0
393,168,2014-01-01,D,0.0,0.3333333333333333,0.0,0.3561,TRAINING,1,0.0
394,168,2016-01-01,D,0.0,0.6,0.0,0.3561,TRAINING,1,0.0
395,168,2018-01-01,D,0.0,1.0,,0.3561,TRAINING,1,0.0
399,169,2012-01-01,D,0.0,0.5,4600.0,0.6184,TESTING,1,4600.0
398,169,2014-01-01,D,4600.0,0.6666666666666666,3500.0,0.6184,TESTING,1,-1100.0
397,169,2016-01-01,D,3500.0,0.8,3005.0,0.6184,TESTING,1,-495.0
396,169,2018-01-01,D,3005.0,1.0,,0.6184,TESTING,1,0.0
400,172,2012-01-01,D,0.0,0.25,0.0,0.3099,TRAINING,1,0.0
401,172,2014-01-01,D,0.0,0.3333333333333333,0.0,0.3099,TRAINING,1,0.0
402,172,2016-01-01,D,0.0,0.0,0.0,0.3099,TRAINING,1,0.0
403,172,2018-01-01,D,0.0,0.0,,0.3099,TRAINING,1,0.0
404,174,2012-01-01,D,0.0,0.0,500.0,0.6278,TESTING,1,500.0
405,174,2014-01-01,D,500.0,0.3333333333333333,31.0,0.6278,TESTING,1,-469.0
406,174,2016-01-01,D,31.0,0.8,170.0,0.6278,TESTING,1,139.0
407,174,2018-01-01,D,170.0,1.0,,0.6278,TESTING,1,0.0
410,178,2012-01-01,D,0.0,0.75,0.0,0.8392,TESTING,1,0.0
411,178,2014-01-01,D,0.0,0.3333333333333333,0.0,0.8392,TESTING,1,0.0
408,178,2016-01-01,D,0.0,0.8,15.0,0.8392,TESTING,1,15.0
409,178,2018-01-01,D,15.0,1.0,,0.8392,TESTING,1,0.0
412,179,2012-01-01,D,0.0,0.0,0.0,0.3104,TRAINING,1,0.0
413,179,2014-01-01,D,0.0,0.3333333333333333,0.0,0.3104,TRAINING,1,0.0
414,179,2016-01-01,D,0.0,0.6,0.0,0.3104,TRAINING,1,0.0
415,179,2018-01-01,D,0.0,1.0,,0.3104,TRAINING,1,0.0
416,182,2012-01-01,D,0.0,0.5,1000.0,0.7215,TESTING,1,1000.0
417,182,2014-01-01,D,1000.0,0.3333333333333333,1000.0,0.7215,TESTING,1,0.0
418,182,2016-01-01,D,1000.0,0.8,25.0,0.7215,TESTING,1,-975.0
419,182,2018-01-01,D,25.0,1.0,,0.7215,TESTING,1,0.0
422,185,2012-01-01,D,0.0,0.25,0.0,0.2454,TRAINING,1,0.0
423,185,2014-01-01,D,0.0,0.3333333333333333,0.0,0.2454,TRAINING,1,0.0
420,185,2016-01-01,D,0.0,0.8,0.0,0.2454,TRAINING,1,0.0
421,185,2018-01-01,D,0.0,1.0,,0.2454,TRAINING,1,0.0
424,186,2012-01-01,D,250.0,0.0,0.0,0.8996,TESTING,1,-250.0
425,186,2014-01-01,D,0.0,0.3333333333333333,250.0,0.8996,TESTING,1,250.0
426,186,2016-01-01,D,250.0,0.8,1000.0,0.8996,TESTING,1,750.0
427,186,2018-01-01,D,1000.0,1.0,,0.8996,TESTING,1,0.0
428,187,2012-01-01,D,0.0,0.75,5200.0,0.2731,TRAINING,1,5200.0
429,187,2014-01-01,D,5200.0,0.3333333333333333,6400.0,0.2731,TRAINING,1,1200.0
430,187,2016-01-01,D,6400.0,0.6,5435.0,0.2731,TRAINING,1,-965.0
431,187,2018-01-01,D,5435.0,1.0,,0.2731,TRAINING,1,0.0
433,188,2012-01-01,D,1000.0,0.25,0.0,0.8154,TESTING,1,-1000.0
434,188,2014-01-01,D,0.0,0.3333333333333333,2700.0,0.8154,TESTING,1,2700.0
435,188,2016-01-01,D,2700.0,0.8,0.0,0.8154,TESTING,1,-2700.0
432,188,2018-01-01,D,0.0,1.0,,0.8154,TESTING,1,0.0
438,191,2012-01-01,D,500.0,0.0,0.0,0.9762,TESTING,1,-500.0
439,191,2014-01-01,D,0.0,0.3333333333333333,0.0,0.9762,TESTING,1,0.0
436,191,2016-01-01,D,0.0,0.6,0.0,0.9762,TESTING,1,0.0
437,191,2018-01-01,D,0.0,1.0,,0.9762,TESTING,1,0.0
442,193,2012-01-01,D,0.0,0.25,0.0,0.5056,TRAINING,1,0.0
443,193,2014-01-01,D,0.0,0.3333333333333333,0.0,0.5056,TRAINING,1,0.0
440,193,2016-01-01,D,0.0,0.6,0.0,0.5056,TRAINING,1,0.0
441,193,2018-01-01,D,0.0,1.0,,0.5056,TRAINING,1,0.0
446,194,2012-01-01,D,0.0,0.25,0.0,0.8109999999999999,TESTING,1,0.0
447,194,2014-01-01,D,0.0,0.3333333333333333,0.0,0.8109999999999999,TESTING,1,0.0
444,194,2016-01-01,D,0.0,0.6,0.0,0.8109999999999999,TESTING,1,0.0
445,194,2018-01-01,D,0.0,1.0,,0.8109999999999999,TESTING,1,0.0
448,195,2012-01-01,D,0.0,0.5,0.0,0.384,TRAINING,1,0.0
449,195,2014-01-01,D,0.0,0.3333333333333333,1000.0,0.384,TRAINING,1,1000.0
450,195,2016-01-01,D,1000.0,0.8,500.0,0.384,TRAINING,1,-500.0
451,195,2018-01-01,D,500.0,1.0,,0.384,TRAINING,1,0.0
452,197,2012-01-01,D,2500.0,0.0,0.0,0.1028,TRAINING,1,-2500.0
453,197,2014-01-01,D,0.0,0.3333333333333333,0.0,0.1028,TRAINING,1,0.0
454,197,2016-01-01,D,0.0,0.6,0.0,0.1028,TRAINING,1,0.0
455,197,2018-01-01,D,0.0,1.0,,0.1028,TRAINING,1,0.0
456,198,2012-01-01,D,0.0,0.25,0.0,0.7385,TESTING,1,0.0
457,198,2014-01-01,D,0.0,0.6666666666666666,0.0,0.7385,TESTING,1,0.0
458,198,2016-01-01,D,0.0,0.8,0.0,0.7385,TESTING,1,0.0
459,198,2018-01-01,D,0.0,1.0,,0.7385,TESTING,1,0.0
462,199,2012-01-01,D,0.0,0.0,0.0,0.0502,TRAINING,1,0.0
463,199,2014-01-01,D,0.0,0.3333333333333333,500.0,0.0502,TRAINING,1,500.0
461,199,2016-01-01,D,500.0,0.6,0.0,0.0502,TRAINING,1,-500.0
460,199,2018-01-01,D,0.0,1.0,,0.0502,TRAINING,1,0.0
464,200,2012-01-01,R,0.0,1.0,0.0,0.691,TESTING,0,0.0
465,200,2014-01-01,R,0.0,0.6666666666666666,0.0,0.691,TESTING,0,0.0
466,200,2016-01-01,R,0.0,0.8,0.0,0.691,TESTING,0,0.0
467,200,2018-01-01,R,0.0,0.0,,0.691,TESTING,0,0.0
469,203,2012-01-01,R,0.0,1.0,0.0,0.9062,TESTING,0,0.0
470,203,2014-01-01,R,0.0,0.6666666666666666,0.0,0.9062,TESTING,0,0.0
471,203,2016-01-01,R,0.0,0.6,0.0,0.9062,TESTING,0,0.0
468,203,2018-01-01,R,0.0,0.0,,0.9062,TESTING,0,0.0
474,205,2012-01-01,R,0.0,0.5,0.0,0.6938,TESTING,0,0.0
475,205,2014-01-01,R,0.0,0.6666666666666666,6000.0,0.6938,TESTING,0,6000.0
473,205,2016-01-01,R,6000.0,0.8,5000.0,0.6938,TESTING,0,-1000.0
472,205,2018-01-01,R,5000.0,0.0,,0.6938,TESTING,0,0.0
476,206,2012-01-01,R,0.0,0.5,0.0,0.4488,TRAINING,0,0.0
477,206,2014-01-01,R,0.0,0.6666666666666666,1000.0,0.4488,TRAINING,0,1000.0
478,206,2016-01-01,R,1000.0,0.8,0.0,0.4488,TRAINING,0,-1000.0
479,206,2018-01-01,R,0.0,0.0,,0.4488,TRAINING,0,0.0
480,207,2012-01-01,R,0.0,0.75,0.0,0.0206,TRAINING,0,0.0
481,207,2014-01-01,R,0.0,0.6666666666666666,0.0,0.0206,TRAINING,0,0.0
482,207,2016-01-01,R,0.0,0.8,0.0,0.0206,TRAINING,0,0.0
483,207,2018-01-01,R,0.0,0.0,,0.0206,TRAINING,0,0.0
487,211,2012-01-01,R,0.0,0.75,0.0,0.5134,TRAINING,0,0.0
486,211,2014-01-01,R,0.0,0.6666666666666666,0.0,0.5134,TRAINING,0,0.0
485,211,2016-01-01,R,0.0,0.8,0.0,0.5134,TRAINING,0,0.0
484,211,2018-01-01,R,0.0,0.0,,0.5134,TRAINING,0,0.0
488,212,2012-01-01,R,1000.0,0.75,1000.0,0.5977,TESTING,0,0.0
489,212,2014-01-01,R,1000.0,0.6666666666666666,1000.0,0.5977,TESTING,0,0.0
490,212,2016-01-01,R,1000.0,0.6,0.0,0.5977,TESTING,0,-1000.0
491,212,2018-01-01,R,0.0,0.0,,0.5977,TESTING,0,0.0
492,214,2012-01-01,R,0.0,0.75,0.0,0.7721,TESTING,0,0.0
493,214,2014-01-01,R,0.0,0.6666666666666666,0.0,0.7721,TESTING,0,0.0
494,214,2016-01-01,R,0.0,0.8,0.0,0.7721,TESTING,0,0.0
495,214,2018-01-01,R,0.0,0.0,,0.7721,TESTING,0,0.0
498,217,2012-01-01,R,0.0,0.75,0.0,0.7035,TESTING,0,0.0
499,217,2014-01-01,R,0.0,1.0,0.0,0.7035,TESTING,0,0.0
496,217,2016-01-01,R,0.0,0.8,0.0,0.7035,TESTING,0,0.0
497,217,2018-01-01,R,0.0,0.0,,0.7035,TESTING,0,0.0
503,226,2012-01-01,R,0.0,0.75,0.0,0.1484,TRAINING,0,0.0
502,226,2014-01-01,R,0.0,0.6666666666666666,0.0,0.1484,TRAINING,0,0.0
501,226,2016-01-01,R,0.0,0.8,0.0,0.1484,TRAINING,0,0.0
500,226,2018-01-01,R,0.0,0.0,,0.1484,TRAINING,0,0.0
504,227,2012-01-01,R,0.0,0.75,0.0,0.7858,TESTING,0,0.0
505,227,2014-01-01,R,0.0,0.6666666666666666,0.0,0.7858,TESTING,0,0.0
506,227,2016-01-01,R,0.0,0.6,0.0,0.7858,TESTING,0,0.0
507,227,2018-01-01,R,0.0,0.0,,0.7858,TESTING,0,0.0
508,233,2012-01-01,R,0.0,0.25,0.0,0.0863,TRAINING,0,0.0
509,233,2014-01-01,R,0.0,0.3333333333333333,0.0,0.0863,TRAINING,0,0.0
510,233,2016-01-01,R,0.0,0.6,0.0,0.0863,TRAINING,0,0.0
511,233,2018-01-01,R,0.0,0.0,,0.0863,TRAINING,0,0.0
514,234,2012-01-01,R,0.0,0.75,0.0,0.27899999999999997,TRAINING,0,0.0
515,234,2014-01-01,R,0.0,0.6666666666666666,0.0,0.27899999999999997,TRAINING,0,0.0
512,234,2016-01-01,R,0.0,0.8,0.0,0.27899999999999997,TRAINING,0,0.0
513,234,2018-01-01,R,0.0,0.5,,0.27899999999999997,TRAINING,0,0.0
516,235,2012-01-01,R,0.0,0.5,0.0,0.7408,TESTING,0,0.0
517,235,2014-01-01,R,0.0,0.3333333333333333,0.0,0.7408,TESTING,0,0.0
518,235,2016-01-01,R,0.0,0.6,0.0,0.7408,TESTING,0,0.0
519,235,2018-01-01,R,0.0,0.0,,0.7408,TESTING,0,0.0
520,240,2012-01-01,R,0.0,0.75,0.0,0.8755,TESTING,0,0.0
521,240,2014-01-01,R,0.0,0.6666666666666666,0.0,0.8755,TESTING,0,0.0
522,240,2016-01-01,R,0.0,0.8,0.0,0.8755,TESTING,0,0.0
523,240,2018-01-01,R,0.0,0.0,,0.8755,TESTING,0,0.0
524,247,2012-01-01,R,0.0,0.75,1000.0,0.5116,TRAINING,0,1000.0
525,247,2014-01-01,R,1000.0,0.6666666666666666,1000.0,0.5116,TRAINING,0,0.0
526,247,2016-01-01,R,1000.0,0.8,2601.0,0.5116,TRAINING,0,1601.0
527,247,2018-01-01,R,2601.0,0.0,,0.5116,TRAINING,0,0.0
531,252,2012-01-01,R,2500.0,0.5,1000.0,0.6019,TESTING,0,-1500.0
530,252,2014-01-01,R,1000.0,1.0,0.0,0.6019,TESTING,0,-1000.0
528,252,2016-01-01,R,0.0,0.6,0.0,0.6019,TESTING,0,0.0
529,252,2018-01-01,R,0.0,0.5,,0.6019,TESTING,0,0.0
532,253,2012-01-01,R,2500.0,0.75,1000.0,0.1757,TRAINING,0,-1500.0
533,253,2014-01-01,R,1000.0,0.0,0.0,0.1757,TRAINING,0,-1000.0
534,253,2016-01-01,R,0.0,0.0,0.0,0.1757,TRAINING,0,0.0
535,253,2018-01-01,R,0.0,0.0,,0.1757,TRAINING,0,0.0
537,258,2012-01-01,R,0.0,0.25,0.0,0.7574,TESTING,0,0.0
538,258,2014-01-01,R,0.0,0.6666666666666666,0.0,0.7574,TESTING,0,0.0
539,258,2016-01-01,R,0.0,0.4,0.0,0.7574,TESTING,0,0.0
536,258,2018-01-01,R,0.0,0.0,,0.7574,TESTING,0,0.0
543,260,2012-01-01,R,3500.0,0.75,2000.0,0.6374,TESTING,0,-1500.0
542,260,2014-01-01,R,2000.0,0.6666666666666666,4000.0,0.6374,TESTING,0,2000.0
541,260,2016-01-01,R,4000.0,0.8,1000.0,0.6374,TESTING,0,-3000.0
540,260,2018-01-01,R,1000.0,0.0,,0.6374,TESTING,0,0.0
545,261,2012-01-01,R,0.0,0.75,0.0,0.6892,TESTING,0,0.0
546,261,2014-01-01,R,0.0,0.6666666666666666,0.0,0.6892,TESTING,0,0.0
547,261,2016-01-01,R,0.0,0.6,0.0,0.6892,TESTING,0,0.0
544,261,2018-01-01,R,0.0,0.0,,0.6892,TESTING,0,0.0
550,265,2012-01-01,R,0.0,0.75,0.0,0.1678,TRAINING,0,0.0
551,265,2014-01-01,R,0.0,0.6666666666666666,0.0,0.1678,TRAINING,0,0.0
548,265,2016-01-01,R,0.0,0.8,0.0,0.1678,TRAINING,0,0.0
549,265,2018-01-01,R,0.0,0.0,,0.1678,TRAINING,0,0.0
554,268,2012-01-01,R,6500.0,0.75,3500.0,0.3242,TRAINING,0,-3000.0
555,268,2014-01-01,R,3500.0,0.6666666666666666,1500.0,0.3242,TRAINING,0,-2000.0
552,268,2016-01-01,R,1500.0,0.8,1500.0,0.3242,TRAINING,0,0.0
553,268,2018-01-01,R,1500.0,0.0,,0.3242,TRAINING,0,0.0
559,269,2012-01-01,R,4000.0,0.75,3000.0,0.4636,TRAINING,0,-1000.0
558,269,2014-01-01,R,3000.0,0.6666666666666666,9000.0,0.4636,TRAINING,0,6000.0
557,269,2016-01-01,R,9000.0,0.8,10000.0,0.4636,TRAINING,0,1000.0
556,269,2018-01-01,R,10000.0,0.0,,0.4636,TRAINING,0,0.0
560,271,2012-01-01,R,0.0,0.75,0.0,0.1059,TRAINING,0,0.0
561,271,2014-01-01,R,0.0,0.6666666666666666,0.0,0.1059,TRAINING,0,0.0
562,271,2016-01-01,R,0.0,0.8,0.0,0.1059,TRAINING,0,0.0
563,271,2018-01-01,R,0.0,0.0,,0.1059,TRAINING,0,0.0
564,273,2012-01-01,R,0.0,0.75,0.0,0.6668,TESTING,0,0.0
565,273,2014-01-01,R,0.0,0.3333333333333333,0.0,0.6668,TESTING,0,0.0
566,273,2016-01-01,R,0.0,0.8,0.0,0.6668,TESTING,0,0.0
567,273,2018-01-01,R,0.0,0.0,,0.6668,TESTING,0,0.0
570,280,2012-01-01,R,0.0,0.75,0.0,0.9914,TESTING,0,0.0
571,280,2014-01-01,R,0.0,0.6666666666666666,0.0,0.9914,TESTING,0,0.0
568,280,2016-01-01,R,0.0,0.8,0.0,0.9914,TESTING,0,0.0
569,280,2018-01-01,R,0.0,0.0,,0.9914,TESTING,0,0.0
572,281,2012-01-01,R,0.0,0.75,0.0,0.3157,TRAINING,0,0.0
573,281,2014-01-01,R,0.0,0.6666666666666666,0.0,0.3157,TRAINING,0,0.0
574,281,2016-01-01,R,0.0,0.6,0.0,0.3157,TRAINING,0,0.0
575,281,2018-01-01,R,0.0,0.0,,0.3157,TRAINING,0,0.0
576,282,2012-01-01,R,0.0,0.75,0.0,0.5915,TESTING,0,0.0
577,282,2014-01-01,R,0.0,0.6666666666666666,0.0,0.5915,TESTING,0,0.0
578,282,2016-01-01,R,0.0,0.8,0.0,0.5915,TESTING,0,0.0
579,282,2018-01-01,R,0.0,0.0,,0.5915,TESTING,0,0.0
580,285,2012-01-01,R,0.0,0.5,0.0,0.9789,TESTING,0,0.0
581,285,2014-01-01,R,0.0,0.6666666666666666,0.0,0.9789,TESTING,0,0.0
582,285,2016-01-01,R,0.0,0.2,0.0,0.9789,TESTING,0,0.0
583,285,2018-01-01,R,0.0,0.0,,0.9789,TESTING,0,0.0
587,287,2012-01-01,R,0.0,0.75,0.0,0.2693,TRAINING,0,0.0
586,287,2014-01-01,R,0.0,0.6666666666666666,0.0,0.2693,TRAINING,0,0.0
585,287,2016-01-01,R,0.0,0.8,0.0,0.2693,TRAINING,0,0.0
584,287,2018-01-01,R,0.0,0.0,,0.2693,TRAINING,0,0.0
588,289,2012-01-01,R,0.0,0.5,0.0,0.3627,TRAINING,0,0.0
589,289,2014-01-01,R,0.0,0.6666666666666666,0.0,0.3627,TRAINING,0,0.0
590,289,2016-01-01,R,0.0,0.8,0.0,0.3627,TRAINING,0,0.0
591,289,2018-01-01,R,0.0,0.0,,0.3627,TRAINING,0,0.0
592,295,2012-01-01,R,4000.0,0.75,5000.0,0.9555,TESTING,0,1000.0
593,295,2014-01-01,R,5000.0,0.6666666666666666,1750.0,0.9555,TESTING,0,-3250.0
594,295,2016-01-01,R,1750.0,0.8,13000.0,0.9555,TESTING,0,11250.0
595,295,2018-01-01,R,13000.0,0.0,,0.9555,TESTING,0,0.0
596,296,2012-01-01,R,0.0,0.5,0.0,0.545,TRAINING,0,0.0
597,296,2014-01-01,R,0.0,0.6666666666666666,0.0,0.545,TRAINING,0,0.0
598,296,2016-01-01,R,0.0,0.6,0.0,0.545,TRAINING,0,0.0
599,296,2018-01-01,R,0.0,0.0,,0.545,TRAINING,0,0.0
602,297,2012-01-01,R,0.0,0.75,0.0,0.1663,TRAINING,0,0.0
603,297,2014-01-01,R,0.0,0.6666666666666666,0.0,0.1663,TRAINING,0,0.0
601,297,2016-01-01,R,0.0,0.6,0.0,0.1663,TRAINING,0,0.0
600,297,2018-01-01,R,0.0,0.0,,0.1663,TRAINING,0,0.0
604,299,2012-01-01,R,0.0,0.75,0.0,0.9721,TESTING,0,0.0
605,299,2014-01-01,R,0.0,0.6666666666666666,0.0,0.9721,TESTING,0,0.0
606,299,2016-01-01,R,0.0,0.8,0.0,0.9721,TESTING,0,0.0
607,299,2018-01-01,R,0.0,0.0,,0.9721,TESTING,0,0.0
608,301,2012-01-01,R,0.0,0.75,0.0,0.5592,TESTING,0,0.0
609,301,2014-01-01,R,0.0,0.6666666666666666,0.0,0.5592,TESTING,0,0.0
610,301,2016-01-01,R,0.0,0.8,0.0,0.5592,TESTING,0,0.0
611,301,2018-01-01,R,0.0,0.0,,0.5592,TESTING,0,0.0
615,302,2012-01-01,R,500.0,0.5,0.0,0.7392,TESTING,0,-500.0
614,302,2014-01-01,R,0.0,0.6666666666666666,0.0,0.7392,TESTING,0,0.0
613,302,2016-01-01,R,0.0,0.4,0.0,0.7392,TESTING,0,0.0
612,302,2018-01-01,R,0.0,0.0,,0.7392,TESTING,0,0.0
616,303,2012-01-01,R,500.0,0.75,1000.0,0.1306,TRAINING,0,500.0
617,303,2014-01-01,R,1000.0,0.6666666666666666,0.0,0.1306,TRAINING,0,-1000.0
618,303,2016-01-01,R,0.0,1.0,0.0,0.1306,TRAINING,0,0.0
619,303,2018-01-01,R,0.0,0.0,,0.1306,TRAINING,0,0.0
620,307,2012-01-01,R,2000.0,0.75,1500.0,0.6776,TESTING,0,-500.0
621,307,2014-01-01,R,1500.0,0.6666666666666666,2500.0,0.6776,TESTING,0,1000.0
622,307,2016-01-01,R,2500.0,0.8,2950.0,0.6776,TESTING,0,450.0
623,307,2018-01-01,R,2950.0,0.0,,0.6776,TESTING,0,0.0
624,312,2012-01-01,R,2750.0,0.75,2500.0,0.5864,TESTING,0,-250.0
625,312,2014-01-01,R,2500.0,0.6666666666666666,3500.0,0.5864,TESTING,0,1000.0
626,312,2016-01-01,R,3500.0,0.8,2000.0,0.5864,TESTING,0,-1500.0
627,312,2018-01-01,R,2000.0,0.0,,0.5864,TESTING,0,0.0
630,314,2012-01-01,R,0.0,0.75,0.0,0.9474,TESTING,0,0.0
631,314,2014-01-01,R,0.0,0.6666666666666666,0.0,0.9474,TESTING,0,0.0
629,314,2016-01-01,R,0.0,0.8,0.0,0.9474,TESTING,0,0.0
628,314,2018-01-01,R,0.0,0.0,,0.9474,TESTING,0,0.0
632,317,2012-01-01,R,0.0,0.75,0.0,0.7526,TESTING,0,0.0
633,317,2014-01-01,R,0.0,0.3333333333333333,0.0,0.7526,TESTING,0,0.0
634,317,2016-01-01,R,0.0,0.8,0.0,0.7526,TESTING,0,0.0
635,317,2018-01-01,R,0.0,0.0,,0.7526,TESTING,0,0.0
636,319,2012-01-01,R,0.0,0.25,0.0,0.8901,TESTING,0,0.0
637,319,2014-01-01,R,0.0,0.3333333333333333,0.0,0.8901,TESTING,0,0.0
638,319,2016-01-01,R,0.0,0.2,50.0,0.8901,TESTING,0,50.0
639,319,2018-01-01,R,50.0,0.0,,0.8901,TESTING,0,0.0
643,320,2012-01-01,R,500.0,0.5,0.0,0.5575,TESTING,0,-500.0
642,320,2014-01-01,R,0.0,0.6666666666666666,2500.0,0.5575,TESTING,0,2500.0
641,320,2016-01-01,R,2500.0,0.8,1000.0,0.5575,TESTING,0,-1500.0
640,320,2018-01-01,R,1000.0,0.0,,0.5575,TESTING,0,0.0
644,322,2012-01-01,R,1000.0,0.5,1000.0,0.5529999999999999,TESTING,0,0.0
645,322,2014-01-01,R,1000.0,0.6666666666666666,0.0,0.5529999999999999,TESTING,0,-1000.0
646,322,2016-01-01,R,0.0,0.4,0.0,0.5529999999999999,TESTING,0,0.0
647,322,2018-01-01,R,0.0,0.0,,0.5529999999999999,TESTING,0,0.0
648,326,2012-01-01,R,0.0,0.75,0.0,0.4413,TRAINING,0,0.0
649,326,2014-01-01,R,0.0,0.6666666666666666,0.0,0.4413,TRAINING,0,0.0
650,326,2016-01-01,R,0.0,0.8,0.0,0.4413,TRAINING,0,0.0
651,326,2018-01-01,R,0.0,0.0,,0.4413,TRAINING,0,0.0
654,327,2012-01-01,R,0.0,0.75,0.0,0.3748,TRAINING,0,0.0
655,327,2014-01-01,R,0.0,0.6666666666666666,500.0,0.3748,TRAINING,0,500.0
652,327,2016-01-01,R,500.0,0.8,0.0,0.3748,TRAINING,0,-500.0
653,327,2018-01-01,R,0.0,0.0,,0.3748,TRAINING,0,0.0
656,329,2012-01-01,R,0.0,0.75,0.0,0.0663,TRAINING,0,0.0
657,329,2014-01-01,R,0.0,0.6666666666666666,0.0,0.0663,TRAINING,0,0.0
658,329,2016-01-01,R,0.0,0.6,2000.0,0.0663,TRAINING,0,2000.0
659,329,2018-01-01,R,2000.0,0.0,,0.0663,TRAINING,0,0.0
660,330,2012-01-01,R,0.0,0.75,0.0,0.1998,TRAINING,0,0.0
661,330,2014-01-01,R,0.0,1.0,0.0,0.1998,TRAINING,0,0.0
662,330,2016-01-01,R,0.0,0.6,0.0,0.1998,TRAINING,0,0.0
663,330,2018-01-01,R,0.0,0.0,,0.1998,TRAINING,0,0.0
665,331,2012-01-01,R,0.0,0.5,0.0,0.7994,TESTING,0,0.0
666,331,2014-01-01,R,0.0,0.3333333333333333,0.0,0.7994,TESTING,0,0.0
667,331,2016-01-01,R,0.0,0.6,0.0,0.7994,TESTING,0,0.0
664,331,2018-01-01,R,0.0,0.0,,0.7994,TESTING,0,0.0
670,332,2012-01-01,R,0.0,0.25,0.0,0.1495,TRAINING,0,0.0
671,332,2014-01-01,R,0.0,0.3333333333333333,0.0,0.1495,TRAINING,0,0.0
669,332,2016-01-01,R,0.0,0.4,0.0,0.1495,TRAINING,0,0.0
668,332,2018-01-01,R,0.0,0.0,,0.1495,TRAINING,0,0.0
672,333,2012-01-01,R,0.0,0.5,0.0,0.3304,TRAINING,0,0.0
673,333,2014-01-01,R,0.0,0.6666666666666666,0.0,0.3304,TRAINING,0,0.0
674,333,2016-01-01,R,0.0,0.4,0.0,0.3304,TRAINING,0,0.0
675,333,2018-01-01,R,0.0,0.0,,0.3304,TRAINING,0,0.0
676,336,2012-01-01,R,1000.0,0.75,0.0,0.3763,TRAINING,0,-1000.0
677,336,2014-01-01,R,0.0,0.6666666666666666,0.0,0.3763,TRAINING,0,0.0
678,336,2016-01-01,R,0.0,0.8,0.0,0.3763,TRAINING,0,0.0
679,336,2018-01-01,R,0.0,0.0,,0.3763,TRAINING,0,0.0
680,338,2012-01-01,R,0.0,0.75,0.0,0.5232,TRAINING,0,0.0
681,338,2014-01-01,R,0.0,0.6666666666666666,0.0,0.5232,TRAINING,0,0.0
682,338,2016-01-01,R,0.0,0.8,0.0,0.5232,TRAINING,0,0.0
683,338,2018-01-01,R,0.0,0.0,,0.5232,TRAINING,0,0.0
686,342,2012-01-01,R,12000.0,0.5,11250.0,0.1853,TRAINING,0,-750.0
687,342,2014-01-01,R,11250.0,0.6666666666666666,2000.0,0.1853,TRAINING,0,-9250.0
685,342,2016-01-01,R,2000.0,0.0,1000.0,0.1853,TRAINING,0,-1000.0
684,342,2018-01-01,R,1000.0,0.0,,0.1853,TRAINING,0,0.0
688,344,2012-01-01,R,0.0,0.75,0.0,0.6585,TESTING,0,0.0
689,344,2014-01-01,R,0.0,0.6666666666666666,0.0,0.6585,TESTING,0,0.0
690,344,2016-01-01,R,0.0,0.8,0.0,0.6585,TESTING,0,0.0
691,344,2018-01-01,R,0.0,0.0,,0.6585,TESTING,0,0.0
693,345,2012-01-01,R,0.0,0.5,0.0,0.1291,TRAINING,0,0.0
694,345,2014-01-01,R,0.0,0.6666666666666666,0.0,0.1291,TRAINING,0,0.0
695,345,2016-01-01,R,0.0,0.8,0.0,0.1291,TRAINING,0,0.0
692,345,2018-01-01,R,0.0,0.0,,0.1291,TRAINING,0,0.0
698,347,2012-01-01,R,1000.0,0.75,1000.0,0.3581,TRAINING,0,0.0
699,347,2014-01-01,R,1000.0,0.6666666666666666,0.0,0.3581,TRAINING,0,-1000.0
697,347,2016-01-01,R,0.0,0.8,0.0,0.3581,TRAINING,0,0.0
696,347,2018-01-01,R,0.0,0.0,,0.3581,TRAINING,0,0.0
700,350,2012-01-01,R,0.0,0.75,0.0,0.7554,TESTING,0,0.0
701,350,2014-01-01,R,0.0,0.6666666666666666,0.0,0.7554,TESTING,0,0.0
702,350,2016-01-01,R,0.0,0.8,0.0,0.7554,TESTING,0,0.0
703,350,2018-01-01,R,0.0,0.0,,0.7554,TESTING,0,0.0
704,357,2012-01-01,R,0.0,0.75,0.0,0.728,TESTING,0,0.0
705,357,2014-01-01,R,0.0,0.6666666666666666,0.0,0.728,TESTING,0,0.0
706,357,2016-01-01,R,0.0,0.8,0.0,0.728,TESTING,0,0.0
707,357,2018-01-01,R,0.0,0.0,,0.728,TESTING,0,0.0
711,358,2012-01-01,R,0.0,0.25,0.0,0.1636,TRAINING,0,0.0
710,358,2014-01-01,R,0.0,0.3333333333333333,0.0,0.1636,TRAINING,0,0.0
709,358,2016-01-01,R,0.0,0.2,0.0,0.1636,TRAINING,0,0.0
708,358,2018-01-01,R,0.0,0.0,,0.1636,TRAINING,0,0.0
712,360,2012-01-01,R,0.0,0.5,0.0,0.3696,TRAINING,0,0.0
713,360,2014-01-01,R,0.0,0.6666666666666666,0.0,0.3696,TRAINING,0,0.0
714,360,2016-01-01,R,0.0,0.6,0.0,0.3696,TRAINING,0,0.0
715,360,2018-01-01,R,0.0,0.0,,0.3696,TRAINING,0,0.0
716,361,2012-01-01,R,0.0,0.5,0.0,0.0698,TRAINING,0,0.0
717,361,2014-01-01,R,0.0,0.6666666666666666,0.0,0.0698,TRAINING,0,0.0
718,361,2016-01-01,R,0.0,0.6,0.0,0.0698,TRAINING,0,0.0
719,361,2018-01-01,R,0.0,0.0,,0.0698,TRAINING,0,0.0
722,369,2012-01-01,R,0.0,0.75,500.0,0.4737,TRAINING,0,500.0
723,369,2014-01-01,R,500.0,0.6666666666666666,2000.0,0.4737,TRAINING,0,1500.0
720,369,2016-01-01,R,2000.0,0.8,2000.0,0.4737,TRAINING,0,0.0
721,369,2018-01-01,R,2000.0,0.0,,0.4737,TRAINING,0,0.0
727,370,2012-01-01,R,0.0,0.75,0.0,0.0854,TRAINING,0,0.0
726,370,2014-01-01,R,0.0,0.6666666666666666,0.0,0.0854,TRAINING,0,0.0
725,370,2016-01-01,R,0.0,0.8,0.0,0.0854,TRAINING,0,0.0
724,370,2018-01-01,R,0.0,0.5,,0.0854,TRAINING,0,0.0
728,372,2012-01-01,R,0.0,0.75,0.0,0.8164,TESTING,0,0.0
729,372,2014-01-01,R,0.0,0.6666666666666666,0.0,0.8164,TESTING,0,0.0
730,372,2016-01-01,R,0.0,0.8,0.0,0.8164,TESTING,0,0.0
731,372,2018-01-01,R,0.0,0.0,,0.8164,TESTING,0,0.0
732,374,2012-01-01,R,0.0,0.75,500.0,0.5855,TESTING,0,500.0
733,374,2014-01-01,R,500.0,0.6666666666666666,0.0,0.5855,TESTING,0,-500.0
734,374,2016-01-01,R,0.0,0.6,2000.0,0.5855,TESTING,0,2000.0
735,374,2018-01-01,R,2000.0,0.0,,0.5855,TESTING,0,0.0
738,376,2012-01-01,R,3000.0,0.75,1000.0,0.7392,TESTING,0,-2000.0
739,376,2014-01-01,R,1000.0,0.6666666666666666,1750.0,0.7392,TESTING,0,750.0
736,376,2016-01-01,R,1750.0,0.8,1500.0,0.7392,TESTING,0,-250.0
737,376,2018-01-01,R,1500.0,0.0,,0.7392,TESTING,0,0.0
740,378,2012-01-01,R,0.0,0.5,0.0,0.6528,TESTING,0,0.0
741,378,2014-01-01,R,0.0,0.6666666666666666,0.0,0.6528,TESTING,0,0.0
742,378,2016-01-01,R,0.0,0.4,0.0,0.6528,TESTING,0,0.0
743,378,2018-01-01,R,0.0,0.0,,0.6528,TESTING,0,0.0
744,383,2012-01-01,R,0.0,0.5,0.0,0.5249,TRAINING,0,0.0
745,383,2014-01-01,R,0.0,0.6666666666666666,0.0,0.5249,TRAINING,0,0.0
746,383,2016-01-01,R,0.0,0.6,0.0,0.5249,TRAINING,0,0.0
747,383,2018-01-01,R,0.0,0.0,,0.5249,TRAINING,0,0.0
748,386,2012-01-01,R,0.0,0.5,0.0,0.5172,TRAINING,0,0.0
749,386,2014-01-01,R,0.0,0.6666666666666666,0.0,0.5172,TRAINING,0,0.0
750,386,2016-01-01,R,0.0,0.8,1000.0,0.5172,TRAINING,0,1000.0
751,386,2018-01-01,R,1000.0,0.0,,0.5172,TRAINING,0,0.0
755,390,2012-01-01,R,500.0,0.5,0.0,0.1707,TRAINING,0,-500.0
754,390,2014-01-01,R,0.0,0.6666666666666666,0.0,0.1707,TRAINING,0,0.0
753,390,2016-01-01,R,0.0,0.6,0.0,0.1707,TRAINING,0,0.0
752,390,2018-01-01,R,0.0,0.0,,0.1707,TRAINING,0,0.0
756,391,2012-01-01,R,0.0,0.75,0.0,0.5791,TESTING,0,0.0
757,391,2014-01-01,R,0.0,0.6666666666666666,0.0,0.5791,TESTING,0,0.0
758,391,2016-01-01,R,0.0,0.8,0.0,0.5791,TESTING,0,0.0
759,391,2018-01-01,R,0.0,0.0,,0.5791,TESTING,0,0.0
760,392,2012-01-01,R,0.0,0.5,0.0,0.9925,TESTING,0,0.0
761,392,2014-01-01,R,0.0,0.6666666666666666,0.0,0.9925,TESTING,0,0.0
762,392,2016-01-01,R,0.0,0.8,0.0,0.9925,TESTING,0,0.0
763,392,2018-01-01,R,0.0,0.0,,0.9925,TESTING,0,0.0
766,393,2012-01-01,R,0.0,0.75,0.0,0.5535,TESTING,0,0.0
767,393,2014-01-01,R,0.0,0.3333333333333333,0.0,0.5535,TESTING,0,0.0
764,393,2016-01-01,R,0.0,0.6,0.0,0.5535,TESTING,0,0.0
765,393,2018-01-01,R,0.0,0.0,,0.5535,TESTING,0,0.0
768,395,2012-01-01,R,2000.0,0.5,0.0,0.4931,TRAINING,0,-2000.0
769,395,2014-01-01,R,0.0,0.6666666666666666,0.0,0.4931,TRAINING,0,0.0
770,395,2016-01-01,R,0.0,0.6,0.0,0.4931,TRAINING,0,0.0
771,395,2018-01-01,R,0.0,0.0,,0.4931,TRAINING,0,0.0
772,396,2012-01-01,R,0.0,0.25,0.0,0.35100000000000003,TRAINING,0,0.0
773,396,2014-01-01,R,0.0,0.3333333333333333,0.0,0.35100000000000003,TRAINING,0,0.0
774,396,2016-01-01,R,0.0,0.0,0.0,0.35100000000000003,TRAINING,0,0.0
775,396,2018-01-01,R,0.0,0.0,,0.35100000000000003,TRAINING,0,0.0
777,398,2012-01-01,R,0.0,0.5,0.0,0.0202,TRAINING,0,0.0
778,398,2014-01-01,R,0.0,0.6666666666666666,0.0,0.0202,TRAINING,0,0.0
779,398,2016-01-01,R,0.0,0.6,0.0,0.0202,TRAINING,0,0.0
776,398,2018-01-01,R,0.0,0.0,,0.0202,TRAINING,0,0.0
782,399,2012-01-01,R,0.0,0.75,0.0,0.4218,TRAINING,0,0.0
783,399,2014-01-01,R,0.0,1.0,0.0,0.4218,TRAINING,0,0.0
781,399,2016-01-01,R,0.0,0.8,0.0,0.4218,TRAINING,0,0.0
780,399,2018-01-01,R,0.0,0.0,,0.4218,TRAINING,0,0.0
784,401,2012-01-01,R,0.0,0.75,0.0,0.8958,TESTING,0,0.0
785,401,2014-01-01,R,0.0,0.6666666666666666,0.0,0.8958,TESTING,0,0.0
786,401,2016-01-01,R,0.0,0.4,0.0,0.8958,TESTING,0,0.0
787,401,2018-01-01,R,0.0,0.0,,0.8958,TESTING,0,0.0
788,403,2012-01-01,R,0.0,0.75,2250.0,0.4389,TRAINING,0,2250.0
789,403,2014-01-01,R,2250.0,0.6666666666666666,1000.0,0.4389,TRAINING,0,-1250.0
790,403,2016-01-01,R,1000.0,0.8,2500.0,0.4389,TRAINING,0,1500.0
791,403,2018-01-01,R,2500.0,0.0,,0.4389,TRAINING,0,0.0
792,404,2012-01-01,R,0.0,0.75,0.0,0.2327,TRAINING,0,0.0
793,404,2014-01-01,R,0.0,0.6666666666666666,0.0,0.2327,TRAINING,0,0.0
794,404,2016-01-01,R,0.0,0.8,0.0,0.2327,TRAINING,0,0.0
795,404,2018-01-01,R,0.0,0.0,,0.2327,TRAINING,0,0.0
798,405,2012-01-01,R,0.0,0.75,0.0,0.8004,TESTING,0,0.0
799,405,2014-01-01,R,0.0,0.6666666666666666,0.0,0.8004,TESTING,0,0.0
797,405,2016-01-01,R,0.0,0.8,0.0,0.8004,TESTING,0,0.0
796,405,2018-01-01,R,0.0,0.0,,0.8004,TESTING,0,0.0
800,406,2012-01-01,R,0.0,0.75,0.0,0.2931,TRAINING,0,0.0
801,406,2014-01-01,R,0.0,0.6666666666666666,2000.0,0.2931,TRAINING,0,2000.0
802,406,2016-01-01,R,2000.0,0.8,1000.0,0.2931,TRAINING,0,-1000.0
803,406,2018-01-01,R,1000.0,0.0,,0.2931,TRAINING,0,0.0
805,410,2012-01-01,R,0.0,0.75,0.0,0.7777,TESTING,0,0.0
806,410,2014-01-01,R,0.0,0.6666666666666666,2500.0,0.7777,TESTING,0,2500.0
807,410,2016-01-01,R,2500.0,0.8,0.0,0.7777,TESTING,0,-2500.0
804,410,2018-01-01,R,0.0,0.0,,0.7777,TESTING,0,0.0
811,412,2012-01-01,R,2000.0,0.75,0.0,0.0197,TRAINING,0,-2000.0
810,412,2014-01-01,R,0.0,0.6666666666666666,1000.0,0.0197,TRAINING,0,1000.0
809,412,2016-01-01,R,1000.0,0.8,0.0,0.0197,TRAINING,0,-1000.0
808,412,2018-01-01,R,0.0,0.0,,0.0197,TRAINING,0,0.0
812,414,2012-01-01,R,0.0,0.5,0.0,0.7125,TESTING,0,0.0
813,414,2014-01-01,R,0.0,0.6666666666666666,0.0,0.7125,TESTING,0,0.0
814,414,2016-01-01,R,0.0,0.2,0.0,0.7125,TESTING,0,0.0
815,414,2018-01-01,R,0.0,0.0,,0.7125,TESTING,0,0.0
816,415,2012-01-01,R,0.0,0.75,2500.0,0.193,TRAINING,0,2500.0
817,415,2014-01-01,R,2500.0,0.6666666666666666,1000.0,0.193,TRAINING,0,-1500.0
818,415,2016-01-01,R,1000.0,0.0,0.0,0.193,TRAINING,0,-1000.0
819,415,2018-01-01,R,0.0,0.0,,0.193,TRAINING,0,0.0
822,417,2012-01-01,R,0.0,0.75,0.0,0.6287,TESTING,0,0.0
823,417,2014-01-01,R,0.0,0.6666666666666666,0.0,0.6287,TESTING,0,0.0
820,417,2016-01-01,R,0.0,0.8,0.0,0.6287,TESTING,0,0.0
821,417,2018-01-01,R,0.0,0.0,,0.6287,TESTING,0,0.0
824,418,2012-01-01,R,0.0,0.75,0.0,0.88,TESTING,0,0.0
825,418,2014-01-01,R,0.0,0.6666666666666666,0.0,0.88,TESTING,0,0.0
826,418,2016-01-01,R,0.0,0.8,0.0,0.88,TESTING,0,0.0
827,418,2018-01-01,R,0.0,0.0,,0.88,TESTING,0,0.0
828,419,2012-01-01,R,0.0,0.75,0.0,0.9339,TESTING,0,0.0
829,419,2014-01-01,R,0.0,0.6666666666666666,0.0,0.9339,TESTING,0,0.0
830,419,2016-01-01,R,0.0,0.8,0.0,0.9339,TESTING,0,0.0
831,419,2018-01-01,R,0.0,0.0,,0.9339,TESTING,0,0.0
833,421,2012-01-01,R,0.0,0.75,0.0,0.4282,TRAINING,0,0.0
834,421,2014-01-01,R,0.0,0.6666666666666666,0.0,0.4282,TRAINING,0,0.0
835,421,2016-01-01,R,0.0,0.6,0.0,0.4282,TRAINING,0,0.0
832,421,2018-01-01,R,0.0,0.0,,0.4282,TRAINING,0,0.0
838,422,2012-01-01,R,0.0,0.5,0.0,0.2511,TRAINING,0,0.0
839,422,2014-01-01,R,0.0,0.6666666666666666,0.0,0.2511,TRAINING,0,0.0
837,422,2016-01-01,R,0.0,0.4,0.0,0.2511,TRAINING,0,0.0
836,422,2018-01-01,R,0.0,0.0,,0.2511,TRAINING,0,0.0
840,424,2012-01-01,R,0.0,0.5,0.0,0.9986,TESTING,0,0.0
841,424,2014-01-01,R,0.0,0.6666666666666666,0.0,0.9986,TESTING,0,0.0
842,424,2016-01-01,R,0.0,0.6,0.0,0.9986,TESTING,0,0.0
843,424,2018-01-01,R,0.0,0.0,,0.9986,TESTING,0,0.0
844,426,2012-01-01,R,0.0,0.5,0.0,0.0659,TRAINING,0,0.0
845,426,2014-01-01,R,0.0,0.6666666666666666,0.0,0.0659,TRAINING,0,0.0
846,426,2016-01-01,R,0.0,0.6,0.0,0.0659,TRAINING,0,0.0
847,426,2018-01-01,R,0.0,0.0,,0.0659,TRAINING,0,0.0
850,427,2012-01-01,R,0.0,0.75,0.0,0.2811,TRAINING,0,0.0
851,427,2014-01-01,R,0.0,0.6666666666666666,0.0,0.2811,TRAINING,0,0.0
848,427,2016-01-01,R,0.0,0.4,0.0,0.2811,TRAINING,0,0.0
849,427,2018-01-01,R,0.0,0.0,,0.2811,TRAINING,0,0.0
855,428,2012-01-01,R,0.0,0.75,1000.0,0.7098,TESTING,0,1000.0
852,428,2014-01-01,R,1000.0,0.6666666666666666,1500.0,0.7098,TESTING,0,500.0
853,428,2016-01-01,R,1500.0,0.6,1500.0,0.7098,TESTING,0,0.0
854,428,2018-01-01,R,1500.0,0.0,,0.7098,TESTING,0,0.0
856,430,2012-01-01,R,0.0,0.75,0.0,0.6546,TESTING,0,0.0
857,430,2014-01-01,R,0.0,0.6666666666666666,0.0,0.6546,TESTING,0,0.0
858,430,2016-01-01,R,0.0,0.8,0.0,0.6546,TESTING,0,0.0
859,430,2018-01-01,R,0.0,0.0,,0.6546,TESTING,0,0.0
861,432,2012-01-01,D,0.0,0.0,0.0,0.9561,TESTING,1,0.0
862,432,2014-01-01,D,0.0,0.3333333333333333,0.0,0.9561,TESTING,1,0.0
863,432,2016-01-01,D,0.0,0.6,0.0,0.9561,TESTING,1,0.0
860,432,2018-01-01,D,0.0,1.0,,0.9561,TESTING,1,0.0
866,433,2012-01-01,D,0.0,0.0,0.0,0.1986,TRAINING,1,0.0
867,433,2014-01-01,D,0.0,0.3333333333333333,0.0,0.1986,TRAINING,1,0.0
865,433,2016-01-01,D,0.0,0.8,0.0,0.1986,TRAINING,1,0.0
864,433,2018-01-01,D,0.0,1.0,,0.1986,TRAINING,1,0.0
868,505,2012-01-01,D,0.0,0.0,0.0,0.8338,TESTING,1,0.0
869,505,2014-01-01,D,0.0,0.0,0.0,0.8338,TESTING,1,0.0
870,505,2016-01-01,D,0.0,0.8,0.0,0.8338,TESTING,1,0.0
871,505,2018-01-01,D,0.0,1.0,,0.8338,TESTING,1,0.0
872,536,2012-01-01,R,12000.0,0.0,11250.0,0.2911,TRAINING,0,-750.0
873,536,2014-01-01,R,11250.0,0.0,2000.0,0.2911,TRAINING,0,-9250.0
874,536,2016-01-01,R,2000.0,0.6,1000.0,0.2911,TRAINING,0,-1000.0
875,536,2018-01-01,R,1000.0,0.0,,0.2911,TRAINING,0,0.0
876,540,2012-01-01,R,0.0,0.0,2500.0,0.1734,TRAINING,0,2500.0
877,540,2014-01-01,R,2500.0,0.0,1000.0,0.1734,TRAINING,0,-1500.0
878,540,2016-01-01,R,1000.0,0.4,0.0,0.1734,TRAINING,0,-1000.0
879,540,2018-01-01,R,0.0,0.0,,0.1734,TRAINING,0,0.0
882,588,2012-01-01,D,0.0,0.0,0.0,0.1843,TRAINING,1,0.0
883,588,2014-01-01,D,0.0,0.0,0.0,0.1843,TRAINING,1,0.0
881,588,2016-01-01,D,0.0,0.0,0.0,0.1843,TRAINING,1,0.0
880,588,2018-01-01,D,0.0,1.0,,0.1843,TRAINING,1,0.0
884,654,2012-01-01,R,0.0,0.0,0.0,0.868,TESTING,0,0.0
885,654,2014-01-01,R,0.0,0.0,0.0,0.868,TESTING,0,0.0
886,654,2016-01-01,R,0.0,0.0,0.0,0.868,TESTING,0,0.0
887,654,2018-01-01,R,0.0,0.0,,0.868,TESTING,0,0.0
888,656,2012-01-01,R,0.0,0.0,500.0,0.2976,TRAINING,0,500.0
889,656,2014-01-01,R,500.0,0.0,0.0,0.2976,TRAINING,0,-500.0
890,656,2016-01-01,R,0.0,0.0,2000.0,0.2976,TRAINING,0,2000.0
891,656,2018-01-01,R,2000.0,0.0,,0.2976,TRAINING,0,0.0
893,660,2012-01-01,R,0.0,0.0,0.0,0.1959,TRAINING,0,0.0
894,660,2014-01-01,R,0.0,0.0,0.0,0.1959,TRAINING,0,0.0
892,660,2016-01-01,R,0.0,0.0,0.0,0.1959,TRAINING,0,0.0
895,660,2018-01-01,R,0.0,0.0,,0.1959,TRAINING,0,0.0
