person,Year,party_short,donations_dollars,partyline_percent
4,2012,D,0.0,0.0
10,2012,D,0.0,0.5
12,2012,D,0.0,0.25
14,2012,D,0.0,0.25
15,2012,D,0.0,0.0
16,2012,D,0.0,0.5
17,2012,D,0.0,0.0
18,2012,D,0.0,0.0
19,2012,D,0.0,0.0
21,2012,D,250.0,0.0
22,2012,D,0.0,0.5
23,2012,D,0.0,0.25
24,2012,D,0.0,0.0
28,2012,D,0.0,0.0
30,2012,D,0.0,0.0
34,2012,D,4675.0,0.5
37,2012,D,0.0,0.25
38,2012,D,0.0,0.5
39,2012,D,0.0,0.5
40,2012,D,0.0,0.25
41,2012,D,0.0,0.25
42,2012,D,2000.0,0.25
43,2012,D,0.0,0.0
45,2012,D,0.0,0.0
46,2012,D,0.0,0.0
47,2012,D,0.0,0.5
48,2012,D,0.0,0.25
49,2012,D,0.0,0.25
52,2012,D,0.0,0.0
56,2012,D,0.0,0.5
60,2012,D,0.0,0.25
61,2012,D,0.0,0.0
62,2012,D,1000.0,0.0
63,2012,D,1000.0,0.0
64,2012,D,0.0,0.25
66,2012,D,0.0,0.25
67,2012,D,0.0,0.5
68,2012,D,0.0,0.5
71,2012,D,0.0,0.0
73,2012,D,1000.0,0.0
74,2012,D,0.0,0.5
75,2012,D,0.0,0.0
77,2012,D,0.0,0.0
78,2012,D,10500.0,0.25
79,2012,D,0.0,0.5
80,2012,D,0.0,0.25
81,2012,D,0.0,0.0
82,2012,D,0.0,0.5
84,2012,D,0.0,0.0
85,2012,D,0.0,0.5
86,2012,D,0.0,0.5
89,2012,D,0.0,0.0
90,2012,D,0.0,0.25
91,2012,D,0.0,0.0
94,2012,D,0.0,0.75
95,2012,D,2500.0,0.5
99,2012,D,0.0,0.25
101,2012,D,0.0,0.0
102,2012,D,0.0,0.75
103,2012,D,0.0,0.0
104,2012,D,0.0,0.25
106,2012,D,0.0,0.0
107,2012,D,0.0,0.25
108,2012,D,0.0,0.75
109,2012,D,0.0,0.0
110,2012,D,0.0,0.5
113,2012,D,0.0,0.5
114,2012,D,0.0,0.25
115,2012,D,0.0,0.0
119,2012,D,0.0,0.0
120,2012,D,0.0,0.25
121,2012,D,0.0,0.25
123,2012,D,0.0,0.5
124,2012,D,0.0,0.25
125,2012,D,250.0,0.0
134,2012,D,0.0,0.0
136,2012,D,0.0,0.5
137,2012,D,0.0,0.25
138,2012,D,0.0,0.25
139,2012,D,0.0,0.25
141,2012,D,2000.0,0.25
142,2012,D,2000.0,0.75
145,2012,D,0.0,0.75
146,2012,D,0.0,0.0
148,2012,D,0.0,0.25
150,2012,D,0.0,0.5
151,2012,D,0.0,0.25
152,2012,D,2000.0,0.0
154,2012,D,0.0,0.0
156,2012,D,0.0,0.25
157,2012,D,0.0,0.0
159,2012,D,1500.0,0.0
160,2012,D,0.0,0.5
161,2012,D,0.0,0.0
162,2012,D,450.0,0.5
165,2012,D,950.0,0.5
166,2012,D,2500.0,0.0
167,2012,D,1000.0,0.0
168,2012,D,0.0,0.0
169,2012,D,0.0,0.5
172,2012,D,0.0,0.25
174,2012,D,0.0,0.0
178,2012,D,0.0,0.75
179,2012,D,0.0,0.0
182,2012,D,0.0,0.5
185,2012,D,0.0,0.25
186,2012,D,250.0,0.0
187,2012,D,0.0,0.75
188,2012,D,1000.0,0.25
191,2012,D,500.0,0.0
193,2012,D,0.0,0.25
194,2012,D,0.0,0.25
195,2012,D,0.0,0.5
197,2012,D,2500.0,0.0
198,2012,D,0.0,0.25
199,2012,D,0.0,0.0
200,2012,R,0.0,1.0
203,2012,R,0.0,1.0
205,2012,R,0.0,0.5
206,2012,R,0.0,0.5
207,2012,R,0.0,0.75
211,2012,R,0.0,0.75
212,2012,R,1000.0,0.75
214,2012,R,0.0,0.75
217,2012,R,0.0,0.75
226,2012,R,0.0,0.75
227,2012,R,0.0,0.75
233,2012,R,0.0,0.25
234,2012,R,0.0,0.75
235,2012,R,0.0,0.5
240,2012,R,0.0,0.75
247,2012,R,0.0,0.75
252,2012,R,2500.0,0.5
253,2012,R,2500.0,0.75
258,2012,R,0.0,0.25
260,2012,R,3500.0,0.75
261,2012,R,0.0,0.75
265,2012,R,0.0,0.75
268,2012,R,6500.0,0.75
269,2012,R,4000.0,0.75
271,2012,R,0.0,0.75
273,2012,R,0.0,0.75
280,2012,R,0.0,0.75
281,2012,R,0.0,0.75
282,2012,R,0.0,0.75
285,2012,R,0.0,0.5
287,2012,R,0.0,0.75
289,2012,R,0.0,0.5
295,2012,R,4000.0,0.75
296,2012,R,0.0,0.5
297,2012,R,0.0,0.75
299,2012,R,0.0,0.75
301,2012,R,0.0,0.75
302,2012,R,500.0,0.5
303,2012,R,500.0,0.75
307,2012,R,2000.0,0.75
312,2012,R,2750.0,0.75
314,2012,R,0.0,0.75
317,2012,R,0.0,0.75
319,2012,R,0.0,0.25
320,2012,R,500.0,0.5
322,2012,R,1000.0,0.5
326,2012,R,0.0,0.75
327,2012,R,0.0,0.75
329,2012,R,0.0,0.75
330,2012,R,0.0,0.75
331,2012,R,0.0,0.5
332,2012,R,0.0,0.25
333,2012,R,0.0,0.5
336,2012,R,1000.0,0.75
338,2012,R,0.0,0.75
342,2012,R,12000.0,0.5
344,2012,R,0.0,0.75
345,2012,R,0.0,0.5
347,2012,R,1000.0,0.75
350,2012,R,0.0,0.75
357,2012,R,0.0,0.75
358,2012,R,0.0,0.25
360,2012,R,0.0,0.5
361,2012,R,0.0,0.5
369,2012,R,0.0,0.75
370,2012,R,0.0,0.75
372,2012,R,0.0,0.75
374,2012,R,0.0,0.75
376,2012,R,3000.0,0.75
378,2012,R,0.0,0.5
383,2012,R,0.0,0.5
386,2012,R,0.0,0.5
390,2012,R,500.0,0.5
391,2012,R,0.0,0.75
392,2012,R,0.0,0.5
393,2012,R,0.0,0.75
395,2012,R,2000.0,0.5
396,2012,R,0.0,0.25
398,2012,R,0.0,0.5
399,2012,R,0.0,0.75
401,2012,R,0.0,0.75
403,2012,R,0.0,0.75
404,2012,R,0.0,0.75
405,2012,R,0.0,0.75
406,2012,R,0.0,0.75
410,2012,R,0.0,0.75
412,2012,R,2000.0,0.75
414,2012,R,0.0,0.5
415,2012,R,0.0,0.75
417,2012,R,0.0,0.75
418,2012,R,0.0,0.75
419,2012,R,0.0,0.75
421,2012,R,0.0,0.75
422,2012,R,0.0,0.5
424,2012,R,0.0,0.5
426,2012,R,0.0,0.5
427,2012,R,0.0,0.75
428,2012,R,0.0,0.75
430,2012,R,0.0,0.75
432,2012,D,0.0,
433,2012,D,0.0,
505,2012,D,0.0,
536,2012,R,12000.0,
540,2012,R,0.0,
588,2012,D,0.0,
654,2012,R,0.0,
656,2012,R,0.0,
660,2012,R,0.0,
4,2014,D,0.0,0.3333333333333333
10,2014,D,2000.0,0.6666666666666666
12,2014,D,0.0,1.0
14,2014,D,0.0,0.3333333333333333
15,2014,D,0.0,0.0
16,2014,D,0.0,0.3333333333333333
17,2014,D,0.0,0.3333333333333333
18,2014,D,1000.0,0.3333333333333333
19,2014,D,0.0,0.3333333333333333
21,2014,D,0.0,0.3333333333333333
22,2014,D,0.0,0.3333333333333333
23,2014,D,0.0,0.3333333333333333
24,2014,D,0.0,0.3333333333333333
28,2014,D,0.0,0.3333333333333333
30,2014,D,0.0,0.6666666666666666
34,2014,D,0.0,0.6666666666666666
37,2014,D,0.0,0.3333333333333333
38,2014,D,0.0,0.3333333333333333
39,2014,D,0.0,0.3333333333333333
40,2014,D,0.0,0.3333333333333333
41,2014,D,0.0,0.3333333333333333
42,2014,D,2000.0,0.3333333333333333
43,2014,D,0.0,0.3333333333333333
45,2014,D,0.0,0.3333333333333333
46,2014,D,0.0,0.3333333333333333
47,2014,D,0.0,0.3333333333333333
48,2014,D,0.0,0.3333333333333333
49,2014,D,0.0,0.3333333333333333
52,2014,D,0.0,0.3333333333333333
56,2014,D,0.0,0.6666666666666666
60,2014,D,6000.0,0.3333333333333333
61,2014,D,0.0,0.6666666666666666
62,2014,D,2500.0,0.3333333333333333
63,2014,D,0.0,0.3333333333333333
64,2014,D,0.0,0.3333333333333333
66,2014,D,2600.0,0.3333333333333333
67,2014,D,0.0,0.6666666666666666
68,2014,D,0.0,0.3333333333333333
71,2014,D,0.0,0.3333333333333333
73,2014,D,1000.0,0.3333333333333333
74,2014,D,0.0,0.3333333333333333
75,2014,D,0.0,0.3333333333333333
77,2014,D,0.0,0.3333333333333333
78,2014,D,7500.0,0.3333333333333333
79,2014,D,0.0,0.6666666666666666
80,2014,D,0.0,0.3333333333333333
81,2014,D,0.0,0.3333333333333333
82,2014,D,1050.0,0.3333333333333333
84,2014,D,0.0,0.6666666666666666
85,2014,D,0.0,0.3333333333333333
86,2014,D,0.0,0.3333333333333333
89,2014,D,0.0,0.3333333333333333
90,2014,D,0.0,0.3333333333333333
91,2014,D,0.0,0.3333333333333333
94,2014,D,0.0,0.6666666666666666
95,2014,D,0.0,0.3333333333333333
99,2014,D,0.0,0.3333333333333333
101,2014,D,0.0,0.3333333333333333
102,2014,D,0.0,0.6666666666666666
103,2014,D,0.0,0.3333333333333333
104,2014,D,2500.0,0.3333333333333333
106,2014,D,0.0,0.3333333333333333
107,2014,D,0.0,0.3333333333333333
108,2014,D,0.0,0.0
109,2014,D,0.0,0.3333333333333333
110,2014,D,3500.0,0.3333333333333333
113,2014,D,0.0,0.3333333333333333
114,2014,D,0.0,0.3333333333333333
115,2014,D,0.0,0.3333333333333333
119,2014,D,0.0,0.3333333333333333
120,2014,D,0.0,0.3333333333333333
121,2014,D,0.0,0.3333333333333333
123,2014,D,0.0,0.3333333333333333
124,2014,D,0.0,0.3333333333333333
125,2014,D,0.0,0.3333333333333333
134,2014,D,0.0,0.3333333333333333
136,2014,D,0.0,0.3333333333333333
137,2014,D,0.0,0.3333333333333333
138,2014,D,0.0,0.3333333333333333
139,2014,D,0.0,0.3333333333333333
141,2014,D,3000.0,0.3333333333333333
142,2014,D,2000.0,0.3333333333333333
145,2014,D,0.0,0.3333333333333333
146,2014,D,6050.0,0.3333333333333333
148,2014,D,0.0,0.3333333333333333
150,2014,D,1000.0,0.3333333333333333
151,2014,D,0.0,0.3333333333333333
152,2014,D,500.0,0.3333333333333333
154,2014,D,0.0,0.3333333333333333
156,2014,D,1500.0,0.3333333333333333
157,2014,D,0.0,0.3333333333333333
159,2014,D,5200.0,0.3333333333333333
160,2014,D,0.0,0.6666666666666666
161,2014,D,1000.0,0.3333333333333333
162,2014,D,2000.0,0.3333333333333333
165,2014,D,3300.0,0.6666666666666666
166,2014,D,0.0,0.3333333333333333
167,2014,D,0.0,0.3333333333333333
168,2014,D,0.0,0.3333333333333333
169,2014,D,4600.0,0.6666666666666666
172,2014,D,0.0,0.3333333333333333
174,2014,D,500.0,0.3333333333333333
178,2014,D,0.0,0.3333333333333333
179,2014,D,0.0,0.3333333333333333
182,2014,D,1000.0,0.3333333333333333
185,2014,D,0.0,0.3333333333333333
186,2014,D,0.0,0.3333333333333333
187,2014,D,5200.0,0.3333333333333333
188,2014,D,0.0,0.3333333333333333
191,2014,D,0.0,0.3333333333333333
193,2014,D,0.0,0.3333333333333333
194,2014,D,0.0,0.3333333333333333
195,2014,D,0.0,0.3333333333333333
197,2014,D,0.0,0.3333333333333333
198,2014,D,0.0,0.6666666666666666
199,2014,D,0.0,0.3333333333333333
200,2014,R,0.0,0.6666666666666666
203,2014,R,0.0,0.6666666666666666
205,2014,R,0.0,0.6666666666666666
206,2014,R,0.0,0.6666666666666666
207,2014,R,0.0,0.6666666666666666
211,2014,R,0.0,0.6666666666666666
212,2014,R,1000.0,0.6666666666666666
214,2014,R,0.0,0.6666666666666666
217,2014,R,0.0,1.0
226,2014,R,0.0,0.6666666666666666
227,2014,R,0.0,0.6666666666666666
233,2014,R,0.0,0.3333333333333333
234,2014,R,0.0,0.6666666666666666
235,2014,R,0.0,0.3333333333333333
240,2014,R,0.0,0.6666666666666666
247,2014,R,1000.0,0.6666666666666666
252,2014,R,1000.0,1.0
253,2014,R,1000.0,
258,2014,R,0.0,0.6666666666666666
260,2014,R,2000.0,0.6666666666666666
261,2014,R,0.0,0.6666666666666666
265,2014,R,0.0,0.6666666666666666
268,2014,R,3500.0,0.6666666666666666
269,2014,R,3000.0,0.6666666666666666
271,2014,R,0.0,0.6666666666666666
273,2014,R,0.0,0.3333333333333333
280,2014,R,0.0,0.6666666666666666
281,2014,R,0.0,0.6666666666666666
282,2014,R,0.0,0.6666666666666666
285,2014,R,0.0,0.6666666666666666
287,2014,R,0.0,0.6666666666666666
289,2014,R,0.0,0.6666666666666666
295,2014,R,5000.0,0.6666666666666666
296,2014,R,0.0,0.6666666666666666
297,2014,R,0.0,0.6666666666666666
299,2014,R,0.0,0.6666666666666666
301,2014,R,0.0,0.6666666666666666
302,2014,R,0.0,0.6666666666666666
303,2014,R,1000.0,0.6666666666666666
307,2014,R,1500.0,0.6666666666666666
312,2014,R,2500.0,0.6666666666666666
314,2014,R,0.0,0.6666666666666666
317,2014,R,0.0,0.3333333333333333
319,2014,R,0.0,0.3333333333333333
320,2014,R,0.0,0.6666666666666666
322,2014,R,1000.0,0.6666666666666666
326,2014,R,0.0,0.6666666666666666
327,2014,R,0.0,0.6666666666666666
329,2014,R,0.0,0.6666666666666666
330,2014,R,0.0,1.0
331,2014,R,0.0,0.3333333333333333
332,2014,R,0.0,0.3333333333333333
333,2014,R,0.0,0.6666666666666666
336,2014,R,0.0,0.6666666666666666
338,2014,R,0.0,0.6666666666666666
342,2014,R,11250.0,0.6666666666666666
344,2014,R,0.0,0.6666666666666666
345,2014,R,0.0,0.6666666666666666
347,2014,R,1000.0,0.6666666666666666
350,2014,R,0.0,0.6666666666666666
357,2014,R,0.0,0.6666666666666666
358,2014,R,0.0,0.3333333333333333
360,2014,R,0.0,0.6666666666666666
361,2014,R,0.0,0.6666666666666666
369,2014,R,500.0,0.6666666666666666
370,2014,R,0.0,0.6666666666666666
372,2014,R,0.0,0.6666666666666666
374,2014,R,500.0,0.6666666666666666
376,2014,R,1000.0,0.6666666666666666
378,2014,R,0.0,0.6666666666666666
383,2014,R,0.0,0.6666666666666666
386,2014,R,0.0,0.6666666666666666
390,2014,R,0.0,0.6666666666666666
391,2014,R,0.0,0.6666666666666666
392,2014,R,0.0,0.6666666666666666
393,2014,R,0.0,0.3333333333333333
395,2014,R,0.0,0.6666666666666666
396,2014,R,0.0,0.3333333333333333
398,2014,R,0.0,0.6666666666666666
399,2014,R,0.0,1.0
401,2014,R,0.0,0.6666666666666666
403,2014,R,2250.0,0.6666666666666666
404,2014,R,0.0,0.6666666666666666
405,2014,R,0.0,0.6666666666666666
406,2014,R,0.0,0.6666666666666666
410,2014,R,0.0,0.6666666666666666
412,2014,R,0.0,0.6666666666666666
414,2014,R,0.0,0.6666666666666666
415,2014,R,2500.0,0.6666666666666666
417,2014,R,0.0,0.6666666666666666
418,2014,R,0.0,0.6666666666666666
419,2014,R,0.0,0.6666666666666666
421,2014,R,0.0,0.6666666666666666
422,2014,R,0.0,0.6666666666666666
424,2014,R,0.0,0.6666666666666666
426,2014,R,0.0,0.6666666666666666
427,2014,R,0.0,0.6666666666666666
428,2014,R,1000.0,0.6666666666666666
430,2014,R,0.0,0.6666666666666666
432,2014,D,0.0,0.3333333333333333
433,2014,D,0.0,0.3333333333333333
505,2014,D,0.0,
536,2014,R,11250.0,
540,2014,R,2500.0,
588,2014,D,0.0,
654,2014,R,0.0,
656,2014,R,500.0,
660,2014,R,0.0,
4,2016,D,0.0,0.4
10,2016,D,2000.0,0.6
12,2016,D,0.0,0.8
14,2016,D,0.0,0.4
15,2016,D,0.0,0.2
16,2016,D,0.0,0.8
17,2016,D,0.0,0.8
18,2016,D,0.0,0.6
19,2016,D,0.0,0.8
21,2016,D,0.0,0.4
22,2016,D,0.0,0.8
23,2016,D,0.0,0.4
24,2016,D,0.0,0.8
28,2016,D,0.0,0.4
30,2016,D,0.0,0.8
34,2016,D,0.0,0.6
37,2016,D,0.0,0.8
38,2016,D,0.0,0.8
39,2016,D,1000.0,0.2
40,2016,D,0.0,0.8
41,2016,D,0.0,0.8
42,2016,D,3300.0,0.8
43,2016,D,0.0,0.6
45,2016,D,0.0,0.6
46,2016,D,0.0,0.4
47,2016,D,0.0,0.8
48,2016,D,0.0,0.8
49,2016,D,0.0,0.6
52,2016,D,0.0,0.8
56,2016,D,1000.0,1.0
60,2016,D,19250.0,0.8
61,2016,D,0.0,0.6
62,2016,D,0.0,0.8
63,2016,D,7500.0,0.6
64,2016,D,0.0,0.8
66,2016,D,2610.0,0.6
67,2016,D,0.0,0.6
68,2016,D,0.0,0.8
71,2016,D,0.0,0.6
73,2016,D,1000.0,0.6
74,2016,D,1000.0,0.8
75,2016,D,0.0,0.6
77,2016,D,0.0,0.6
78,2016,D,5000.0,0.6
79,2016,D,0.0,0.8
80,2016,D,0.0,0.8
81,2016,D,0.0,0.6
82,2016,D,1000.0,0.8
84,2016,D,0.0,0.6
85,2016,D,0.0,0.6
86,2016,D,0.0,0.6
89,2016,D,0.0,0.6
90,2016,D,0.0,0.6
91,2016,D,0.0,0.8
94,2016,D,0.0,0.8
95,2016,D,6000.0,0.8
99,2016,D,0.0,0.8
101,2016,D,0.0,0.8
102,2016,D,0.0,0.8
103,2016,D,0.0,0.4
104,2016,D,0.0,0.6
106,2016,D,0.0,0.8
107,2016,D,0.0,0.6
108,2016,D,0.0,0.8
109,2016,D,0.0,0.8
110,2016,D,0.0,0.8
113,2016,D,0.0,0.8
114,2016,D,1000.0,0.6
115,2016,D,0.0,0.8
119,2016,D,2000.0,0.6
120,2016,D,0.0,0.6
121,2016,D,0.0,0.8
123,2016,D,0.0,0.8
124,2016,D,0.0,0.8
125,2016,D,0.0,0.4
134,2016,D,0.0,0.6
136,2016,D,0.0,0.8
137,2016,D,0.0,0.6
138,2016,D,0.0,0.8
139,2016,D,0.0,0.8
141,2016,D,2000.0,0.6
142,2016,D,0.0,0.8
145,2016,D,0.0,0.8
146,2016,D,2000.0,0.6
148,2016,D,0.0,0.8
150,2016,D,2500.0,0.6
151,2016,D,0.0,0.6
152,2016,D,1250.0,0.8
154,2016,D,0.0,0.8
156,2016,D,2500.0,0.8
157,2016,D,0.0,0.6
159,2016,D,0.0,0.6
160,2016,D,4200.0,0.8
161,2016,D,0.0,0.6
162,2016,D,2725.0,0.8
165,2016,D,800.0,0.8
166,2016,D,0.0,0.6
167,2016,D,0.0,0.6
168,2016,D,0.0,0.6
169,2016,D,3500.0,0.8
172,2016,D,0.0,
174,2016,D,31.0,0.8
178,2016,D,0.0,0.8
179,2016,D,0.0,0.6
182,2016,D,1000.0,0.8
185,2016,D,0.0,0.8
186,2016,D,250.0,0.8
187,2016,D,6400.0,0.6
188,2016,D,2700.0,0.8
191,2016,D,0.0,0.6
193,2016,D,0.0,0.6
194,2016,D,0.0,0.6
195,2016,D,1000.0,0.8
197,2016,D,0.0,0.6
198,2016,D,0.0,0.8
199,2016,D,500.0,0.6
200,2016,R,0.0,0.8
203,2016,R,0.0,0.6
205,2016,R,6000.0,0.8
206,2016,R,1000.0,0.8
207,2016,R,0.0,0.8
211,2016,R,0.0,0.8
212,2016,R,1000.0,0.6
214,2016,R,0.0,0.8
217,2016,R,0.0,0.8
226,2016,R,0.0,0.8
227,2016,R,0.0,0.6
233,2016,R,0.0,0.6
234,2016,R,0.0,0.8
235,2016,R,0.0,0.6
240,2016,R,0.0,0.8
247,2016,R,1000.0,0.8
252,2016,R,0.0,0.6
253,2016,R,0.0,
258,2016,R,0.0,0.4
260,2016,R,4000.0,0.8
261,2016,R,0.0,0.6
265,2016,R,0.0,0.8
268,2016,R,1500.0,0.8
269,2016,R,9000.0,0.8
271,2016,R,0.0,0.8
273,2016,R,0.0,0.8
280,2016,R,0.0,0.8
281,2016,R,0.0,0.6
282,2016,R,0.0,0.8
285,2016,R,0.0,0.2
287,2016,R,0.0,0.8
289,2016,R,0.0,0.8
295,2016,R,1750.0,0.8
296,2016,R,0.0,0.6
297,2016,R,0.0,0.6
299,2016,R,0.0,0.8
301,2016,R,0.0,0.8
302,2016,R,0.0,0.4
303,2016,R,0.0,1.0
307,2016,R,2500.0,0.8
312,2016,R,3500.0,0.8
314,2016,R,0.0,0.8
317,2016,R,0.0,0.8
319,2016,R,0.0,0.2
320,2016,R,2500.0,0.8
322,2016,R,0.0,0.4
326,2016,R,0.0,0.8
327,2016,R,500.0,0.8
329,2016,R,0.0,0.6
330,2016,R,0.0,0.6
331,2016,R,0.0,0.6
332,2016,R,0.0,0.4
333,2016,R,0.0,0.4
336,2016,R,0.0,0.8
338,2016,R,0.0,0.8
342,2016,R,2000.0,
344,2016,R,0.0,0.8
345,2016,R,0.0,0.8
347,2016,R,0.0,0.8
350,2016,R,0.0,0.8
357,2016,R,0.0,0.8
358,2016,R,0.0,0.2
360,2016,R,0.0,0.6
361,2016,R,0.0,0.6
369,2016,R,2000.0,0.8
370,2016,R,0.0,0.8
372,2016,R,0.0,0.8
374,2016,R,0.0,0.6
376,2016,R,1750.0,0.8
378,2016,R,0.0,0.4
383,2016,R,0.0,0.6
386,2016,R,0.0,0.8
390,2016,R,0.0,0.6
391,2016,R,0.0,0.8
392,2016,R,0.0,0.8
393,2016,R,0.0,0.6
395,2016,R,0.0,0.6
396,2016,R,0.0,0.0
398,2016,R,0.0,0.6
399,2016,R,0.0,0.8
401,2016,R,0.0,0.4
403,2016,R,1000.0,0.8
404,2016,R,0.0,0.8
405,2016,R,0.0,0.8
406,2016,R,2000.0,0.8
410,2016,R,2500.0,0.8
412,2016,R,1000.0,0.8
414,2016,R,0.0,0.2
415,2016,R,1000.0,
417,2016,R,0.0,0.8
418,2016,R,0.0,0.8
419,2016,R,0.0,0.8
421,2016,R,0.0,0.6
422,2016,R,0.0,0.4
424,2016,R,0.0,0.6
426,2016,R,0.0,0.6
427,2016,R,0.0,0.4
428,2016,R,1500.0,0.6
430,2016,R,0.0,0.8
432,2016,D,0.0,0.6
433,2016,D,0.0,0.8
505,2016,D,0.0,0.8
536,2016,R,2000.0,0.6
540,2016,R,1000.0,0.4
588,2016,D,0.0,
654,2016,R,0.0,
656,2016,R,0.0,
660,2016,R,0.0,
4,2018,D,1000.0,1.0
10,2018,D,1000.0,1.0
12,2018,D,0.0,1.0
14,2018,D,3700.0,
15,2018,D,0.0,1.0
16,2018,D,0.0,1.0
17,2018,D,0.0,1.0
18,2018,D,0.0,1.0
19,2018,D,80.0,1.0
21,2018,D,0.0,1.0
22,2018,D,0.0,
23,2018,D,0.0,1.0
24,2018,D,0.0,1.0
28,2018,D,0.0,1.0
30,2018,D,0.0,1.0
34,2018,D,2000.0,1.0
37,2018,D,0.0,0.5
38,2018,D,0.0,1.0
39,2018,D,0.0,1.0
40,2018,D,0.0,1.0
41,2018,D,0.0,1.0
42,2018,D,0.0,1.0
43,2018,D,1177.0,1.0
45,2018,D,3061.0,0.5
46,2018,D,0.0,0.5
47,2018,D,0.0,1.0
48,2018,D,0.0,1.0
49,2018,D,0.0,1.0
52,2018,D,0.0,1.0
56,2018,D,0.0,1.0
60,2018,D,2500.0,1.0
61,2018,D,0.0,0.5
62,2018,D,1500.0,1.0
63,2018,D,4500.0,1.0
64,2018,D,0.0,1.0
66,2018,D,1602.0,1.0
67,2018,D,0.0,1.0
68,2018,D,0.0,1.0
71,2018,D,0.0,0.5
73,2018,D,1000.0,1.0
74,2018,D,1000.0,1.0
75,2018,D,0.0,1.0
77,2018,D,0.0,1.0
78,2018,D,40020.0,1.0
79,2018,D,0.0,1.0
80,2018,D,0.0,1.0
81,2018,D,0.0,0.5
82,2018,D,0.0,1.0
84,2018,D,0.0,1.0
85,2018,D,0.0,1.0
86,2018,D,0.0,1.0
89,2018,D,0.0,1.0
90,2018,D,0.0,1.0
91,2018,D,2000.0,1.0
94,2018,D,0.0,1.0
95,2018,D,3515.0,1.0
99,2018,D,0.0,1.0
101,2018,D,0.0,1.0
102,2018,D,0.0,1.0
103,2018,D,0.0,1.0
104,2018,D,0.0,1.0
106,2018,D,0.0,1.0
107,2018,D,0.0,1.0
108,2018,D,0.0,1.0
109,2018,D,0.0,1.0
110,2018,D,0.0,1.0
113,2018,D,5.0,1.0
114,2018,D,0.0,1.0
115,2018,D,0.0,1.0
119,2018,D,3500.0,1.0
120,2018,D,0.0,1.0
121,2018,D,0.0,1.0
123,2018,D,0.0,1.0
124,2018,D,0.0,1.0
125,2018,D,650.0,1.0
134,2018,D,0.0,1.0
136,2018,D,0.0,0.5
137,2018,D,0.0,1.0
138,2018,D,0.0,1.0
139,2018,D,0.0,1.0
141,2018,D,1000.0,1.0
142,2018,D,5400.0,1.0
145,2018,D,0.0,1.0
146,2018,D,500.0,1.0
148,2018,D,0.0,0.5
150,2018,D,10000.0,1.0
151,2018,D,0.0,1.0
152,2018,D,2550.0,1.0
154,2018,D,0.0,1.0
156,2018,D,0.0,1.0
157,2018,D,0.0,1.0
159,2018,D,0.0,1.0
160,2018,D,0.0,1.0
161,2018,D,0.0,1.0
162,2018,D,5272.0,1.0
165,2018,D,0.0,1.0
166,2018,D,0.0,1.0
167,2018,D,0.0,1.0
168,2018,D,0.0,1.0
169,2018,D,3005.0,1.0
172,2018,D,0.0,
174,2018,D,170.0,1.0
178,2018,D,15.0,1.0
179,2018,D,0.0,1.0
182,2018,D,25.0,1.0
185,2018,D,0.0,1.0
186,2018,D,1000.0,1.0
187,2018,D,5435.0,1.0
188,2018,D,0.0,1.0
191,2018,D,0.0,1.0
193,2018,D,0.0,1.0
194,2018,D,0.0,1.0
195,2018,D,500.0,1.0
197,2018,D,0.0,1.0
198,2018,D,0.0,1.0
199,2018,D,0.0,1.0
200,2018,R,0.0,0.0
203,2018,R,0.0,0.0
205,2018,R,5000.0,0.0
206,2018,R,0.0,0.0
207,2018,R,0.0,0.0
211,2018,R,0.0,0.0
212,2018,R,0.0,0.0
214,2018,R,0.0,0.0
217,2018,R,0.0,0.0
226,2018,R,0.0,0.0
227,2018,R,0.0,0.0
233,2018,R,0.0,
234,2018,R,0.0,0.5
235,2018,R,0.0,0.0
240,2018,R,0.0,0.0
247,2018,R,2601.0,0.0
252,2018,R,0.0,0.5
253,2018,R,0.0,
258,2018,R,0.0,0.0
260,2018,R,1000.0,0.0
261,2018,R,0.0,0.0
265,2018,R,0.0,0.0
268,2018,R,1500.0,0.0
269,2018,R,10000.0,0.0
271,2018,R,0.0,0.0
273,2018,R,0.0,0.0
280,2018,R,0.0,0.0
281,2018,R,0.0,0.0
282,2018,R,0.0,0.0
285,2018,R,0.0,0.0
287,2018,R,0.0,0.0
289,2018,R,0.0,0.0
295,2018,R,13000.0,0.0
296,2018,R,0.0,0.0
297,2018,R,0.0,0.0
299,2018,R,0.0,0.0
301,2018,R,0.0,0.0
302,2018,R,0.0,0.0
303,2018,R,0.0,0.0
307,2018,R,2950.0,0.0
312,2018,R,2000.0,0.0
314,2018,R,0.0,
317,2018,R,0.0,0.0
319,2018,R,50.0,0.0
320,2018,R,1000.0,0.0
322,2018,R,0.0,0.0
326,2018,R,0.0,
327,2018,R,0.0,0.0
329,2018,R,2000.0,0.0
330,2018,R,0.0,0.0
331,2018,R,0.0,0.0
332,2018,R,0.0,0.0
333,2018,R,0.0,0.0
336,2018,R,0.0,0.0
338,2018,R,0.0,0.0
342,2018,R,1000.0,
344,2018,R,0.0,0.0
345,2018,R,0.0,0.0
347,2018,R,0.0,0.0
350,2018,R,0.0,0.0
357,2018,R,0.0,0.0
358,2018,R,0.0,
360,2018,R,0.0,0.0
361,2018,R,0.0,0.0
369,2018,R,2000.0,0.0
370,2018,R,0.0,0.5
372,2018,R,0.0,0.0
374,2018,R,2000.0,
376,2018,R,1500.0,
378,2018,R,0.0,0.0
383,2018,R,0.0,0.0
386,2018,R,1000.0,0.0
390,2018,R,0.0,0.0
391,2018,R,0.0,0.0
392,2018,R,0.0,0.0
393,2018,R,0.0,
395,2018,R,0.0,0.0
396,2018,R,0.0,0.0
398,2018,R,0.0,0.0
399,2018,R,0.0,0.0
401,2018,R,0.0,0.0
403,2018,R,2500.0,0.0
404,2018,R,0.0,0.0
405,2018,R,0.0,0.0
406,2018,R,1000.0,0.0
410,2018,R,0.0,0.0
412,2018,R,0.0,0.0
414,2018,R,0.0,
415,2018,R,0.0,
417,2018,R,0.0,
418,2018,R,0.0,0.0
419,2018,R,0.0,0.0
421,2018,R,0.0,0.0
422,2018,R,0.0,
424,2018,R,0.0,0.0
426,2018,R,0.0,0.0
427,2018,R,0.0,0.0
428,2018,R,1500.0,0.0
430,2018,R,0.0,0.0
432,2018,D,0.0,1.0
433,2018,D,0.0,1.0
505,2018,D,0.0,1.0
536,2018,R,1000.0,0.0
540,2018,R,0.0,0.0
588,2018,D,0.0,1.0
654,2018,R,0.0,0.0
656,2018,R,2000.0,0.0
660,2018,R,0.0,0.0
