person,Year,party_short,donations_dollars,partyline_percent,donations_dollars_lag,data_use,MODELING_GROUP,democrat
4,2012-01-01,D,0.0,0.0,0.0,0.727,TESTING,1
4,2014-01-01,D,0.0,0.3333333333333333,0.0,0.727,TESTING,1
4,2016-01-01,D,0.0,0.4,1000.0,0.727,TESTING,1
4,2018-01-01,D,1000.0,1.0,,0.727,TESTING,1
10,2012-01-01,D,0.0,0.5,2000.0,0.086,TRAINING,1
10,2014-01-01,D,2000.0,0.6666666666666666,2000.0,0.086,TRAINING,1
10,2016-01-01,D,2000.0,0.6,1000.0,0.086,TRAINING,1
10,2018-01-01,D,1000.0,1.0,,0.086,TRAINING,1
12,2012-01-01,D,0.0,0.25,0.0,0.539,TRAINING,1
12,2014-01-01,D,0.0,1.0,0.0,0.539,TRAINING,1
12,2016-01-01,D,0.0,0.8,0.0,0.539,TRAINING,1
12,2018-01-01,D,0.0,1.0,,0.539,TRAINING,1
14,2018-01-01,D,3700.0,0.0,,0.5191,TRAINING,1
14,2016-01-01,D,0.0,0.4,3700.0,0.5191,TRAINING,1
14,2012-01-01,D,0.0,0.25,0.0,0.5191,TRAINING,1
14,2014-01-01,D,0.0,0.3333333333333333,0.0,0.5191,TRAINING,1
15,2012-01-01,D,0.0,0.0,0.0,0.5734,TESTING,1
15,2014-01-01,D,0.0,0.0,0.0,0.5734,TESTING,1
15,2016-01-01,D,0.0,0.2,0.0,0.5734,TESTING,1
15,2018-01-01,D,0.0,1.0,,0.5734,TESTING,1
16,2018-01-01,D,0.0,1.0,,0.6265,TESTING,1
16,2012-01-01,D,0.0,0.5,0.0,0.6265,TESTING,1
16,2014-01-01,D,0.0,0.3333333333333333,0.0,0.6265,TESTING,1
16,2016-01-01,D,0.0,0.8,0.0,0.6265,TESTING,1
17,2018-01-01,D,0.0,1.0,,0.0466,TRAINING,1
17,2016-01-01,D,0.0,0.8,0.0,0.0466,TRAINING,1
17,2012-01-01,D,0.0,0.0,0.0,0.0466,TRAINING,1
17,2014-01-01,D,0.0,0.3333333333333333,0.0,0.0466,TRAINING,1
18,2012-01-01,D,0.0,0.0,1000.0,0.4426,TRAINING,1
18,2014-01-01,D,1000.0,0.3333333333333333,0.0,0.4426,TRAINING,1
18,2016-01-01,D,0.0,0.6,0.0,0.4426,TRAINING,1
18,2018-01-01,D,0.0,1.0,,0.4426,TRAINING,1
19,2012-01-01,D,0.0,0.0,0.0,0.5578,TESTING,1
19,2014-01-01,D,0.0,0.3333333333333333,0.0,0.5578,TESTING,1
19,2016-01-01,D,0.0,0.8,80.0,0.5578,TESTING,1
19,2018-01-01,D,80.0,1.0,,0.5578,TESTING,1
21,2018-01-01,D,0.0,1.0,,0.8322,TESTING,1
21,2016-01-01,D,0.0,0.4,0.0,0.8322,TESTING,1
21,2014-01-01,D,0.0,0.3333333333333333,0.0,0.8322,TESTING,1
21,2012-01-01,D,250.0,0.0,0.0,0.8322,TESTING,1
22,2012-01-01,D,0.0,0.5,0.0,0.1685,TRAINING,1
22,2014-01-01,D,0.0,0.3333333333333333,0.0,0.1685,TRAINING,1
22,2016-01-01,D,0.0,0.8,0.0,0.1685,TRAINING,1
22,2018-01-01,D,0.0,0.0,,0.1685,TRAINING,1
23,2012-01-01,D,0.0,0.25,0.0,0.0769,TRAINING,1
23,2014-01-01,D,0.0,0.3333333333333333,0.0,0.0769,TRAINING,1
23,2016-01-01,D,0.0,0.4,0.0,0.0769,TRAINING,1
23,2018-01-01,D,0.0,1.0,,0.0769,TRAINING,1
24,2016-01-01,D,0.0,0.8,0.0,0.6949,TESTING,1
24,2018-01-01,D,0.0,1.0,,0.6949,TESTING,1
24,2012-01-01,D,0.0,0.0,0.0,0.6949,TESTING,1
24,2014-01-01,D,0.0,0.3333333333333333,0.0,0.6949,TESTING,1
28,2018-01-01,D,0.0,1.0,,0.2433,TRAINING,1
28,2016-01-01,D,0.0,0.4,0.0,0.2433,TRAINING,1
28,2014-01-01,D,0.0,0.3333333333333333,0.0,0.2433,TRAINING,1
28,2012-01-01,D,0.0,0.0,0.0,0.2433,TRAINING,1
30,2012-01-01,D,0.0,0.0,0.0,0.5311,TRAINING,1
30,2014-01-01,D,0.0,0.6666666666666666,0.0,0.5311,TRAINING,1
30,2016-01-01,D,0.0,0.8,0.0,0.5311,TRAINING,1
30,2018-01-01,D,0.0,1.0,,0.5311,TRAINING,1
34,2012-01-01,D,4675.0,0.5,0.0,0.5051,TRAINING,1
34,2014-01-01,D,0.0,0.6666666666666666,0.0,0.5051,TRAINING,1
34,2016-01-01,D,0.0,0.6,2000.0,0.5051,TRAINING,1
34,2018-01-01,D,2000.0,1.0,,0.5051,TRAINING,1
37,2016-01-01,D,0.0,0.8,0.0,0.642,TESTING,1
37,2018-01-01,D,0.0,0.5,,0.642,TESTING,1
37,2012-01-01,D,0.0,0.25,0.0,0.642,TESTING,1
37,2014-01-01,D,0.0,0.3333333333333333,0.0,0.642,TESTING,1
38,2012-01-01,D,0.0,0.5,0.0,0.1184,TRAINING,1
38,2014-01-01,D,0.0,0.3333333333333333,0.0,0.1184,TRAINING,1
38,2016-01-01,D,0.0,0.8,0.0,0.1184,TRAINING,1
38,2018-01-01,D,0.0,1.0,,0.1184,TRAINING,1
39,2012-01-01,D,0.0,0.5,0.0,0.4555,TRAINING,1
39,2014-01-01,D,0.0,0.3333333333333333,1000.0,0.4555,TRAINING,1
39,2016-01-01,D,1000.0,0.2,0.0,0.4555,TRAINING,1
39,2018-01-01,D,0.0,1.0,,0.4555,TRAINING,1
40,2012-01-01,D,0.0,0.25,0.0,0.3385,TRAINING,1
40,2014-01-01,D,0.0,0.3333333333333333,0.0,0.3385,TRAINING,1
40,2016-01-01,D,0.0,0.8,0.0,0.3385,TRAINING,1
40,2018-01-01,D,0.0,1.0,,0.3385,TRAINING,1
41,2016-01-01,D,0.0,0.8,0.0,0.6396,TESTING,1
41,2018-01-01,D,0.0,1.0,,0.6396,TESTING,1
41,2014-01-01,D,0.0,0.3333333333333333,0.0,0.6396,TESTING,1
41,2012-01-01,D,0.0,0.25,0.0,0.6396,TESTING,1
42,2012-01-01,D,2000.0,0.25,2000.0,0.8666,TESTING,1
42,2014-01-01,D,2000.0,0.3333333333333333,3300.0,0.8666,TESTING,1
42,2016-01-01,D,3300.0,0.8,0.0,0.8666,TESTING,1
42,2018-01-01,D,0.0,1.0,,0.8666,TESTING,1
43,2018-01-01,D,1177.0,1.0,,0.9274,TESTING,1
43,2012-01-01,D,0.0,0.0,0.0,0.9274,TESTING,1
43,2014-01-01,D,0.0,0.3333333333333333,0.0,0.9274,TESTING,1
43,2016-01-01,D,0.0,0.6,1177.0,0.9274,TESTING,1
45,2018-01-01,D,3061.0,0.5,,0.2558,TRAINING,1
45,2016-01-01,D,0.0,0.6,3061.0,0.2558,TRAINING,1
45,2014-01-01,D,0.0,0.3333333333333333,0.0,0.2558,TRAINING,1
45,2012-01-01,D,0.0,0.0,0.0,0.2558,TRAINING,1
46,2018-01-01,D,0.0,0.5,,0.7849,TESTING,1
46,2012-01-01,D,0.0,0.0,0.0,0.7849,TESTING,1
46,2014-01-01,D,0.0,0.3333333333333333,0.0,0.7849,TESTING,1
46,2016-01-01,D,0.0,0.4,0.0,0.7849,TESTING,1
47,2016-01-01,D,0.0,0.8,0.0,0.2047,TRAINING,1
47,2018-01-01,D,0.0,1.0,,0.2047,TRAINING,1
47,2012-01-01,D,0.0,0.5,0.0,0.2047,TRAINING,1
47,2014-01-01,D,0.0,0.3333333333333333,0.0,0.2047,TRAINING,1
48,2016-01-01,D,0.0,0.8,0.0,0.2747,TRAINING,1
48,2018-01-01,D,0.0,1.0,,0.2747,TRAINING,1
48,2012-01-01,D,0.0,0.25,0.0,0.2747,TRAINING,1
48,2014-01-01,D,0.0,0.3333333333333333,0.0,0.2747,TRAINING,1
49,2018-01-01,D,0.0,1.0,,0.9167,TESTING,1
49,2016-01-01,D,0.0,0.6,0.0,0.9167,TESTING,1
49,2014-01-01,D,0.0,0.3333333333333333,0.0,0.9167,TESTING,1
49,2012-01-01,D,0.0,0.25,0.0,0.9167,TESTING,1
52,2012-01-01,D,0.0,0.0,0.0,0.9998,TESTING,1
52,2014-01-01,D,0.0,0.3333333333333333,0.0,0.9998,TESTING,1
52,2016-01-01,D,0.0,0.8,0.0,0.9998,TESTING,1
52,2018-01-01,D,0.0,1.0,,0.9998,TESTING,1
56,2012-01-01,D,0.0,0.5,0.0,0.0189,TRAINING,1
56,2014-01-01,D,0.0,0.6666666666666666,1000.0,0.0189,TRAINING,1
56,2016-01-01,D,1000.0,1.0,0.0,0.0189,TRAINING,1
56,2018-01-01,D,0.0,1.0,,0.0189,TRAINING,1
60,2016-01-01,D,19250.0,0.8,2500.0,0.2734,TRAINING,1
60,2018-01-01,D,2500.0,1.0,,0.2734,TRAINING,1
60,2012-01-01,D,0.0,0.25,6000.0,0.2734,TRAINING,1
60,2014-01-01,D,6000.0,0.3333333333333333,19250.0,0.2734,TRAINING,1
61,2012-01-01,D,0.0,0.0,0.0,0.3005,TRAINING,1
61,2014-01-01,D,0.0,0.6666666666666666,0.0,0.3005,TRAINING,1
61,2016-01-01,D,0.0,0.6,0.0,0.3005,TRAINING,1
61,2018-01-01,D,0.0,0.5,,0.3005,TRAINING,1
62,2012-01-01,D,1000.0,0.0,2500.0,0.4658,TRAINING,1
62,2014-01-01,D,2500.0,0.3333333333333333,0.0,0.4658,TRAINING,1
62,2016-01-01,D,0.0,0.8,1500.0,0.4658,TRAINING,1
62,2018-01-01,D,1500.0,1.0,,0.4658,TRAINING,1
63,2012-01-01,D,1000.0,0.0,0.0,0.1899,TRAINING,1
63,2014-01-01,D,0.0,0.3333333333333333,7500.0,0.1899,TRAINING,1
63,2016-01-01,D,7500.0,0.6,4500.0,0.1899,TRAINING,1
63,2018-01-01,D,4500.0,1.0,,0.1899,TRAINING,1
64,2018-01-01,D,0.0,1.0,,0.7734,TESTING,1
64,2016-01-01,D,0.0,0.8,0.0,0.7734,TESTING,1
64,2014-01-01,D,0.0,0.3333333333333333,0.0,0.7734,TESTING,1
64,2012-01-01,D,0.0,0.25,0.0,0.7734,TESTING,1
66,2012-01-01,D,0.0,0.25,2600.0,0.1267,TRAINING,1
66,2014-01-01,D,2600.0,0.3333333333333333,2610.0,0.1267,TRAINING,1
66,2016-01-01,D,2610.0,0.6,1602.0,0.1267,TRAINING,1
66,2018-01-01,D,1602.0,1.0,,0.1267,TRAINING,1
67,2012-01-01,D,0.0,0.5,0.0,0.1528,TRAINING,1
67,2014-01-01,D,0.0,0.6666666666666666,0.0,0.1528,TRAINING,1
67,2016-01-01,D,0.0,0.6,0.0,0.1528,TRAINING,1
67,2018-01-01,D,0.0,1.0,,0.1528,TRAINING,1
68,2012-01-01,D,0.0,0.5,0.0,0.3556,TRAINING,1
68,2014-01-01,D,0.0,0.3333333333333333,0.0,0.3556,TRAINING,1
68,2016-01-01,D,0.0,0.8,0.0,0.3556,TRAINING,1
68,2018-01-01,D,0.0,1.0,,0.3556,TRAINING,1
71,2018-01-01,D,0.0,0.5,,0.389,TRAINING,1
71,2016-01-01,D,0.0,0.6,0.0,0.389,TRAINING,1
71,2012-01-01,D,0.0,0.0,0.0,0.389,TRAINING,1
71,2014-01-01,D,0.0,0.3333333333333333,0.0,0.389,TRAINING,1
73,2012-01-01,D,1000.0,0.0,1000.0,0.8838,TESTING,1
73,2014-01-01,D,1000.0,0.3333333333333333,1000.0,0.8838,TESTING,1
73,2016-01-01,D,1000.0,0.6,1000.0,0.8838,TESTING,1
73,2018-01-01,D,1000.0,1.0,,0.8838,TESTING,1
74,2012-01-01,D,0.0,0.5,0.0,0.5393,TRAINING,1
74,2014-01-01,D,0.0,0.3333333333333333,1000.0,0.5393,TRAINING,1
74,2016-01-01,D,1000.0,0.8,1000.0,0.5393,TRAINING,1
74,2018-01-01,D,1000.0,1.0,,0.5393,TRAINING,1
75,2016-01-01,D,0.0,0.6,0.0,0.8792,TESTING,1
75,2018-01-01,D,0.0,1.0,,0.8792,TESTING,1
75,2014-01-01,D,0.0,0.3333333333333333,0.0,0.8792,TESTING,1
75,2012-01-01,D,0.0,0.0,0.0,0.8792,TESTING,1
77,2012-01-01,D,0.0,0.0,0.0,0.8433,TESTING,1
77,2014-01-01,D,0.0,0.3333333333333333,0.0,0.8433,TESTING,1
77,2016-01-01,D,0.0,0.6,0.0,0.8433,TESTING,1
77,2018-01-01,D,0.0,1.0,,0.8433,TESTING,1
78,2012-01-01,D,10500.0,0.25,7500.0,0.7513,TESTING,1
78,2014-01-01,D,7500.0,0.3333333333333333,5000.0,0.7513,TESTING,1
78,2016-01-01,D,5000.0,0.6,40020.0,0.7513,TESTING,1
78,2018-01-01,D,40020.0,1.0,,0.7513,TESTING,1
79,2016-01-01,D,0.0,0.8,0.0,0.2612,TRAINING,1
79,2018-01-01,D,0.0,1.0,,0.2612,TRAINING,1
79,2014-01-01,D,0.0,0.6666666666666666,0.0,0.2612,TRAINING,1
79,2012-01-01,D,0.0,0.5,0.0,0.2612,TRAINING,1
80,2012-01-01,D,0.0,0.25,0.0,0.7041,TESTING,1
80,2014-01-01,D,0.0,0.3333333333333333,0.0,0.7041,TESTING,1
80,2016-01-01,D,0.0,0.8,0.0,0.7041,TESTING,1
80,2018-01-01,D,0.0,1.0,,0.7041,TESTING,1
81,2012-01-01,D,0.0,0.0,0.0,0.9555,TESTING,1
81,2014-01-01,D,0.0,0.3333333333333333,0.0,0.9555,TESTING,1
81,2016-01-01,D,0.0,0.6,0.0,0.9555,TESTING,1
81,2018-01-01,D,0.0,0.5,,0.9555,TESTING,1
82,2018-01-01,D,0.0,1.0,,0.6235,TESTING,1
82,2016-01-01,D,1000.0,0.8,0.0,0.6235,TESTING,1
82,2014-01-01,D,1050.0,0.3333333333333333,1000.0,0.6235,TESTING,1
82,2012-01-01,D,0.0,0.5,1050.0,0.6235,TESTING,1
84,2012-01-01,D,0.0,0.0,0.0,0.5486,TRAINING,1
84,2014-01-01,D,0.0,0.6666666666666666,0.0,0.5486,TRAINING,1
84,2016-01-01,D,0.0,0.6,0.0,0.5486,TRAINING,1
84,2018-01-01,D,0.0,1.0,,0.5486,TRAINING,1
85,2012-01-01,D,0.0,0.5,0.0,0.7099,TESTING,1
85,2014-01-01,D,0.0,0.3333333333333333,0.0,0.7099,TESTING,1
85,2016-01-01,D,0.0,0.6,0.0,0.7099,TESTING,1
85,2018-01-01,D,0.0,1.0,,0.7099,TESTING,1
86,2018-01-01,D,0.0,1.0,,0.967,TESTING,1
86,2016-01-01,D,0.0,0.6,0.0,0.967,TESTING,1
86,2014-01-01,D,0.0,0.3333333333333333,0.0,0.967,TESTING,1
86,2012-01-01,D,0.0,0.5,0.0,0.967,TESTING,1
89,2012-01-01,D,0.0,0.0,0.0,0.0775,TRAINING,1
89,2014-01-01,D,0.0,0.3333333333333333,0.0,0.0775,TRAINING,1
89,2016-01-01,D,0.0,0.6,0.0,0.0775,TRAINING,1
89,2018-01-01,D,0.0,1.0,,0.0775,TRAINING,1
90,2012-01-01,D,0.0,0.25,0.0,0.8226,TESTING,1
90,2014-01-01,D,0.0,0.3333333333333333,0.0,0.8226,TESTING,1
90,2016-01-01,D,0.0,0.6,0.0,0.8226,TESTING,1
90,2018-01-01,D,0.0,1.0,,0.8226,TESTING,1
91,2016-01-01,D,0.0,0.8,2000.0,0.3152,TRAINING,1
91,2018-01-01,D,2000.0,1.0,,0.3152,TRAINING,1
91,2012-01-01,D,0.0,0.0,0.0,0.3152,TRAINING,1
91,2014-01-01,D,0.0,0.3333333333333333,0.0,0.3152,TRAINING,1
94,2016-01-01,D,0.0,0.8,0.0,0.1585,TRAINING,1
94,2018-01-01,D,0.0,1.0,,0.1585,TRAINING,1
94,2012-01-01,D,0.0,0.75,0.0,0.1585,TRAINING,1
94,2014-01-01,D,0.0,0.6666666666666666,0.0,0.1585,TRAINING,1
95,2018-01-01,D,3515.0,1.0,,0.3943,TRAINING,1
95,2016-01-01,D,6000.0,0.8,3515.0,0.3943,TRAINING,1
95,2014-01-01,D,0.0,0.3333333333333333,6000.0,0.3943,TRAINING,1
95,2012-01-01,D,2500.0,0.5,0.0,0.3943,TRAINING,1
99,2012-01-01,D,0.0,0.25,0.0,0.7555,TESTING,1
99,2014-01-01,D,0.0,0.3333333333333333,0.0,0.7555,TESTING,1
99,2016-01-01,D,0.0,0.8,0.0,0.7555,TESTING,1
99,2018-01-01,D,0.0,1.0,,0.7555,TESTING,1
101,2012-01-01,D,0.0,0.0,0.0,0.3073,TRAINING,1
101,2014-01-01,D,0.0,0.3333333333333333,0.0,0.3073,TRAINING,1
101,2016-01-01,D,0.0,0.8,0.0,0.3073,TRAINING,1
101,2018-01-01,D,0.0,1.0,,0.3073,TRAINING,1
102,2016-01-01,D,0.0,0.8,0.0,0.1021,TRAINING,1
102,2018-01-01,D,0.0,1.0,,0.1021,TRAINING,1
102,2012-01-01,D,0.0,0.75,0.0,0.1021,TRAINING,1
102,2014-01-01,D,0.0,0.6666666666666666,0.0,0.1021,TRAINING,1
103,2012-01-01,D,0.0,0.0,0.0,0.3843,TRAINING,1
103,2014-01-01,D,0.0,0.3333333333333333,0.0,0.3843,TRAINING,1
103,2016-01-01,D,0.0,0.4,0.0,0.3843,TRAINING,1
103,2018-01-01,D,0.0,1.0,,0.3843,TRAINING,1
104,2012-01-01,D,0.0,0.25,2500.0,0.7989,TESTING,1
104,2014-01-01,D,2500.0,0.3333333333333333,0.0,0.7989,TESTING,1
104,2016-01-01,D,0.0,0.6,0.0,0.7989,TESTING,1
104,2018-01-01,D,0.0,1.0,,0.7989,TESTING,1
106,2012-01-01,D,0.0,0.0,0.0,0.9692,TESTING,1
106,2014-01-01,D,0.0,0.3333333333333333,0.0,0.9692,TESTING,1
106,2016-01-01,D,0.0,0.8,0.0,0.9692,TESTING,1
106,2018-01-01,D,0.0,1.0,,0.9692,TESTING,1
107,2018-01-01,D,0.0,1.0,,0.6873,TESTING,1
107,2016-01-01,D,0.0,0.6,0.0,0.6873,TESTING,1
107,2014-01-01,D,0.0,0.3333333333333333,0.0,0.6873,TESTING,1
107,2012-01-01,D,0.0,0.25,0.0,0.6873,TESTING,1
108,2012-01-01,D,0.0,0.75,0.0,0.5675,TESTING,1
108,2014-01-01,D,0.0,0.0,0.0,0.5675,TESTING,1
108,2016-01-01,D,0.0,0.8,0.0,0.5675,TESTING,1
108,2018-01-01,D,0.0,1.0,,0.5675,TESTING,1
109,2012-01-01,D,0.0,0.0,0.0,0.0161,TRAINING,1
109,2014-01-01,D,0.0,0.3333333333333333,0.0,0.0161,TRAINING,1
109,2016-01-01,D,0.0,0.8,0.0,0.0161,TRAINING,1
109,2018-01-01,D,0.0,1.0,,0.0161,TRAINING,1
110,2012-01-01,D,0.0,0.5,3500.0,0.4297,TRAINING,1
110,2014-01-01,D,3500.0,0.3333333333333333,0.0,0.4297,TRAINING,1
110,2016-01-01,D,0.0,0.8,0.0,0.4297,TRAINING,1
110,2018-01-01,D,0.0,1.0,,0.4297,TRAINING,1
113,2018-01-01,D,5.0,1.0,,0.0995,TRAINING,1
113,2016-01-01,D,0.0,0.8,5.0,0.0995,TRAINING,1
113,2012-01-01,D,0.0,0.5,0.0,0.0995,TRAINING,1
113,2014-01-01,D,0.0,0.3333333333333333,0.0,0.0995,TRAINING,1
114,2012-01-01,D,0.0,0.25,0.0,0.7629,TESTING,1
114,2014-01-01,D,0.0,0.3333333333333333,1000.0,0.7629,TESTING,1
114,2016-01-01,D,1000.0,0.6,0.0,0.7629,TESTING,1
114,2018-01-01,D,0.0,1.0,,0.7629,TESTING,1
115,2012-01-01,D,0.0,0.0,0.0,0.9467,TESTING,1
115,2014-01-01,D,0.0,0.3333333333333333,0.0,0.9467,TESTING,1
115,2016-01-01,D,0.0,0.8,0.0,0.9467,TESTING,1
115,2018-01-01,D,0.0,1.0,,0.9467,TESTING,1
119,2018-01-01,D,3500.0,1.0,,0.1016,TRAINING,1
119,2016-01-01,D,2000.0,0.6,3500.0,0.1016,TRAINING,1
119,2014-01-01,D,0.0,0.3333333333333333,2000.0,0.1016,TRAINING,1
119,2012-01-01,D,0.0,0.0,0.0,0.1016,TRAINING,1
120,2012-01-01,D,0.0,0.25,0.0,0.7869,TESTING,1
120,2014-01-01,D,0.0,0.3333333333333333,0.0,0.7869,TESTING,1
120,2016-01-01,D,0.0,0.6,0.0,0.7869,TESTING,1
120,2018-01-01,D,0.0,1.0,,0.7869,TESTING,1
121,2012-01-01,D,0.0,0.25,0.0,0.6439,TESTING,1
121,2014-01-01,D,0.0,0.3333333333333333,0.0,0.6439,TESTING,1
121,2016-01-01,D,0.0,0.8,0.0,0.6439,TESTING,1
121,2018-01-01,D,0.0,1.0,,0.6439,TESTING,1
123,2016-01-01,D,0.0,0.8,0.0,0.7892,TESTING,1
123,2018-01-01,D,0.0,1.0,,0.7892,TESTING,1
123,2012-01-01,D,0.0,0.5,0.0,0.7892,TESTING,1
123,2014-01-01,D,0.0,0.3333333333333333,0.0,0.7892,TESTING,1
124,2012-01-01,D,0.0,0.25,0.0,0.6863,TESTING,1
124,2014-01-01,D,0.0,0.3333333333333333,0.0,0.6863,TESTING,1
124,2016-01-01,D,0.0,0.8,0.0,0.6863,TESTING,1
124,2018-01-01,D,0.0,1.0,,0.6863,TESTING,1
125,2012-01-01,D,250.0,0.0,0.0,0.7916,TESTING,1
125,2014-01-01,D,0.0,0.3333333333333333,0.0,0.7916,TESTING,1
125,2016-01-01,D,0.0,0.4,650.0,0.7916,TESTING,1
125,2018-01-01,D,650.0,1.0,,0.7916,TESTING,1
134,2018-01-01,D,0.0,1.0,,0.8529,TESTING,1
134,2012-01-01,D,0.0,0.0,0.0,0.8529,TESTING,1
134,2014-01-01,D,0.0,0.3333333333333333,0.0,0.8529,TESTING,1
134,2016-01-01,D,0.0,0.6,0.0,0.8529,TESTING,1
136,2018-01-01,D,0.0,0.5,,0.0878,TRAINING,1
136,2016-01-01,D,0.0,0.8,0.0,0.0878,TRAINING,1
136,2012-01-01,D,0.0,0.5,0.0,0.0878,TRAINING,1
136,2014-01-01,D,0.0,0.3333333333333333,0.0,0.0878,TRAINING,1
137,2012-01-01,D,0.0,0.25,0.0,0.9268,TESTING,1
137,2014-01-01,D,0.0,0.3333333333333333,0.0,0.9268,TESTING,1
137,2016-01-01,D,0.0,0.6,0.0,0.9268,TESTING,1
137,2018-01-01,D,0.0,1.0,,0.9268,TESTING,1
138,2012-01-01,D,0.0,0.25,0.0,0.4887,TRAINING,1
138,2014-01-01,D,0.0,0.3333333333333333,0.0,0.4887,TRAINING,1
138,2016-01-01,D,0.0,0.8,0.0,0.4887,TRAINING,1
138,2018-01-01,D,0.0,1.0,,0.4887,TRAINING,1
139,2018-01-01,D,0.0,1.0,,0.4859,TRAINING,1
139,2016-01-01,D,0.0,0.8,0.0,0.4859,TRAINING,1
139,2014-01-01,D,0.0,0.3333333333333333,0.0,0.4859,TRAINING,1
139,2012-01-01,D,0.0,0.25,0.0,0.4859,TRAINING,1
141,2012-01-01,D,2000.0,0.25,3000.0,0.6331,TESTING,1
141,2014-01-01,D,3000.0,0.3333333333333333,2000.0,0.6331,TESTING,1
141,2016-01-01,D,2000.0,0.6,1000.0,0.6331,TESTING,1
141,2018-01-01,D,1000.0,1.0,,0.6331,TESTING,1
142,2012-01-01,D,2000.0,0.75,2000.0,0.8571,TESTING,1
142,2014-01-01,D,2000.0,0.3333333333333333,0.0,0.8571,TESTING,1
142,2016-01-01,D,0.0,0.8,5400.0,0.8571,TESTING,1
142,2018-01-01,D,5400.0,1.0,,0.8571,TESTING,1
145,2016-01-01,D,0.0,0.8,0.0,0.8684,TESTING,1
145,2018-01-01,D,0.0,1.0,,0.8684,TESTING,1
145,2012-01-01,D,0.0,0.75,0.0,0.8684,TESTING,1
145,2014-01-01,D,0.0,0.3333333333333333,0.0,0.8684,TESTING,1
146,2018-01-01,D,500.0,1.0,,0.7208,TESTING,1
146,2016-01-01,D,2000.0,0.6,500.0,0.7208,TESTING,1
146,2014-01-01,D,6050.0,0.3333333333333333,2000.0,0.7208,TESTING,1
146,2012-01-01,D,0.0,0.0,6050.0,0.7208,TESTING,1
148,2012-01-01,D,0.0,0.25,0.0,0.5276,TRAINING,1
148,2014-01-01,D,0.0,0.3333333333333333,0.0,0.5276,TRAINING,1
148,2016-01-01,D,0.0,0.8,0.0,0.5276,TRAINING,1
148,2018-01-01,D,0.0,0.5,,0.5276,TRAINING,1
150,2012-01-01,D,0.0,0.5,1000.0,0.2062,TRAINING,1
150,2014-01-01,D,1000.0,0.3333333333333333,2500.0,0.2062,TRAINING,1
150,2016-01-01,D,2500.0,0.6,10000.0,0.2062,TRAINING,1
150,2018-01-01,D,10000.0,1.0,,0.2062,TRAINING,1
151,2014-01-01,D,0.0,0.3333333333333333,0.0,0.0064,TRAINING,1
151,2012-01-01,D,0.0,0.25,0.0,0.0064,TRAINING,1
151,2016-01-01,D,0.0,0.6,0.0,0.0064,TRAINING,1
151,2018-01-01,D,0.0,1.0,,0.0064,TRAINING,1
152,2018-01-01,D,2550.0,1.0,,0.8006,TESTING,1
152,2016-01-01,D,1250.0,0.8,2550.0,0.8006,TESTING,1
152,2012-01-01,D,2000.0,0.0,500.0,0.8006,TESTING,1
152,2014-01-01,D,500.0,0.3333333333333333,1250.0,0.8006,TESTING,1
154,2018-01-01,D,0.0,1.0,,0.2568,TRAINING,1
154,2012-01-01,D,0.0,0.0,0.0,0.2568,TRAINING,1
154,2014-01-01,D,0.0,0.3333333333333333,0.0,0.2568,TRAINING,1
154,2016-01-01,D,0.0,0.8,0.0,0.2568,TRAINING,1
156,2016-01-01,D,2500.0,0.8,0.0,0.5463,TRAINING,1
156,2018-01-01,D,0.0,1.0,,0.5463,TRAINING,1
156,2012-01-01,D,0.0,0.25,1500.0,0.5463,TRAINING,1
156,2014-01-01,D,1500.0,0.3333333333333333,2500.0,0.5463,TRAINING,1
157,2018-01-01,D,0.0,1.0,,0.2027,TRAINING,1
157,2016-01-01,D,0.0,0.6,0.0,0.2027,TRAINING,1
157,2012-01-01,D,0.0,0.0,0.0,0.2027,TRAINING,1
157,2014-01-01,D,0.0,0.3333333333333333,0.0,0.2027,TRAINING,1
159,2012-01-01,D,1500.0,0.0,5200.0,0.2695,TRAINING,1
159,2014-01-01,D,5200.0,0.3333333333333333,0.0,0.2695,TRAINING,1
159,2016-01-01,D,0.0,0.6,0.0,0.2695,TRAINING,1
159,2018-01-01,D,0.0,1.0,,0.2695,TRAINING,1
160,2018-01-01,D,0.0,1.0,,0.9687,TESTING,1
160,2012-01-01,D,0.0,0.5,0.0,0.9687,TESTING,1
160,2014-01-01,D,0.0,0.6666666666666666,4200.0,0.9687,TESTING,1
160,2016-01-01,D,4200.0,0.8,0.0,0.9687,TESTING,1
161,2018-01-01,D,0.0,1.0,,0.5258,TRAINING,1
161,2016-01-01,D,0.0,0.6,0.0,0.5258,TRAINING,1
161,2014-01-01,D,1000.0,0.3333333333333333,0.0,0.5258,TRAINING,1
161,2012-01-01,D,0.0,0.0,1000.0,0.5258,TRAINING,1
162,2018-01-01,D,5272.0,1.0,,0.5618,TESTING,1
162,2012-01-01,D,450.0,0.5,2000.0,0.5618,TESTING,1
162,2014-01-01,D,2000.0,0.3333333333333333,2725.0,0.5618,TESTING,1
162,2016-01-01,D,2725.0,0.8,5272.0,0.5618,TESTING,1
165,2014-01-01,D,3300.0,0.6666666666666666,800.0,0.6736,TESTING,1
165,2016-01-01,D,800.0,0.8,0.0,0.6736,TESTING,1
165,2012-01-01,D,950.0,0.5,3300.0,0.6736,TESTING,1
165,2018-01-01,D,0.0,1.0,,0.6736,TESTING,1
166,2018-01-01,D,0.0,1.0,,0.0391,TRAINING,1
166,2016-01-01,D,0.0,0.6,0.0,0.0391,TRAINING,1
166,2014-01-01,D,0.0,0.3333333333333333,0.0,0.0391,TRAINING,1
166,2012-01-01,D,2500.0,0.0,0.0,0.0391,TRAINING,1
167,2012-01-01,D,1000.0,0.0,0.0,0.5892,TESTING,1
167,2014-01-01,D,0.0,0.3333333333333333,0.0,0.5892,TESTING,1
167,2016-01-01,D,0.0,0.6,0.0,0.5892,TESTING,1
167,2018-01-01,D,0.0,1.0,,0.5892,TESTING,1
168,2012-01-01,D,0.0,0.0,0.0,0.3561,TRAINING,1
168,2014-01-01,D,0.0,0.3333333333333333,0.0,0.3561,TRAINING,1
168,2016-01-01,D,0.0,0.6,0.0,0.3561,TRAINING,1
168,2018-01-01,D,0.0,1.0,,0.3561,TRAINING,1
169,2018-01-01,D,3005.0,1.0,,0.6184,TESTING,1
169,2016-01-01,D,3500.0,0.8,3005.0,0.6184,TESTING,1
169,2014-01-01,D,4600.0,0.6666666666666666,3500.0,0.6184,TESTING,1
169,2012-01-01,D,0.0,0.5,4600.0,0.6184,TESTING,1
172,2012-01-01,D,0.0,0.25,0.0,0.3099,TRAINING,1
172,2014-01-01,D,0.0,0.3333333333333333,0.0,0.3099,TRAINING,1
172,2016-01-01,D,0.0,0.0,0.0,0.3099,TRAINING,1
172,2018-01-01,D,0.0,0.0,,0.3099,TRAINING,1
174,2012-01-01,D,0.0,0.0,500.0,0.6278,TESTING,1
174,2014-01-01,D,500.0,0.3333333333333333,31.0,0.6278,TESTING,1
174,2016-01-01,D,31.0,0.8,170.0,0.6278,TESTING,1
174,2018-01-01,D,170.0,1.0,,0.6278,TESTING,1
178,2016-01-01,D,0.0,0.8,15.0,0.8392,TESTING,1
178,2018-01-01,D,15.0,1.0,,0.8392,TESTING,1
178,2012-01-01,D,0.0,0.75,0.0,0.8392,TESTING,1
178,2014-01-01,D,0.0,0.3333333333333333,0.0,0.8392,TESTING,1
179,2012-01-01,D,0.0,0.0,0.0,0.3104,TRAINING,1
179,2014-01-01,D,0.0,0.3333333333333333,0.0,0.3104,TRAINING,1
179,2016-01-01,D,0.0,0.6,0.0,0.3104,TRAINING,1
179,2018-01-01,D,0.0,1.0,,0.3104,TRAINING,1
182,2012-01-01,D,0.0,0.5,1000.0,0.7215,TESTING,1
182,2014-01-01,D,1000.0,0.3333333333333333,1000.0,0.7215,TESTING,1
182,2016-01-01,D,1000.0,0.8,25.0,0.7215,TESTING,1
182,2018-01-01,D,25.0,1.0,,0.7215,TESTING,1
185,2016-01-01,D,0.0,0.8,0.0,0.2454,TRAINING,1
185,2018-01-01,D,0.0,1.0,,0.2454,TRAINING,1
185,2012-01-01,D,0.0,0.25,0.0,0.2454,TRAINING,1
185,2014-01-01,D,0.0,0.3333333333333333,0.0,0.2454,TRAINING,1
186,2012-01-01,D,250.0,0.0,0.0,0.8996,TESTING,1
186,2014-01-01,D,0.0,0.3333333333333333,250.0,0.8996,TESTING,1
186,2016-01-01,D,250.0,0.8,1000.0,0.8996,TESTING,1
186,2018-01-01,D,1000.0,1.0,,0.8996,TESTING,1
187,2012-01-01,D,0.0,0.75,5200.0,0.2731,TRAINING,1
187,2014-01-01,D,5200.0,0.3333333333333333,6400.0,0.2731,TRAINING,1
187,2016-01-01,D,6400.0,0.6,5435.0,0.2731,TRAINING,1
187,2018-01-01,D,5435.0,1.0,,0.2731,TRAINING,1
188,2018-01-01,D,0.0,1.0,,0.8154,TESTING,1
188,2012-01-01,D,1000.0,0.25,0.0,0.8154,TESTING,1
188,2014-01-01,D,0.0,0.3333333333333333,2700.0,0.8154,TESTING,1
188,2016-01-01,D,2700.0,0.8,0.0,0.8154,TESTING,1
191,2016-01-01,D,0.0,0.6,0.0,0.9762,TESTING,1
191,2018-01-01,D,0.0,1.0,,0.9762,TESTING,1
191,2012-01-01,D,500.0,0.0,0.0,0.9762,TESTING,1
191,2014-01-01,D,0.0,0.3333333333333333,0.0,0.9762,TESTING,1
193,2016-01-01,D,0.0,0.6,0.0,0.5056,TRAINING,1
193,2018-01-01,D,0.0,1.0,,0.5056,TRAINING,1
193,2012-01-01,D,0.0,0.25,0.0,0.5056,TRAINING,1
193,2014-01-01,D,0.0,0.3333333333333333,0.0,0.5056,TRAINING,1
194,2016-01-01,D,0.0,0.6,0.0,0.811,TESTING,1
194,2018-01-01,D,0.0,1.0,,0.811,TESTING,1
194,2012-01-01,D,0.0,0.25,0.0,0.811,TESTING,1
194,2014-01-01,D,0.0,0.3333333333333333,0.0,0.811,TESTING,1
195,2012-01-01,D,0.0,0.5,0.0,0.384,TRAINING,1
195,2014-01-01,D,0.0,0.3333333333333333,1000.0,0.384,TRAINING,1
195,2016-01-01,D,1000.0,0.8,500.0,0.384,TRAINING,1
195,2018-01-01,D,500.0,1.0,,0.384,TRAINING,1
197,2012-01-01,D,2500.0,0.0,0.0,0.1028,TRAINING,1
197,2014-01-01,D,0.0,0.3333333333333333,0.0,0.1028,TRAINING,1
197,2016-01-01,D,0.0,0.6,0.0,0.1028,TRAINING,1
197,2018-01-01,D,0.0,1.0,,0.1028,TRAINING,1
198,2012-01-01,D,0.0,0.25,0.0,0.7385,TESTING,1
198,2014-01-01,D,0.0,0.6666666666666666,0.0,0.7385,TESTING,1
198,2016-01-01,D,0.0,0.8,0.0,0.7385,TESTING,1
198,2018-01-01,D,0.0,1.0,,0.7385,TESTING,1
199,2018-01-01,D,0.0,1.0,,0.0502,TRAINING,1
199,2016-01-01,D,500.0,0.6,0.0,0.0502,TRAINING,1
199,2012-01-01,D,0.0,0.0,0.0,0.0502,TRAINING,1
199,2014-01-01,D,0.0,0.3333333333333333,500.0,0.0502,TRAINING,1
200,2012-01-01,R,0.0,1.0,0.0,0.691,TESTING,0
200,2014-01-01,R,0.0,0.6666666666666666,0.0,0.691,TESTING,0
200,2016-01-01,R,0.0,0.8,0.0,0.691,TESTING,0
200,2018-01-01,R,0.0,0.0,,0.691,TESTING,0
203,2018-01-01,R,0.0,0.0,,0.9062,TESTING,0
203,2012-01-01,R,0.0,1.0,0.0,0.9062,TESTING,0
203,2014-01-01,R,0.0,0.6666666666666666,0.0,0.9062,TESTING,0
203,2016-01-01,R,0.0,0.6,0.0,0.9062,TESTING,0
205,2018-01-01,R,5000.0,0.0,,0.6938,TESTING,0
205,2016-01-01,R,6000.0,0.8,5000.0,0.6938,TESTING,0
205,2012-01-01,R,0.0,0.5,0.0,0.6938,TESTING,0
205,2014-01-01,R,0.0,0.6666666666666666,6000.0,0.6938,TESTING,0
206,2012-01-01,R,0.0,0.5,0.0,0.4488,TRAINING,0
206,2014-01-01,R,0.0,0.6666666666666666,1000.0,0.4488,TRAINING,0
206,2016-01-01,R,1000.0,0.8,0.0,0.4488,TRAINING,0
206,2018-01-01,R,0.0,0.0,,0.4488,TRAINING,0
207,2012-01-01,R,0.0,0.75,0.0,0.0206,TRAINING,0
207,2014-01-01,R,0.0,0.6666666666666666,0.0,0.0206,TRAINING,0
207,2016-01-01,R,0.0,0.8,0.0,0.0206,TRAINING,0
207,2018-01-01,R,0.0,0.0,,0.0206,TRAINING,0
211,2018-01-01,R,0.0,0.0,,0.5134,TRAINING,0
211,2016-01-01,R,0.0,0.8,0.0,0.5134,TRAINING,0
211,2014-01-01,R,0.0,0.6666666666666666,0.0,0.5134,TRAINING,0
211,2012-01-01,R,0.0,0.75,0.0,0.5134,TRAINING,0
212,2012-01-01,R,1000.0,0.75,1000.0,0.5977,TESTING,0
212,2014-01-01,R,1000.0,0.6666666666666666,1000.0,0.5977,TESTING,0
212,2016-01-01,R,1000.0,0.6,0.0,0.5977,TESTING,0
212,2018-01-01,R,0.0,0.0,,0.5977,TESTING,0
214,2012-01-01,R,0.0,0.75,0.0,0.7721,TESTING,0
214,2014-01-01,R,0.0,0.6666666666666666,0.0,0.7721,TESTING,0
214,2016-01-01,R,0.0,0.8,0.0,0.7721,TESTING,0
214,2018-01-01,R,0.0,0.0,,0.7721,TESTING,0
217,2016-01-01,R,0.0,0.8,0.0,0.7035,TESTING,0
217,2018-01-01,R,0.0,0.0,,0.7035,TESTING,0
217,2012-01-01,R,0.0,0.75,0.0,0.7035,TESTING,0
217,2014-01-01,R,0.0,1.0,0.0,0.7035,TESTING,0
226,2018-01-01,R,0.0,0.0,,0.1484,TRAINING,0
226,2016-01-01,R,0.0,0.8,0.0,0.1484,TRAINING,0
226,2014-01-01,R,0.0,0.6666666666666666,0.0,0.1484,TRAINING,0
226,2012-01-01,R,0.0,0.75,0.0,0.1484,TRAINING,0
227,2012-01-01,R,0.0,0.75,0.0,0.7858,TESTING,0
227,2014-01-01,R,0.0,0.6666666666666666,0.0,0.7858,TESTING,0
227,2016-01-01,R,0.0,0.6,0.0,0.7858,TESTING,0
227,2018-01-01,R,0.0,0.0,,0.7858,TESTING,0
233,2012-01-01,R,0.0,0.25,0.0,0.0863,TRAINING,0
233,2014-01-01,R,0.0,0.3333333333333333,0.0,0.0863,TRAINING,0
233,2016-01-01,R,0.0,0.6,0.0,0.0863,TRAINING,0
233,2018-01-01,R,0.0,0.0,,0.0863,TRAINING,0
234,2016-01-01,R,0.0,0.8,0.0,0.279,TRAINING,0
234,2018-01-01,R,0.0,0.5,,0.279,TRAINING,0
234,2012-01-01,R,0.0,0.75,0.0,0.279,TRAINING,0
234,2014-01-01,R,0.0,0.6666666666666666,0.0,0.279,TRAINING,0
235,2012-01-01,R,0.0,0.5,0.0,0.7408,TESTING,0
235,2014-01-01,R,0.0,0.3333333333333333,0.0,0.7408,TESTING,0
235,2016-01-01,R,0.0,0.6,0.0,0.7408,TESTING,0
235,2018-01-01,R,0.0,0.0,,0.7408,TESTING,0
240,2012-01-01,R,0.0,0.75,0.0,0.8755,TESTING,0
240,2014-01-01,R,0.0,0.6666666666666666,0.0,0.8755,TESTING,0
240,2016-01-01,R,0.0,0.8,0.0,0.8755,TESTING,0
240,2018-01-01,R,0.0,0.0,,0.8755,TESTING,0
247,2012-01-01,R,0.0,0.75,1000.0,0.5116,TRAINING,0
247,2014-01-01,R,1000.0,0.6666666666666666,1000.0,0.5116,TRAINING,0
247,2016-01-01,R,1000.0,0.8,2601.0,0.5116,TRAINING,0
247,2018-01-01,R,2601.0,0.0,,0.5116,TRAINING,0
252,2016-01-01,R,0.0,0.6,0.0,0.6019,TESTING,0
252,2018-01-01,R,0.0,0.5,,0.6019,TESTING,0
252,2014-01-01,R,1000.0,1.0,0.0,0.6019,TESTING,0
252,2012-01-01,R,2500.0,0.5,1000.0,0.6019,TESTING,0
253,2012-01-01,R,2500.0,0.75,1000.0,0.1757,TRAINING,0
253,2014-01-01,R,1000.0,0.0,0.0,0.1757,TRAINING,0
253,2016-01-01,R,0.0,0.0,0.0,0.1757,TRAINING,0
253,2018-01-01,R,0.0,0.0,,0.1757,TRAINING,0
258,2018-01-01,R,0.0,0.0,,0.7574,TESTING,0
258,2012-01-01,R,0.0,0.25,0.0,0.7574,TESTING,0
258,2014-01-01,R,0.0,0.6666666666666666,0.0,0.7574,TESTING,0
258,2016-01-01,R,0.0,0.4,0.0,0.7574,TESTING,0
260,2018-01-01,R,1000.0,0.0,,0.6374,TESTING,0
260,2016-01-01,R,4000.0,0.8,1000.0,0.6374,TESTING,0
260,2014-01-01,R,2000.0,0.6666666666666666,4000.0,0.6374,TESTING,0
260,2012-01-01,R,3500.0,0.75,2000.0,0.6374,TESTING,0
261,2018-01-01,R,0.0,0.0,,0.6892,TESTING,0
261,2012-01-01,R,0.0,0.75,0.0,0.6892,TESTING,0
261,2014-01-01,R,0.0,0.6666666666666666,0.0,0.6892,TESTING,0
261,2016-01-01,R,0.0,0.6,0.0,0.6892,TESTING,0
265,2016-01-01,R,0.0,0.8,0.0,0.1678,TRAINING,0
265,2018-01-01,R,0.0,0.0,,0.1678,TRAINING,0
265,2012-01-01,R,0.0,0.75,0.0,0.1678,TRAINING,0
265,2014-01-01,R,0.0,0.6666666666666666,0.0,0.1678,TRAINING,0
268,2016-01-01,R,1500.0,0.8,1500.0,0.3242,TRAINING,0
268,2018-01-01,R,1500.0,0.0,,0.3242,TRAINING,0
268,2012-01-01,R,6500.0,0.75,3500.0,0.3242,TRAINING,0
268,2014-01-01,R,3500.0,0.6666666666666666,1500.0,0.3242,TRAINING,0
269,2018-01-01,R,10000.0,0.0,,0.4636,TRAINING,0
269,2016-01-01,R,9000.0,0.8,10000.0,0.4636,TRAINING,0
269,2014-01-01,R,3000.0,0.6666666666666666,9000.0,0.4636,TRAINING,0
269,2012-01-01,R,4000.0,0.75,3000.0,0.4636,TRAINING,0
271,2012-01-01,R,0.0,0.75,0.0,0.1059,TRAINING,0
271,2014-01-01,R,0.0,0.6666666666666666,0.0,0.1059,TRAINING,0
271,2016-01-01,R,0.0,0.8,0.0,0.1059,TRAINING,0
271,2018-01-01,R,0.0,0.0,,0.1059,TRAINING,0
273,2012-01-01,R,0.0,0.75,0.0,0.6668,TESTING,0
273,2014-01-01,R,0.0,0.3333333333333333,0.0,0.6668,TESTING,0
273,2016-01-01,R,0.0,0.8,0.0,0.6668,TESTING,0
273,2018-01-01,R,0.0,0.0,,0.6668,TESTING,0
280,2016-01-01,R,0.0,0.8,0.0,0.9914,TESTING,0
280,2018-01-01,R,0.0,0.0,,0.9914,TESTING,0
280,2012-01-01,R,0.0,0.75,0.0,0.9914,TESTING,0
280,2014-01-01,R,0.0,0.6666666666666666,0.0,0.9914,TESTING,0
281,2012-01-01,R,0.0,0.75,0.0,0.3157,TRAINING,0
281,2014-01-01,R,0.0,0.6666666666666666,0.0,0.3157,TRAINING,0
281,2016-01-01,R,0.0,0.6,0.0,0.3157,TRAINING,0
281,2018-01-01,R,0.0,0.0,,0.3157,TRAINING,0
282,2012-01-01,R,0.0,0.75,0.0,0.5915,TESTING,0
282,2014-01-01,R,0.0,0.6666666666666666,0.0,0.5915,TESTING,0
282,2016-01-01,R,0.0,0.8,0.0,0.5915,TESTING,0
282,2018-01-01,R,0.0,0.0,,0.5915,TESTING,0
285,2012-01-01,R,0.0,0.5,0.0,0.9789,TESTING,0
285,2014-01-01,R,0.0,0.6666666666666666,0.0,0.9789,TESTING,0
285,2016-01-01,R,0.0,0.2,0.0,0.9789,TESTING,0
285,2018-01-01,R,0.0,0.0,,0.9789,TESTING,0
287,2018-01-01,R,0.0,0.0,,0.2693,TRAINING,0
287,2016-01-01,R,0.0,0.8,0.0,0.2693,TRAINING,0
287,2014-01-01,R,0.0,0.6666666666666666,0.0,0.2693,TRAINING,0
287,2012-01-01,R,0.0,0.75,0.0,0.2693,TRAINING,0
289,2012-01-01,R,0.0,0.5,0.0,0.3627,TRAINING,0
289,2014-01-01,R,0.0,0.6666666666666666,0.0,0.3627,TRAINING,0
289,2016-01-01,R,0.0,0.8,0.0,0.3627,TRAINING,0
289,2018-01-01,R,0.0,0.0,,0.3627,TRAINING,0
295,2012-01-01,R,4000.0,0.75,5000.0,0.9555,TESTING,0
295,2014-01-01,R,5000.0,0.6666666666666666,1750.0,0.9555,TESTING,0
295,2016-01-01,R,1750.0,0.8,13000.0,0.9555,TESTING,0
295,2018-01-01,R,13000.0,0.0,,0.9555,TESTING,0
296,2012-01-01,R,0.0,0.5,0.0,0.545,TRAINING,0
296,2014-01-01,R,0.0,0.6666666666666666,0.0,0.545,TRAINING,0
296,2016-01-01,R,0.0,0.6,0.0,0.545,TRAINING,0
296,2018-01-01,R,0.0,0.0,,0.545,TRAINING,0
297,2018-01-01,R,0.0,0.0,,0.1663,TRAINING,0
297,2016-01-01,R,0.0,0.6,0.0,0.1663,TRAINING,0
297,2012-01-01,R,0.0,0.75,0.0,0.1663,TRAINING,0
297,2014-01-01,R,0.0,0.6666666666666666,0.0,0.1663,TRAINING,0
299,2012-01-01,R,0.0,0.75,0.0,0.9721,TESTING,0
299,2014-01-01,R,0.0,0.6666666666666666,0.0,0.9721,TESTING,0
299,2016-01-01,R,0.0,0.8,0.0,0.9721,TESTING,0
299,2018-01-01,R,0.0,0.0,,0.9721,TESTING,0
301,2012-01-01,R,0.0,0.75,0.0,0.5592,TESTING,0
301,2014-01-01,R,0.0,0.6666666666666666,0.0,0.5592,TESTING,0
301,2016-01-01,R,0.0,0.8,0.0,0.5592,TESTING,0
301,2018-01-01,R,0.0,0.0,,0.5592,TESTING,0
302,2018-01-01,R,0.0,0.0,,0.7392,TESTING,0
302,2016-01-01,R,0.0,0.4,0.0,0.7392,TESTING,0
302,2014-01-01,R,0.0,0.6666666666666666,0.0,0.7392,TESTING,0
302,2012-01-01,R,500.0,0.5,0.0,0.7392,TESTING,0
303,2012-01-01,R,500.0,0.75,1000.0,0.1306,TRAINING,0
303,2014-01-01,R,1000.0,0.6666666666666666,0.0,0.1306,TRAINING,0
303,2016-01-01,R,0.0,1.0,0.0,0.1306,TRAINING,0
303,2018-01-01,R,0.0,0.0,,0.1306,TRAINING,0
307,2012-01-01,R,2000.0,0.75,1500.0,0.6776,TESTING,0
307,2014-01-01,R,1500.0,0.6666666666666666,2500.0,0.6776,TESTING,0
307,2016-01-01,R,2500.0,0.8,2950.0,0.6776,TESTING,0
307,2018-01-01,R,2950.0,0.0,,0.6776,TESTING,0
312,2012-01-01,R,2750.0,0.75,2500.0,0.5864,TESTING,0
312,2014-01-01,R,2500.0,0.6666666666666666,3500.0,0.5864,TESTING,0
312,2016-01-01,R,3500.0,0.8,2000.0,0.5864,TESTING,0
312,2018-01-01,R,2000.0,0.0,,0.5864,TESTING,0
314,2018-01-01,R,0.0,0.0,,0.9474,TESTING,0
314,2016-01-01,R,0.0,0.8,0.0,0.9474,TESTING,0
314,2012-01-01,R,0.0,0.75,0.0,0.9474,TESTING,0
314,2014-01-01,R,0.0,0.6666666666666666,0.0,0.9474,TESTING,0
317,2012-01-01,R,0.0,0.75,0.0,0.7526,TESTING,0
317,2014-01-01,R,0.0,0.3333333333333333,0.0,0.7526,TESTING,0
317,2016-01-01,R,0.0,0.8,0.0,0.7526,TESTING,0
317,2018-01-01,R,0.0,0.0,,0.7526,TESTING,0
319,2012-01-01,R,0.0,0.25,0.0,0.8901,TESTING,0
319,2014-01-01,R,0.0,0.3333333333333333,0.0,0.8901,TESTING,0
319,2016-01-01,R,0.0,0.2,50.0,0.8901,TESTING,0
319,2018-01-01,R,50.0,0.0,,0.8901,TESTING,0
320,2018-01-01,R,1000.0,0.0,,0.5575,TESTING,0
320,2016-01-01,R,2500.0,0.8,1000.0,0.5575,TESTING,0
320,2014-01-01,R,0.0,0.6666666666666666,2500.0,0.5575,TESTING,0
320,2012-01-01,R,500.0,0.5,0.0,0.5575,TESTING,0
322,2012-01-01,R,1000.0,0.5,1000.0,0.553,TESTING,0
322,2014-01-01,R,1000.0,0.6666666666666666,0.0,0.553,TESTING,0
322,2016-01-01,R,0.0,0.4,0.0,0.553,TESTING,0
322,2018-01-01,R,0.0,0.0,,0.553,TESTING,0
326,2012-01-01,R,0.0,0.75,0.0,0.4413,TRAINING,0
326,2014-01-01,R,0.0,0.6666666666666666,0.0,0.4413,TRAINING,0
326,2016-01-01,R,0.0,0.8,0.0,0.4413,TRAINING,0
326,2018-01-01,R,0.0,0.0,,0.4413,TRAINING,0
327,2016-01-01,R,500.0,0.8,0.0,0.3748,TRAINING,0
327,2018-01-01,R,0.0,0.0,,0.3748,TRAINING,0
327,2012-01-01,R,0.0,0.75,0.0,0.3748,TRAINING,0
327,2014-01-01,R,0.0,0.6666666666666666,500.0,0.3748,TRAINING,0
329,2012-01-01,R,0.0,0.75,0.0,0.0663,TRAINING,0
329,2014-01-01,R,0.0,0.6666666666666666,0.0,0.0663,TRAINING,0
329,2016-01-01,R,0.0,0.6,2000.0,0.0663,TRAINING,0
329,2018-01-01,R,2000.0,0.0,,0.0663,TRAINING,0
330,2012-01-01,R,0.0,0.75,0.0,0.1998,TRAINING,0
330,2014-01-01,R,0.0,1.0,0.0,0.1998,TRAINING,0
330,2016-01-01,R,0.0,0.6,0.0,0.1998,TRAINING,0
330,2018-01-01,R,0.0,0.0,,0.1998,TRAINING,0
331,2018-01-01,R,0.0,0.0,,0.7994,TESTING,0
331,2012-01-01,R,0.0,0.5,0.0,0.7994,TESTING,0
331,2014-01-01,R,0.0,0.3333333333333333,0.0,0.7994,TESTING,0
331,2016-01-01,R,0.0,0.6,0.0,0.7994,TESTING,0
332,2018-01-01,R,0.0,0.0,,0.1495,TRAINING,0
332,2016-01-01,R,0.0,0.4,0.0,0.1495,TRAINING,0
332,2012-01-01,R,0.0,0.25,0.0,0.1495,TRAINING,0
332,2014-01-01,R,0.0,0.3333333333333333,0.0,0.1495,TRAINING,0
333,2012-01-01,R,0.0,0.5,0.0,0.3304,TRAINING,0
333,2014-01-01,R,0.0,0.6666666666666666,0.0,0.3304,TRAINING,0
333,2016-01-01,R,0.0,0.4,0.0,0.3304,TRAINING,0
333,2018-01-01,R,0.0,0.0,,0.3304,TRAINING,0
336,2012-01-01,R,1000.0,0.75,0.0,0.3763,TRAINING,0
336,2014-01-01,R,0.0,0.6666666666666666,0.0,0.3763,TRAINING,0
336,2016-01-01,R,0.0,0.8,0.0,0.3763,TRAINING,0
336,2018-01-01,R,0.0,0.0,,0.3763,TRAINING,0
338,2012-01-01,R,0.0,0.75,0.0,0.5232,TRAINING,0
338,2014-01-01,R,0.0,0.6666666666666666,0.0,0.5232,TRAINING,0
338,2016-01-01,R,0.0,0.8,0.0,0.5232,TRAINING,0
338,2018-01-01,R,0.0,0.0,,0.5232,TRAINING,0
342,2018-01-01,R,1000.0,0.0,,0.1853,TRAINING,0
342,2016-01-01,R,2000.0,0.0,1000.0,0.1853,TRAINING,0
342,2012-01-01,R,12000.0,0.5,11250.0,0.1853,TRAINING,0
342,2014-01-01,R,11250.0,0.6666666666666666,2000.0,0.1853,TRAINING,0
344,2012-01-01,R,0.0,0.75,0.0,0.6585,TESTING,0
344,2014-01-01,R,0.0,0.6666666666666666,0.0,0.6585,TESTING,0
344,2016-01-01,R,0.0,0.8,0.0,0.6585,TESTING,0
344,2018-01-01,R,0.0,0.0,,0.6585,TESTING,0
345,2018-01-01,R,0.0,0.0,,0.1291,TRAINING,0
345,2012-01-01,R,0.0,0.5,0.0,0.1291,TRAINING,0
345,2014-01-01,R,0.0,0.6666666666666666,0.0,0.1291,TRAINING,0
345,2016-01-01,R,0.0,0.8,0.0,0.1291,TRAINING,0
347,2018-01-01,R,0.0,0.0,,0.3581,TRAINING,0
347,2016-01-01,R,0.0,0.8,0.0,0.3581,TRAINING,0
347,2012-01-01,R,1000.0,0.75,1000.0,0.3581,TRAINING,0
347,2014-01-01,R,1000.0,0.6666666666666666,0.0,0.3581,TRAINING,0
350,2012-01-01,R,0.0,0.75,0.0,0.7554,TESTING,0
350,2014-01-01,R,0.0,0.6666666666666666,0.0,0.7554,TESTING,0
350,2016-01-01,R,0.0,0.8,0.0,0.7554,TESTING,0
350,2018-01-01,R,0.0,0.0,,0.7554,TESTING,0
357,2012-01-01,R,0.0,0.75,0.0,0.728,TESTING,0
357,2014-01-01,R,0.0,0.6666666666666666,0.0,0.728,TESTING,0
357,2016-01-01,R,0.0,0.8,0.0,0.728,TESTING,0
357,2018-01-01,R,0.0,0.0,,0.728,TESTING,0
358,2018-01-01,R,0.0,0.0,,0.1636,TRAINING,0
358,2016-01-01,R,0.0,0.2,0.0,0.1636,TRAINING,0
358,2014-01-01,R,0.0,0.3333333333333333,0.0,0.1636,TRAINING,0
358,2012-01-01,R,0.0,0.25,0.0,0.1636,TRAINING,0
360,2012-01-01,R,0.0,0.5,0.0,0.3696,TRAINING,0
360,2014-01-01,R,0.0,0.6666666666666666,0.0,0.3696,TRAINING,0
360,2016-01-01,R,0.0,0.6,0.0,0.3696,TRAINING,0
360,2018-01-01,R,0.0,0.0,,0.3696,TRAINING,0
361,2012-01-01,R,0.0,0.5,0.0,0.0698,TRAINING,0
361,2014-01-01,R,0.0,0.6666666666666666,0.0,0.0698,TRAINING,0
361,2016-01-01,R,0.0,0.6,0.0,0.0698,TRAINING,0
361,2018-01-01,R,0.0,0.0,,0.0698,TRAINING,0
369,2016-01-01,R,2000.0,0.8,2000.0,0.4737,TRAINING,0
369,2018-01-01,R,2000.0,0.0,,0.4737,TRAINING,0
369,2012-01-01,R,0.0,0.75,500.0,0.4737,TRAINING,0
369,2014-01-01,R,500.0,0.6666666666666666,2000.0,0.4737,TRAINING,0
370,2018-01-01,R,0.0,0.5,,0.0854,TRAINING,0
370,2016-01-01,R,0.0,0.8,0.0,0.0854,TRAINING,0
370,2014-01-01,R,0.0,0.6666666666666666,0.0,0.0854,TRAINING,0
370,2012-01-01,R,0.0,0.75,0.0,0.0854,TRAINING,0
372,2012-01-01,R,0.0,0.75,0.0,0.8164,TESTING,0
372,2014-01-01,R,0.0,0.6666666666666666,0.0,0.8164,TESTING,0
372,2016-01-01,R,0.0,0.8,0.0,0.8164,TESTING,0
372,2018-01-01,R,0.0,0.0,,0.8164,TESTING,0
374,2012-01-01,R,0.0,0.75,500.0,0.5855,TESTING,0
374,2014-01-01,R,500.0,0.6666666666666666,0.0,0.5855,TESTING,0
374,2016-01-01,R,0.0,0.6,2000.0,0.5855,TESTING,0
374,2018-01-01,R,2000.0,0.0,,0.5855,TESTING,0
376,2016-01-01,R,1750.0,0.8,1500.0,0.7392,TESTING,0
376,2018-01-01,R,1500.0,0.0,,0.7392,TESTING,0
376,2012-01-01,R,3000.0,0.75,1000.0,0.7392,TESTING,0
376,2014-01-01,R,1000.0,0.6666666666666666,1750.0,0.7392,TESTING,0
378,2012-01-01,R,0.0,0.5,0.0,0.6528,TESTING,0
378,2014-01-01,R,0.0,0.6666666666666666,0.0,0.6528,TESTING,0
378,2016-01-01,R,0.0,0.4,0.0,0.6528,TESTING,0
378,2018-01-01,R,0.0,0.0,,0.6528,TESTING,0
383,2012-01-01,R,0.0,0.5,0.0,0.5249,TRAINING,0
383,2014-01-01,R,0.0,0.6666666666666666,0.0,0.5249,TRAINING,0
383,2016-01-01,R,0.0,0.6,0.0,0.5249,TRAINING,0
383,2018-01-01,R,0.0,0.0,,0.5249,TRAINING,0
386,2012-01-01,R,0.0,0.5,0.0,0.5172,TRAINING,0
386,2014-01-01,R,0.0,0.6666666666666666,0.0,0.5172,TRAINING,0
386,2016-01-01,R,0.0,0.8,1000.0,0.5172,TRAINING,0
386,2018-01-01,R,1000.0,0.0,,0.5172,TRAINING,0
390,2018-01-01,R,0.0,0.0,,0.1707,TRAINING,0
390,2016-01-01,R,0.0,0.6,0.0,0.1707,TRAINING,0
390,2014-01-01,R,0.0,0.6666666666666666,0.0,0.1707,TRAINING,0
390,2012-01-01,R,500.0,0.5,0.0,0.1707,TRAINING,0
391,2012-01-01,R,0.0,0.75,0.0,0.5791,TESTING,0
391,2014-01-01,R,0.0,0.6666666666666666,0.0,0.5791,TESTING,0
391,2016-01-01,R,0.0,0.8,0.0,0.5791,TESTING,0
391,2018-01-01,R,0.0,0.0,,0.5791,TESTING,0
392,2012-01-01,R,0.0,0.5,0.0,0.9925,TESTING,0
392,2014-01-01,R,0.0,0.6666666666666666,0.0,0.9925,TESTING,0
392,2016-01-01,R,0.0,0.8,0.0,0.9925,TESTING,0
392,2018-01-01,R,0.0,0.0,,0.9925,TESTING,0
393,2016-01-01,R,0.0,0.6,0.0,0.5535,TESTING,0
393,2018-01-01,R,0.0,0.0,,0.5535,TESTING,0
393,2012-01-01,R,0.0,0.75,0.0,0.5535,TESTING,0
393,2014-01-01,R,0.0,0.3333333333333333,0.0,0.5535,TESTING,0
395,2012-01-01,R,2000.0,0.5,0.0,0.4931,TRAINING,0
395,2014-01-01,R,0.0,0.6666666666666666,0.0,0.4931,TRAINING,0
395,2016-01-01,R,0.0,0.6,0.0,0.4931,TRAINING,0
395,2018-01-01,R,0.0,0.0,,0.4931,TRAINING,0
396,2012-01-01,R,0.0,0.25,0.0,0.351,TRAINING,0
396,2014-01-01,R,0.0,0.3333333333333333,0.0,0.351,TRAINING,0
396,2016-01-01,R,0.0,0.0,0.0,0.351,TRAINING,0
396,2018-01-01,R,0.0,0.0,,0.351,TRAINING,0
398,2018-01-01,R,0.0,0.0,,0.0202,TRAINING,0
398,2012-01-01,R,0.0,0.5,0.0,0.0202,TRAINING,0
398,2014-01-01,R,0.0,0.6666666666666666,0.0,0.0202,TRAINING,0
398,2016-01-01,R,0.0,0.6,0.0,0.0202,TRAINING,0
399,2018-01-01,R,0.0,0.0,,0.4218,TRAINING,0
399,2016-01-01,R,0.0,0.8,0.0,0.4218,TRAINING,0
399,2012-01-01,R,0.0,0.75,0.0,0.4218,TRAINING,0
399,2014-01-01,R,0.0,1.0,0.0,0.4218,TRAINING,0
401,2012-01-01,R,0.0,0.75,0.0,0.8958,TESTING,0
401,2014-01-01,R,0.0,0.6666666666666666,0.0,0.8958,TESTING,0
401,2016-01-01,R,0.0,0.4,0.0,0.8958,TESTING,0
401,2018-01-01,R,0.0,0.0,,0.8958,TESTING,0
403,2012-01-01,R,0.0,0.75,2250.0,0.4389,TRAINING,0
403,2014-01-01,R,2250.0,0.6666666666666666,1000.0,0.4389,TRAINING,0
403,2016-01-01,R,1000.0,0.8,2500.0,0.4389,TRAINING,0
403,2018-01-01,R,2500.0,0.0,,0.4389,TRAINING,0
404,2012-01-01,R,0.0,0.75,0.0,0.2327,TRAINING,0
404,2014-01-01,R,0.0,0.6666666666666666,0.0,0.2327,TRAINING,0
404,2016-01-01,R,0.0,0.8,0.0,0.2327,TRAINING,0
404,2018-01-01,R,0.0,0.0,,0.2327,TRAINING,0
405,2018-01-01,R,0.0,0.0,,0.8004,TESTING,0
405,2016-01-01,R,0.0,0.8,0.0,0.8004,TESTING,0
405,2012-01-01,R,0.0,0.75,0.0,0.8004,TESTING,0
405,2014-01-01,R,0.0,0.6666666666666666,0.0,0.8004,TESTING,0
406,2012-01-01,R,0.0,0.75,0.0,0.2931,TRAINING,0
406,2014-01-01,R,0.0,0.6666666666666666,2000.0,0.2931,TRAINING,0
406,2016-01-01,R,2000.0,0.8,1000.0,0.2931,TRAINING,0
406,2018-01-01,R,1000.0,0.0,,0.2931,TRAINING,0
410,2018-01-01,R,0.0,0.0,,0.7777,TESTING,0
410,2012-01-01,R,0.0,0.75,0.0,0.7777,TESTING,0
410,2014-01-01,R,0.0,0.6666666666666666,2500.0,0.7777,TESTING,0
410,2016-01-01,R,2500.0,0.8,0.0,0.7777,TESTING,0
412,2018-01-01,R,0.0,0.0,,0.0197,TRAINING,0
412,2016-01-01,R,1000.0,0.8,0.0,0.0197,TRAINING,0
412,2014-01-01,R,0.0,0.6666666666666666,1000.0,0.0197,TRAINING,0
412,2012-01-01,R,2000.0,0.75,0.0,0.0197,TRAINING,0
414,2012-01-01,R,0.0,0.5,0.0,0.7125,TESTING,0
414,2014-01-01,R,0.0,0.6666666666666666,0.0,0.7125,TESTING,0
414,2016-01-01,R,0.0,0.2,0.0,0.7125,TESTING,0
414,2018-01-01,R,0.0,0.0,,0.7125,TESTING,0
415,2012-01-01,R,0.0,0.75,2500.0,0.193,TRAINING,0
415,2014-01-01,R,2500.0,0.6666666666666666,1000.0,0.193,TRAINING,0
415,2016-01-01,R,1000.0,0.0,0.0,0.193,TRAINING,0
415,2018-01-01,R,0.0,0.0,,0.193,TRAINING,0
417,2016-01-01,R,0.0,0.8,0.0,0.6287,TESTING,0
417,2018-01-01,R,0.0,0.0,,0.6287,TESTING,0
417,2012-01-01,R,0.0,0.75,0.0,0.6287,TESTING,0
417,2014-01-01,R,0.0,0.6666666666666666,0.0,0.6287,TESTING,0
418,2012-01-01,R,0.0,0.75,0.0,0.88,TESTING,0
418,2014-01-01,R,0.0,0.6666666666666666,0.0,0.88,TESTING,0
418,2016-01-01,R,0.0,0.8,0.0,0.88,TESTING,0
418,2018-01-01,R,0.0,0.0,,0.88,TESTING,0
419,2012-01-01,R,0.0,0.75,0.0,0.9339,TESTING,0
419,2014-01-01,R,0.0,0.6666666666666666,0.0,0.9339,TESTING,0
419,2016-01-01,R,0.0,0.8,0.0,0.9339,TESTING,0
419,2018-01-01,R,0.0,0.0,,0.9339,TESTING,0
421,2018-01-01,R,0.0,0.0,,0.4282,TRAINING,0
421,2012-01-01,R,0.0,0.75,0.0,0.4282,TRAINING,0
421,2014-01-01,R,0.0,0.6666666666666666,0.0,0.4282,TRAINING,0
421,2016-01-01,R,0.0,0.6,0.0,0.4282,TRAINING,0
422,2018-01-01,R,0.0,0.0,,0.2511,TRAINING,0
422,2016-01-01,R,0.0,0.4,0.0,0.2511,TRAINING,0
422,2012-01-01,R,0.0,0.5,0.0,0.2511,TRAINING,0
422,2014-01-01,R,0.0,0.6666666666666666,0.0,0.2511,TRAINING,0
424,2012-01-01,R,0.0,0.5,0.0,0.9986,TESTING,0
424,2014-01-01,R,0.0,0.6666666666666666,0.0,0.9986,TESTING,0
424,2016-01-01,R,0.0,0.6,0.0,0.9986,TESTING,0
424,2018-01-01,R,0.0,0.0,,0.9986,TESTING,0
426,2012-01-01,R,0.0,0.5,0.0,0.0659,TRAINING,0
426,2014-01-01,R,0.0,0.6666666666666666,0.0,0.0659,TRAINING,0
426,2016-01-01,R,0.0,0.6,0.0,0.0659,TRAINING,0
426,2018-01-01,R,0.0,0.0,,0.0659,TRAINING,0
427,2016-01-01,R,0.0,0.4,0.0,0.2811,TRAINING,0
427,2018-01-01,R,0.0,0.0,,0.2811,TRAINING,0
427,2012-01-01,R,0.0,0.75,0.0,0.2811,TRAINING,0
427,2014-01-01,R,0.0,0.6666666666666666,0.0,0.2811,TRAINING,0
428,2014-01-01,R,1000.0,0.6666666666666666,1500.0,0.7098,TESTING,0
428,2016-01-01,R,1500.0,0.6,1500.0,0.7098,TESTING,0
428,2018-01-01,R,1500.0,0.0,,0.7098,TESTING,0
428,2012-01-01,R,0.0,0.75,1000.0,0.7098,TESTING,0
430,2012-01-01,R,0.0,0.75,0.0,0.6546,TESTING,0
430,2014-01-01,R,0.0,0.6666666666666666,0.0,0.6546,TESTING,0
430,2016-01-01,R,0.0,0.8,0.0,0.6546,TESTING,0
430,2018-01-01,R,0.0,0.0,,0.6546,TESTING,0
432,2018-01-01,D,0.0,1.0,,0.9561,TESTING,1
432,2012-01-01,D,0.0,0.0,0.0,0.9561,TESTING,1
432,2014-01-01,D,0.0,0.3333333333333333,0.0,0.9561,TESTING,1
432,2016-01-01,D,0.0,0.6,0.0,0.9561,TESTING,1
433,2018-01-01,D,0.0,1.0,,0.1986,TRAINING,1
433,2016-01-01,D,0.0,0.8,0.0,0.1986,TRAINING,1
433,2012-01-01,D,0.0,0.0,0.0,0.1986,TRAINING,1
433,2014-01-01,D,0.0,0.3333333333333333,0.0,0.1986,TRAINING,1
505,2012-01-01,D,0.0,0.0,0.0,0.8338,TESTING,1
505,2014-01-01,D,0.0,0.0,0.0,0.8338,TESTING,1
505,2016-01-01,D,0.0,0.8,0.0,0.8338,TESTING,1
505,2018-01-01,D,0.0,1.0,,0.8338,TESTING,1
536,2012-01-01,R,12000.0,0.0,11250.0,0.2911,TRAINING,0
536,2014-01-01,R,11250.0,0.0,2000.0,0.2911,TRAINING,0
536,2016-01-01,R,2000.0,0.6,1000.0,0.2911,TRAINING,0
536,2018-01-01,R,1000.0,0.0,,0.2911,TRAINING,0
540,2012-01-01,R,0.0,0.0,2500.0,0.1734,TRAINING,0
540,2014-01-01,R,2500.0,0.0,1000.0,0.1734,TRAINING,0
540,2016-01-01,R,1000.0,0.4,0.0,0.1734,TRAINING,0
540,2018-01-01,R,0.0,0.0,,0.1734,TRAINING,0
588,2018-01-01,D,0.0,1.0,,0.1843,TRAINING,1
588,2016-01-01,D,0.0,0.0,0.0,0.1843,TRAINING,1
588,2012-01-01,D,0.0,0.0,0.0,0.1843,TRAINING,1
588,2014-01-01,D,0.0,0.0,0.0,0.1843,TRAINING,1
654,2012-01-01,R,0.0,0.0,0.0,0.868,TESTING,0
654,2014-01-01,R,0.0,0.0,0.0,0.868,TESTING,0
654,2016-01-01,R,0.0,0.0,0.0,0.868,TESTING,0
654,2018-01-01,R,0.0,0.0,,0.868,TESTING,0
656,2012-01-01,R,0.0,0.0,500.0,0.2976,TRAINING,0
656,2014-01-01,R,500.0,0.0,0.0,0.2976,TRAINING,0
656,2016-01-01,R,0.0,0.0,2000.0,0.2976,TRAINING,0
656,2018-01-01,R,2000.0,0.0,,0.2976,TRAINING,0
660,2016-01-01,R,0.0,0.0,0.0,0.1959,TRAINING,0
660,2012-01-01,R,0.0,0.0,0.0,0.1959,TRAINING,0
660,2014-01-01,R,0.0,0.0,0.0,0.1959,TRAINING,0
660,2018-01-01,R,0.0,0.0,,0.1959,TRAINING,0
