person,name,party,VoteAlong113thRatio,VoteAlong114thRatio,VoteAlong115thRatio,VoteAlong116thRatio
400008,"Rep. Robert “Rob” Andrews [D, 1990-2014]",,,,,
400021,"Rep. Xavier Becerra [D, 2013-2017]",Democrat,0.0,0.6666666666666666,,
400030,"Rep. Sanford Bishop Jr. [D, 1993-2022]",Democrat,0.75,0.3333333333333333,0.6,1.0
400031,"Rep. Timothy Bishop [D, 2003-2014]",Democrat,0.5,,,
400033,"Rep. Earl Blumenauer [D, 1996-2022]",Democrat,0.0,0.3333333333333333,0.4,1.0
400047,"Rep. Robert Brady [D, 1998-2018]",Democrat,0.5,0.3333333333333333,0.8,
400048,"Rep. Corrine Brown [D, 2013-2016]",Democrat,0.5,0.6666666666666666,,
400062,"Rep. Lois Capps [D, 2013-2016]",Democrat,0.25,0.0,,
400063,"Rep. Michael Capuano [D, 2013-2018]",Democrat,0.25,0.3333333333333333,0.6,
400074,"Rep. Lacy Clay Jr. [D, 2001-2020]",Democrat,0.5,0.3333333333333333,0.6,0.5
400075,"Rep. James “Jim” Clyburn [D, 1993-2022]",Democrat,0.5,0.6666666666666666,0.6,1.0
400080,"Rep. John Conyers Jr. [D, 2013-2017]",Democrat,0.0,0.3333333333333333,,
400081,"Rep. Jim Cooper [D, 2003-2022]",Democrat,0.25,1.0,0.8,1.0
400087,"Rep. Joseph “Joe” Crowley [D, 2013-2018]",Democrat,0.5,0.3333333333333333,0.4,
400090,"Rep. Elijah Cummings [D, 1996-2019]",Democrat,0.25,0.3333333333333333,0.4,
400093,"Rep. Danny Davis [D, 1997-2022]",Democrat,0.0,0.0,0.2,1.0
400097,"Rep. Susan Davis [D, 2003-2020]",Democrat,0.5,0.3333333333333333,0.8,1.0
400100,"Rep. Peter DeFazio [D, 1987-2022]",Democrat,0.0,0.3333333333333333,0.8,1.0
400101,"Rep. Diana DeGette [D, 1997-2022]",Democrat,0.0,0.3333333333333333,0.6,1.0
400103,"Rep. Rosa DeLauro [D, 1991-2022]",Democrat,0.0,0.3333333333333333,0.8,1.0
400110,"Rep. John Dingell [D, 2013-2014]",Democrat,0.25,,,
400111,"Rep. Lloyd Doggett [D, 2013-2022]",Democrat,0.0,0.3333333333333333,0.4,1.0
400114,"Rep. Michael Doyle [D, 2003-2018]",Democrat,0.5,0.3333333333333333,0.8,
400122,"Rep. Eliot Engel [D, 2013-2020]",Democrat,0.25,0.3333333333333333,0.4,1.0
400124,"Rep. Anna Eshoo [D, 2013-2022]",Democrat,0.0,0.3333333333333333,0.8,1.0
400129,"Rep. Sam Farr [D, 2013-2016]",Democrat,0.5,0.3333333333333333,,
400130,"Rep. Chaka Fattah [D, 1995-2016]",Democrat,0.5,0.6666666666666666,,
400160,"Rep. Gene Green [D, 1993-2018]",Democrat,0.5,0.6666666666666666,0.8,
400162,"Rep. Raúl Grijalva [D, 2013-2022]",Democrat,0.0,0.3333333333333333,0.4,1.0
400163,"Rep. Luis Gutiérrez [D, 1993-2018]",Democrat,0.0,0.3333333333333333,0.4,
400170,"Rep. Alcee Hastings [D, 2013-2022]",Democrat,0.0,0.6666666666666666,0.8,1.0
400179,"Rep. Rubén Hinojosa [D, 1997-2016]",Democrat,0.25,0.6666666666666666,,
400184,"Rep. Rush Holt [D, 1999-2014]",Democrat,0.0,,,
400185,"Rep. Michael “Mike” Honda [D, 2013-2016]",Democrat,0.25,0.3333333333333333,,
400189,"Rep. Steny Hoyer [D, 1981-2022]",Democrat,0.5,0.6666666666666666,0.6,1.0
400195,"Rep. Steve Israel [D, 2013-2016]",Democrat,0.25,0.3333333333333333,,
400199,"Rep. Sheila Jackson Lee [D, 1995-2022]",Democrat,0.25,0.3333333333333333,0.6,1.0
400204,"Rep. Eddie Johnson [D, 1993-2022]",Democrat,0.25,0.3333333333333333,0.8,0.5
400211,"Rep. Marcy Kaptur [D, 1983-2022]",Democrat,0.5,0.3333333333333333,0.8,1.0
400218,"Rep. Ron Kind [D, 1997-2022]",Democrat,0.5,0.3333333333333333,0.2,1.0
400230,"Rep. James “Jim” Langevin [D, 2001-2022]",Democrat,0.25,0.3333333333333333,0.8,1.0
400232,"Rep. Rick Larsen [D, 2001-2022]",Democrat,0.25,0.3333333333333333,0.8,1.0
400233,"Rep. John Larson [D, 1999-2022]",Democrat,0.25,0.3333333333333333,0.8,1.0
400237,"Rep. Barbara Lee [D, 2013-2022]",Democrat,0.0,0.3333333333333333,0.6,1.0
400238,"Rep. Sander Levin [D, 2013-2018]",Democrat,0.25,0.3333333333333333,0.8,
400240,"Rep. John Lewis [D, 1987-2020]",Democrat,0.0,0.3333333333333333,0.6,0.5
400245,"Rep. Zoe Lofgren [D, 2013-2022]",Democrat,0.0,0.3333333333333333,0.4,0.5
400246,"Rep. Nita Lowey [D, 2013-2020]",Democrat,0.5,0.3333333333333333,0.8,1.0
400249,"Rep. Stephen Lynch [D, 2013-2022]",Democrat,0.25,0.3333333333333333,0.8,1.0
400251,"Rep. Carolyn Maloney [D, 2013-2022]",Democrat,0.25,0.3333333333333333,0.6,1.0
400255,"Rep. Jim Matheson [D, 2013-2014]",Democrat,0.5,,,
400257,"Rep. Carolyn McCarthy [D, 1997-2014]",Democrat,0.5,,,
400259,"Rep. Betty McCollum [D, 2001-2022]",Democrat,0.0,0.3333333333333333,0.8,1.0
400262,"Rep. Jim McDermott [D, 1989-2016]",Democrat,0.0,0.3333333333333333,,
400263,"Rep. James “Jim” McGovern [D, 2013-2022]",Democrat,0.0,0.3333333333333333,0.6,1.0
400266,"Rep. Mike McIntyre [D, 1997-2014]",Democrat,0.5,,,
400271,"Rep. Gregory Meeks [D, 2013-2022]",Democrat,0.5,0.6666666666666666,1.0,1.0
400274,"Rep. Michael Michaud [D, 2003-2014]",Democrat,0.25,,,
400278,"Rep. George Miller [D, 2013-2014]",Democrat,0.25,,,
400283,"Rep. James “Jim” Moran Jr. [D, 1991-2014]",Democrat,0.25,,,
400289,"Rep. Jerrold Nadler [D, 2013-2022]",Democrat,0.25,0.3333333333333333,0.8,1.0
400290,"Rep. Grace Napolitano [D, 2013-2022]",Democrat,0.0,0.6666666666666666,0.6,0.5
400291,"Rep. Richard Neal [D, 2013-2022]",Democrat,0.0,0.3333333333333333,0.8,1.0
400308,"Rep. Frank Pallone Jr. [D, 1993-2022]",Democrat,0.0,0.3333333333333333,0.6,1.0
400309,"Rep. Bill Pascrell Jr. [D, 2013-2022]",Democrat,0.25,0.3333333333333333,0.8,1.0
400310,"Rep. Ed Pastor [D, 2013-2014]",Democrat,0.5,,,
400314,"Rep. Nancy Pelosi [D, 2013-2022]",Democrat,0.25,0.3333333333333333,0.6,1.0
400316,"Rep. Collin Peterson [D, 1991-2020]",Democrat,0.5,0.6666666666666666,0.6,1.0
400326,"Rep. David Price [D, 1997-2022]",Democrat,0.5,0.3333333333333333,0.8,1.0
400331,"Rep. Nick Rahall II [D, 1993-2014]",Democrat,0.5,,,
400333,"Rep. Charles “Charlie” Rangel [D, 2013-2016]",Democrat,0.0,0.3333333333333333,,
400347,"Rep. Lucille Roybal-Allard [D, 2013-2022]",Democrat,0.0,0.3333333333333333,0.6,0.5
400349,"Rep. A. Dutch Ruppersberger [D, 2003-2022]",Democrat,0.5,0.3333333333333333,0.8,1.0
400350,"Rep. Bobby Rush [D, 1993-2022]",Democrat,0.0,0.3333333333333333,0.6,1.0
400352,"Rep. Tim Ryan [D, 2013-2022]",Democrat,0.5,0.3333333333333333,0.8,1.0
400355,"Rep. Linda Sánchez [D, 2013-2022]",Democrat,0.0,0.3333333333333333,0.6,1.0
400356,"Rep. Loretta Sanchez [D, 2013-2016]",Democrat,0.0,0.3333333333333333,,
400360,"Rep. Janice “Jan” Schakowsky [D, 1999-2022]",Democrat,0.0,0.3333333333333333,0.6,1.0
400361,"Rep. Adam Schiff [D, 2013-2022]",Democrat,0.25,0.3333333333333333,0.6,1.0
400363,"Rep. David Scott [D, 2003-2022]",Democrat,0.5,0.6666666666666666,0.8,1.0
400364,"Rep. Robert “Bobby” Scott [D, 1993-2022]",Democrat,0.25,0.3333333333333333,0.8,1.0
400366,"Rep. José Serrano [D, 2013-2020]",Democrat,0.0,0.3333333333333333,0.6,0.5
400371,"Rep. Brad Sherman [D, 2013-2022]",Democrat,0.5,0.3333333333333333,0.8,1.0
400378,"Rep. Louise Slaughter [D, 2013-2018]",Democrat,0.0,0.3333333333333333,,
400379,"Rep. Adam Smith [D, 1997-2022]",Democrat,0.0,0.6666666666666666,0.6,1.0
400402,"Rep. Bennie Thompson [D, 1993-2022]",Democrat,0.5,0.3333333333333333,0.6,1.0
400403,"Rep. Mike Thompson [D, 2013-2022]",Democrat,0.5,0.3333333333333333,0.6,1.0
400407,"Rep. John Tierney [D, 1997-2014]",Democrat,0.0,,,
400415,"Rep. Chris Van Hollen [D, 2003-2016]",Democrat,0.0,0.3333333333333333,,
400416,"Rep. Nydia Velázquez [D, 2013-2022]",Democrat,0.0,0.3333333333333333,0.6,1.0
400417,"Rep. Peter Visclosky [D, 1985-2020]",Democrat,0.25,0.3333333333333333,0.6,1.0
400422,"Rep. Maxine Waters [D, 2013-2022]",Democrat,0.0,0.3333333333333333,0.8,1.0
400425,"Rep. Henry Waxman [D, 2013-2014]",Democrat,0.0,,,
400616,"Rep. George “G.K.” Butterfield Jr. [D, 2004-2022]",Democrat,0.25,0.6666666666666666,0.6,1.0
400618,"Rep. Jim Costa [D, 2013-2022]",Democrat,0.75,0.6666666666666666,0.8,1.0
400623,"Rep. Debbie Wasserman Schultz [D, 2013-2022]",Democrat,0.5,0.3333333333333333,0.8,1.0
400628,"Rep. John Barrow [D, 2005-2014]",Democrat,0.75,,,
400630,"Rep. Daniel Lipinski [D, 2005-2020]",Democrat,0.75,0.3333333333333333,0.8,0.5
400639,"Rep. Emanuel Cleaver II [D, 2005-2022]",Democrat,0.25,0.0,1.0,1.0
400641,"Rep. Brian Higgins [D, 2013-2022]",Democrat,0.25,0.3333333333333333,0.8,1.0
400647,"Rep. Allyson Schwartz [D, 2005-2014]",Democrat,0.5,,,
400653,"Rep. Al Green [D, 2005-2022]",Democrat,0.0,0.3333333333333333,0.8,1.0
400657,"Rep. Henry Cuellar [D, 2005-2022]",Democrat,0.75,0.6666666666666666,0.8,1.0
400661,"Rep. Gwen Moore [D, 2005-2022]",Democrat,0.0,0.3333333333333333,0.4,1.0
400663,"Rep. Doris Matsui [D, 2013-2022]",Democrat,0.25,0.3333333333333333,0.6,1.0
408211,"Rep. Richard Nolan [D, 2013-2018]",Democrat,0.5,0.3333333333333333,0.6,
412186,"Rep. Albio Sires [D, 2013-2022]",Democrat,0.0,0.3333333333333333,0.8,1.0
412189,"Rep. Jerry McNerney [D, 2013-2022]",Democrat,0.25,0.3333333333333333,0.6,1.0
412192,"Rep. Ed Perlmutter [D, 2007-2022]",Democrat,0.75,0.0,0.8,1.0
412193,"Rep. Joe Courtney [D, 2007-2022]",Democrat,0.0,0.3333333333333333,0.8,1.0
412195,"Rep. Kathy Castor [D, 2013-2022]",Democrat,0.5,0.3333333333333333,0.8,1.0
412199,"Rep. Henry “Hank” Johnson Jr. [D, 2007-2022]",Democrat,0.25,0.3333333333333333,0.6,1.0
412208,"Rep. Bruce Braley [D, 2007-2014]",Democrat,0.25,,,
412209,"Rep. David Loebsack [D, 2007-2020]",Democrat,0.5,0.3333333333333333,0.8,1.0
412211,"Rep. John Yarmuth [D, 2007-2022]",Democrat,0.25,0.3333333333333333,0.6,1.0
412212,"Rep. John Sarbanes [D, 2007-2022]",Democrat,0.0,0.3333333333333333,0.8,1.0
412214,"Rep. Timothy Walz [D, 2007-2018]",Democrat,0.5,0.3333333333333333,0.4,
412215,"Rep. Keith Ellison [D, 2007-2018]",Democrat,0.0,0.3333333333333333,0.4,
412219,"Rep. Carol Shea-Porter [D, 2013-2014]",Democrat,0.25,,,
412221,"Rep. Yvette Clarke [D, 2013-2022]",Democrat,0.0,0.3333333333333333,0.6,1.0
412236,"Rep. Steve Cohen [D, 2007-2022]",Democrat,0.25,0.3333333333333333,0.6,1.0
412239,"Rep. Peter Welch [D, 2007-2022]",Democrat,0.25,0.3333333333333333,0.8,1.0
412254,"Rep. Niki Tsongas [D, 2013-2018]",Democrat,0.0,0.3333333333333333,0.8,
412257,"Rep. Bill Foster [D, 2013-2022]",Democrat,0.5,0.3333333333333333,0.8,1.0
412258,"Rep. André Carson [D, 2008-2022]",Democrat,0.25,0.3333333333333333,0.8,1.0
412259,"Rep. Jackie Speier [D, 2013-2022]",Democrat,0.0,0.3333333333333333,0.4,1.0
412263,"Rep. Donna Edwards [D, 2008-2016]",Democrat,0.0,0.6666666666666666,,
412272,"Rep. Gerald Connolly [D, 2009-2022]",Democrat,0.25,0.3333333333333333,0.8,1.0
412276,"Rep. Alan Grayson [D, 2013-2016]",Democrat,0.25,0.3333333333333333,,
412282,"Rep. James Himes [D, 2009-2022]",Democrat,0.5,0.3333333333333333,0.8,1.0
412286,"Rep. Ann Kirkpatrick [D, 2013-2016]",Democrat,0.5,0.6666666666666666,,
412293,"Rep. Ben Luján [D, 2009-2020]",Democrat,0.25,0.3333333333333333,0.6,1.0
412297,"Rep. Daniel Maffei [D, 2013-2014]",Democrat,0.5,,,
412305,"Rep. Gary Peters [D, 2013-2014]",Democrat,0.5,,,
412307,"Rep. Chellie Pingree [D, 2009-2022]",Democrat,0.0,0.3333333333333333,0.6,1.0
412308,"Rep. Jared Polis [D, 2009-2018]",Democrat,0.5,0.3333333333333333,0.2,
412315,"Rep. Kurt Schrader [D, 2009-2022]",Democrat,0.5,0.3333333333333333,0.8,0.5
412318,"Rep. Dina Titus [D, 2013-2022]",Democrat,0.25,0.3333333333333333,0.6,1.0
412319,"Rep. Paul Tonko [D, 2013-2022]",Democrat,0.25,0.3333333333333333,0.8,1.0
412327,"Rep. Marcia Fudge [D, 2008-2021]",Democrat,0.25,0.3333333333333333,0.8,1.0
412331,"Rep. Mike Quigley [D, 2009-2022]",Democrat,0.25,0.3333333333333333,0.8,1.0
412379,"Rep. Judy Chu [D, 2013-2022]",Democrat,0.25,0.3333333333333333,0.6,1.0
412382,"Rep. John Garamendi [D, 2013-2022]",Democrat,0.75,0.3333333333333333,0.8,1.0
412383,"Rep. William Owens [D, 2013-2014]",Democrat,0.75,,,
412385,"Rep. Theodore “Ted” Deutch [D, 2013-2016]",Democrat,0.25,0.3333333333333333,,
412396,"Rep. Terri Sewell [D, 2011-2022]",Democrat,0.75,0.3333333333333333,0.8,1.0
412404,"Rep. Karen Bass [D, 2013-2022]",Democrat,0.0,0.3333333333333333,0.6,1.0
412407,"Rep. John Carney [D, 2011-2016]",Democrat,0.5,0.3333333333333333,,
412412,"Rep. Frederica Wilson [D, 2013-2022]",Democrat,0.25,0.3333333333333333,0.8,0.5
412418,"Rep. Colleen Hanabusa [D, 2011-2014]",Democrat,0.0,,,
412432,"Rep. Cedric Richmond [D, 2011-2021]",Democrat,0.5,0.3333333333333333,0.6,1.0
412435,"Rep. William Keating [D, 2013-2022]",Democrat,0.25,0.3333333333333333,0.6,1.0
412470,"Rep. David Cicilline [D, 2011-2022]",Democrat,0.0,0.3333333333333333,0.8,1.0
412498,"Rep. Janice Hahn [D, 2013-2016]",Democrat,0.0,0.3333333333333333,,
412501,"Rep. Suzanne Bonamici [D, 2012-2022]",Democrat,0.0,0.3333333333333333,0.8,1.0
412502,"Rep. Ron Barber [D, 2013-2014]",Democrat,0.75,,,
412505,"Rep. Suzan DelBene [D, 2012-2022]",Democrat,0.25,0.3333333333333333,0.8,1.0
412506,"Rep. Donald Payne Jr. [D, 2012-2022]",Democrat,0.0,0.3333333333333333,0.6,1.0
412509,"Rep. Kyrsten Sinema [D, 2013-2018]",Democrat,0.75,0.6666666666666666,0.8,
412511,"Rep. Jared Huffman [D, 2013-2022]",Democrat,0.0,0.3333333333333333,0.6,1.0
412512,"Rep. Ami Bera [D, 2013-2022]",Democrat,0.5,0.6666666666666666,0.8,1.0
412514,"Rep. Eric Swalwell [D, 2013-2022]",Democrat,0.0,0.3333333333333333,0.6,1.0
412516,"Rep. Julia Brownley [D, 2013-2022]",Democrat,0.5,0.3333333333333333,0.8,1.0
412517,"Rep. Tony Cárdenas [D, 2013-2022]",Democrat,0.0,0.3333333333333333,0.6,1.0
412518,"Rep. Gloria Negrete McLeod [D, 2013-2014]",Democrat,0.5,,,
412519,"Rep. Raul Ruiz [D, 2013-2022]",Democrat,0.5,0.6666666666666666,0.8,1.0
412520,"Rep. Mark Takano [D, 2013-2022]",Democrat,0.0,0.3333333333333333,0.6,1.0
412521,"Rep. Alan Lowenthal [D, 2013-2022]",Democrat,0.0,0.3333333333333333,0.6,1.0
412522,"Rep. Juan Vargas [D, 2013-2022]",Democrat,0.0,0.3333333333333333,0.6,1.0
412523,"Rep. Scott Peters [D, 2013-2022]",Democrat,0.5,0.6666666666666666,0.8,1.0
412524,"Rep. Elizabeth Esty [D, 2013-2018]",Democrat,0.25,0.3333333333333333,0.8,
412527,"Rep. Patrick Murphy [D, 2013-2016]",Democrat,0.75,0.6666666666666666,,
412529,"Rep. Lois Frankel [D, 2013-2016]",Democrat,0.25,0.3333333333333333,,
412530,"Rep. Joe Garcia [D, 2013-2014]",Democrat,0.25,,,
412532,"Rep. Tulsi Gabbard [D, 2013-2020]",Democrat,0.0,0.3333333333333333,0.8,1.0
412533,"Rep. Tammy Duckworth [D, 2013-2016]",Democrat,0.5,0.3333333333333333,,
412534,"Rep. Bradley “Brad” Schneider [D, 2013-2014]",Democrat,0.5,,,
412535,"Rep. William Enyart [D, 2013-2014]",Democrat,0.5,,,
412537,"Rep. Cheri Bustos [D, 2013-2022]",Democrat,0.75,0.3333333333333333,0.8,1.0
412543,"Rep. Joseph Kennedy III [D, 2013-2020]",Democrat,0.0,0.3333333333333333,0.6,1.0
412544,"Rep. John Delaney [D, 2013-2018]",Democrat,0.5,0.3333333333333333,0.8,
412546,"Rep. Daniel Kildee [D, 2013-2022]",Democrat,0.0,0.3333333333333333,0.8,1.0
412557,"Rep. Ann Kuster [D, 2013-2022]",Democrat,0.5,0.3333333333333333,0.8,1.0
412558,"Rep. Michelle Lujan Grisham [D, 2013-2018]",Democrat,0.25,0.3333333333333333,0.4,
412559,"Rep. Steven Horsford [D, 2013-2014]",Democrat,0.75,,,
412560,"Rep. Grace Meng [D, 2013-2022]",Democrat,0.25,0.3333333333333333,0.8,1.0
412561,"Rep. Hakeem Jeffries [D, 2013-2022]",Democrat,0.0,0.3333333333333333,0.8,1.0
412562,"Rep. Sean Maloney [D, 2013-2022]",Democrat,0.75,0.3333333333333333,0.6,1.0
412565,"Rep. Joyce Beatty [D, 2013-2022]",Democrat,0.25,0.3333333333333333,0.8,1.0
412571,"Rep. Matthew “Matt” Cartwright [D, 2013-2018]",Democrat,0.25,0.3333333333333333,0.8,
412575,"Rep. Beto O’Rourke [D, 2013-2018]",Democrat,0.25,0.3333333333333333,0.8,
412576,"Rep. Joaquin Castro [D, 2013-2022]",Democrat,0.0,0.3333333333333333,0.6,1.0
412577,"Rep. Pete Gallego [D, 2013-2014]",Democrat,0.75,,,
412579,"Rep. Marc Veasey [D, 2013-2022]",Democrat,0.25,0.3333333333333333,0.6,1.0
412580,"Rep. Filemon Vela [D, 2013-2022]",Democrat,0.25,0.3333333333333333,0.6,1.0
412583,"Rep. Derek Kilmer [D, 2013-2022]",Democrat,0.5,0.3333333333333333,0.8,1.0
412584,"Rep. Denny Heck [D, 2013-2020]",Democrat,0.0,0.3333333333333333,0.8,1.0
412585,"Rep. Mark Pocan [D, 2013-2022]",Democrat,0.0,0.3333333333333333,0.6,1.0
412595,"Rep. Robin Kelly [D, 2013-2022]",Democrat,0.25,0.6666666666666666,0.8,1.0
412600,"Rep. Katherine Clark [D, 2013-2022]",Democrat,0.0,0.3333333333333333,0.6,1.0
400004,"Rep. Robert Aderholt [R, 1997-2022]",Republican,1.0,0.6666666666666666,0.8,0.0
400010,"Rep. Spencer Bachus III [R, 1993-2014]",Republican,0.75,,,
400018,"Rep. Joe Barton [R, 1985-2018]",Republican,0.5,0.6666666666666666,0.2,
400029,"Rep. Rob Bishop [R, 2003-2020]",Republican,1.0,0.6666666666666666,0.6,0.0
400032,"Rep. Marsha Blackburn [R, 2003-2018]",Republican,0.5,0.6666666666666666,0.6,
400046,"Rep. Kevin Brady [R, 1997-2022]",Republican,0.5,0.6666666666666666,0.8,0.0
400052,"Rep. Michael Burgess [R, 2003-2022]",Republican,0.5,0.6666666666666666,0.8,0.0
400057,"Rep. Ken Calvert [R, 2013-2022]",Republican,0.75,0.6666666666666666,0.8,0.0
400058,"Rep. Dave Camp [R, 1993-2014]",Republican,0.75,,,
400060,"Rep. Eric Cantor [R, 2001-2014]",,,,,
400061,"Rep. Shelley Capito [R, 2001-2014]",Republican,0.5,,,
400068,"Rep. John Carter [R, 2003-2022]",Republican,0.75,0.6666666666666666,0.8,0.0
400071,"Rep. Steve Chabot [R, 2011-2022]",Republican,0.75,0.6666666666666666,0.6,0.0
400076,"Rep. Howard Coble [R, 1985-2014]",Republican,0.75,,,
400077,"Rep. Tom Cole [R, 2003-2022]",Republican,0.75,0.6666666666666666,0.8,0.0
400086,"Rep. Ander Crenshaw [R, 2001-2016]",Republican,0.75,0.6666666666666666,,
400089,"Rep. John Culberson [R, 2001-2018]",Republican,0.75,0.6666666666666666,0.8,
400108,"Rep. Mario Diaz-Balart [R, 2013-2022]",Republican,0.75,1.0,0.8,0.0
400116,"Rep. John “Jimmy” Duncan Jr. [R, 1988-2018]",Republican,0.25,0.6666666666666666,0.2,
400137,"Rep. Randy Forbes [R, 2001-2016]",Republican,0.75,0.6666666666666666,,
400141,"Rep. Trent Franks [R, 2013-2017]",Republican,0.25,0.6666666666666666,,
400142,"Rep. Rodney Frelinghuysen [R, 1995-2018]",Republican,0.75,0.6666666666666666,0.6,
400145,"Rep. Scott Garrett [R, 2003-2016]",Republican,0.5,0.6666666666666666,,
400147,"Rep. Jim Gerlach [R, 2003-2014]",Republican,0.75,,,
400151,"Rep. Phil Gingrey [R, 2003-2014]",Republican,0.5,,,
400154,"Rep. Bob Goodlatte [R, 1993-2018]",Republican,0.75,0.6666666666666666,0.8,
400157,"Rep. Kay Granger [R, 1997-2022]",Republican,0.75,0.6666666666666666,0.8,0.0
400158,"Rep. Sam Graves [R, 2001-2022]",Republican,0.75,0.6666666666666666,0.6,0.0
400165,"Rep. Ralph Hall [R, 1981-2014]",Republican,0.75,,,
400171,"Rep. Doc Hastings [R, 1995-2014]",Republican,0.75,,,
400175,"Rep. Jeb Hensarling [R, 2003-2018]",Republican,0.5,0.6666666666666666,0.6,
400196,"Rep. Darrell Issa [R, 2003-2018]",Republican,0.75,0.6666666666666666,0.8,
400206,"Rep. Sam Johnson [R, 1991-2018]",Republican,0.5,0.6666666666666666,0.6,
400209,"Rep. Walter Jones Jr. [R, 1995-2019]",Republican,0.25,0.3333333333333333,0.6,
400219,"Rep. Peter “Pete” King [R, 2013-2020]",Republican,0.75,0.6666666666666666,0.8,0.5
400220,"Rep. Steve King [R, 2013-2020]",Republican,0.5,0.3333333333333333,0.6,0.0
400221,"Rep. Jack Kingston [R, 1993-2014]",Republican,0.75,,,
400224,"Rep. John Kline [R, 2003-2016]",Republican,0.75,0.6666666666666666,,
400234,"Rep. Tom Latham [R, 2013-2014]",Republican,0.75,,,
400244,"Rep. Frank LoBiondo [R, 1995-2018]",Republican,0.75,0.6666666666666666,0.8,
400247,"Rep. Frank Lucas [R, 2003-2022]",Republican,0.75,0.6666666666666666,0.8,0.0
400267,"Rep. Howard “Buck” McKeon [R, 1993-2014]",Republican,1.0,,,
400273,"Rep. John Mica [R, 1993-2016]",Republican,0.75,0.6666666666666666,,
400276,"Rep. Candice Miller [R, 2003-2016]",Republican,0.75,0.3333333333333333,,
400277,"Rep. Gary Miller [R, 2013-2014]",Republican,0.25,,,
400279,"Rep. Jeff Miller [R, 2001-2016]",Republican,0.5,0.6666666666666666,,
400285,"Rep. Tim Murphy [R, 2003-2017]",Republican,0.75,0.6666666666666666,,
400297,"Rep. Devin Nunes [R, 2013-2022]",Republican,0.75,0.6666666666666666,0.8,0.0
400313,"Rep. Stevan “Steve” Pearce [R, 2011-2018]",Republican,0.75,0.6666666666666666,0.6,
400318,"Rep. Thomas “Tom” Petri [R, 1979-2014]",Republican,0.5,,,
400320,"Rep. Joseph Pitts [R, 1997-2016]",Republican,0.5,0.6666666666666666,,
400340,"Rep. Harold “Hal” Rogers [R, 1981-2022]",Republican,0.75,0.6666666666666666,0.8,0.0
400341,"Rep. Mike Rogers [R, 2003-2022]",Republican,0.5,1.0,0.6,0.5
400342,"Rep. Mike Rogers [R, 2001-2014]",Republican,0.75,,,
400343,"Rep. Dana Rohrabacher [R, 2013-2018]",Republican,0.5,0.6666666666666666,0.6,
400344,"Rep. Ileana Ros-Lehtinen [R, 2013-2018]",Republican,0.5,0.6666666666666666,0.6,
400348,"Rep. Edward “Ed” Royce [R, 2013-2018]",Republican,0.75,0.6666666666666666,0.8,
400351,"Rep. Paul Ryan [R, 1999-2018]",Republican,0.75,,,
400365,"Rep. James Sensenbrenner Jr. [R, 2003-2020]",Republican,0.25,0.6666666666666666,0.4,0.0
400367,"Rep. Pete Sessions [R, 2003-2018]",Republican,0.75,1.0,0.8,
400373,"Rep. John Shimkus [R, 2013-2020]",Republican,0.75,0.6666666666666666,0.8,0.0
400376,"Rep. Michael “Mike” Simpson [R, 1999-2022]",Republican,0.75,0.6666666666666666,0.6,0.0
400380,"Rep. Christopher “Chris” Smith [R, 1981-2022]",Republican,0.5,0.6666666666666666,0.8,0.0
400381,"Rep. Lamar Smith [R, 1987-2018]",Republican,0.5,0.6666666666666666,0.8,
400400,"Rep. Lee Terry [R, 1999-2014]",Republican,0.75,,,
400404,"Rep. Mac Thornberry [R, 1995-2020]",Republican,0.75,0.6666666666666666,0.8,0.0
400406,"Rep. Patrick “Pat” Tiberi [R, 2001-2018]",Republican,0.75,0.6666666666666666,,
400411,"Rep. Michael Turner [R, 2013-2022]",Republican,0.75,0.6666666666666666,0.8,0.0
400414,"Rep. Fred Upton [R, 1993-2022]",Republican,0.75,0.6666666666666666,0.8,0.0
400419,"Rep. Greg Walden [R, 1999-2020]",Republican,0.75,0.6666666666666666,0.8,0.0
400431,"Rep. Ed Whitfield [R, 1995-2016]",Republican,0.75,0.6666666666666666,,
400433,"Rep. Joe Wilson [R, 2001-2022]",Republican,0.75,0.6666666666666666,0.8,0.0
400435,"Rep. Frank Wolf [R, 1981-2014]",Republican,0.75,,,
400440,"Rep. Don Young [R, 1973-2022]",Republican,0.75,0.3333333333333333,0.8,0.0
400441,"Rep. Randy Neugebauer [R, 2003-2016]",Republican,0.5,0.6666666666666666,,
400606,"Rep. Matt Salmon [R, 2013-2016]",Republican,0.5,0.6666666666666666,,
400607,"Rep. Marshall “Mark” Sanford [R, 2013-2018]",Republican,0.25,0.6666666666666666,0.4,
400626,"Rep. Tom Price [R, 2005-2017]",Republican,0.75,0.6666666666666666,,
400627,"Rep. Lynn Westmoreland [R, 2007-2016]",Republican,0.75,1.0,,
400636,"Rep. Charles Boustany Jr. [R, 2013-2016]",Republican,0.75,0.6666666666666666,,
400640,"Rep. Jeff Fortenberry [R, 2005-2022]",Republican,0.75,0.6666666666666666,0.8,0.0
400643,"Rep. Virginia Foxx [R, 2005-2022]",Republican,0.75,0.6666666666666666,0.6,0.0
400644,"Rep. Patrick McHenry [R, 2005-2022]",Republican,0.75,0.6666666666666666,0.8,0.0
400646,"Rep. Michael Fitzpatrick [R, 2011-2016]",Republican,0.75,1.0,,
400648,"Rep. Charles Dent [R, 2005-2018]",Republican,0.75,0.6666666666666666,,
400651,"Rep. Louie Gohmert Jr. [R, 2005-2022]",Republican,0.5,0.6666666666666666,0.2,0.0
400652,"Rep. Ted Poe [R, 2005-2018]",Republican,0.5,0.6666666666666666,0.6,
400654,"Rep. Michael McCaul [R, 2005-2022]",Republican,0.75,0.6666666666666666,0.8,0.0
400655,"Rep. Michael Conaway [R, 2005-2020]",Republican,0.5,0.6666666666666666,0.8,0.0
400656,"Rep. Kenny Marchant [R, 2005-2020]",Republican,0.5,0.6666666666666666,0.8,0.0
400659,"Rep. Cathy Rodgers [R, 2005-2022]",Republican,0.75,0.6666666666666666,0.8,0.0
400660,"Rep. David Reichert [R, 2005-2018]",Republican,0.75,0.6666666666666666,0.8,
409888,"Rep. Bill Shuster [R, 2001-2018]",Republican,0.5,0.6666666666666666,0.8,
410396,"Rep. Steve Stockman [R, 2013-2014]",Republican,0.25,,,
412011,"Rep. John Campbell III [R, 2013-2014]",Republican,0.25,,,
412190,"Rep. Kevin McCarthy [R, 2013-2022]",Republican,0.75,0.6666666666666666,0.8,0.0
412191,"Rep. Doug Lamborn [R, 2007-2022]",Republican,0.5,0.6666666666666666,0.6,0.0
412196,"Rep. Vern Buchanan [R, 2013-2022]",Republican,0.75,0.6666666666666666,0.6,0.0
412202,"Rep. Peter Roskam [R, 2007-2018]",Republican,0.75,0.6666666666666666,0.8,
412213,"Rep. Tim Walberg [R, 2011-2022]",Republican,0.75,0.6666666666666666,0.8,0.0
412216,"Rep. Michele Bachmann [R, 2007-2014]",Republican,0.5,,,
412217,"Rep. Adrian Smith [R, 2007-2022]",Republican,0.75,0.6666666666666666,0.8,0.0
412226,"Rep. Jim Jordan [R, 2007-2022]",Republican,0.5,0.6666666666666666,0.4,0.0
412250,"Rep. Gus Bilirakis [R, 2013-2022]",Republican,0.75,0.6666666666666666,1.0,0.0
412252,"Rep. Paul Broun Jr. [R, 2007-2014]",Republican,0.25,,,
412255,"Rep. Robert Wittman [R, 2007-2022]",Republican,0.5,0.3333333333333333,0.8,0.0
412256,"Rep. Robert Latta [R, 2007-2022]",Republican,0.75,0.6666666666666666,0.6,0.0
412261,"Rep. Steve Scalise [R, 2008-2022]",Republican,0.75,0.6666666666666666,0.8,0.0
412269,"Rep. Bill Cassidy [R, 2009-2014]",Republican,0.75,,,
412270,"Rep. Jason Chaffetz [R, 2009-2017]",Republican,0.25,0.6666666666666666,,
412271,"Rep. Mike Coffman [R, 2009-2018]",Republican,0.75,0.6666666666666666,0.4,
412275,"Rep. John Fleming [R, 2009-2016]",Republican,0.5,0.3333333333333333,,
412278,"Rep. Brett Guthrie [R, 2009-2022]",Republican,0.75,0.6666666666666666,0.8,0.0
412280,"Rep. Gregg Harper [R, 2009-2018]",Republican,0.75,0.6666666666666666,0.8,
412283,"Rep. Duncan Hunter [R, 2013-2020]",Republican,0.75,0.6666666666666666,0.8,
412284,"Rep. Lynn Jenkins [R, 2009-2018]",Republican,0.75,0.6666666666666666,0.8,
412290,"Rep. Leonard Lance [R, 2009-2018]",Republican,0.75,0.6666666666666666,0.6,
412292,"Rep. Blaine Luetkemeyer [R, 2013-2022]",Republican,0.75,0.3333333333333333,0.8,0.0
412294,"Rep. Cynthia Lummis [R, 2009-2016]",Republican,0.25,0.6666666666666666,,
412295,"Rep. Tom McClintock [R, 2009-2022]",Republican,0.25,0.3333333333333333,0.2,0.0
412302,"Rep. Pete Olson [R, 2009-2020]",Republican,0.5,0.6666666666666666,0.8,0.0
412303,"Rep. Erik Paulsen [R, 2009-2018]",Republican,0.75,0.6666666666666666,0.8,
412309,"Rep. Bill Posey [R, 2013-2022]",Republican,0.5,0.6666666666666666,0.4,0.0
412310,"Rep. David “Phil” Roe [R, 2009-2020]",Republican,0.75,0.6666666666666666,0.8,0.0
412311,"Rep. Thomas Rooney [R, 2013-2018]",Republican,0.75,0.6666666666666666,0.8,
412314,"Rep. Aaron Schock [R, 2009-2015]",Republican,0.75,,,
412317,"Rep. Glenn Thompson [R, 2009-2018]",Republican,0.75,0.6666666666666666,0.8,
412388,"Rep. Tom Graves [R, 2013-2020]",Republican,0.75,0.6666666666666666,0.8,0.0
412392,"Rep. Marlin Stutzman [R, 2010-2016]",Republican,0.5,0.6666666666666666,,
412393,"Rep. Tom Reed [R, 2013-2022]",Republican,0.75,0.6666666666666666,0.6,0.0
412394,"Rep. Martha Roby [R, 2011-2020]",Republican,0.75,1.0,0.6,0.0
412395,"Rep. Mo Brooks [R, 2011-2022]",Republican,0.5,0.3333333333333333,0.6,0.0
412397,"Rep. Paul Gosar [R, 2013-2022]",Republican,0.25,0.3333333333333333,0.4,0.0
412399,"Rep. David Schweikert [R, 2013-2022]",Republican,0.5,0.6666666666666666,0.4,0.0
412400,"Rep. Eric “Rick” Crawford [R, 2011-2022]",Republican,0.5,0.6666666666666666,0.8,0.5
412401,"Rep. Tim Griffin [R, 2011-2014]",Republican,0.75,,,
412402,"Rep. Steve Womack [R, 2011-2022]",Republican,0.75,0.6666666666666666,0.8,0.0
412403,"Rep. Jeff Denham [R, 2013-2018]",Republican,0.75,0.6666666666666666,0.6,
412405,"Rep. Scott Tipton [R, 2011-2020]",Republican,0.75,0.6666666666666666,0.8,0.0
412406,"Rep. Cory Gardner [R, 2011-2014]",Republican,0.75,,,
412408,"Rep. Steve Southerland [R, 2011-2014]",Republican,0.75,,,
412409,"Rep. Richard Nugent [R, 2013-2016]",Republican,0.75,0.6666666666666666,,
412410,"Rep. Daniel Webster [R, 2013-2016]",Republican,0.5,0.6666666666666666,,
412411,"Rep. Dennis Ross [R, 2013-2018]",Republican,0.75,0.6666666666666666,0.8,
412416,"Rep. Rob Woodall [R, 2011-2020]",Republican,0.75,0.6666666666666666,0.8,0.0
412417,"Rep. Austin Scott [R, 2011-2022]",Republican,0.5,0.6666666666666666,0.8,0.0
412419,"Rep. Raúl Labrador [R, 2011-2018]",Republican,0.25,0.6666666666666666,0.6,
412421,"Rep. Adam Kinzinger [R, 2013-2022]",Republican,0.75,0.6666666666666666,0.8,0.0
412422,"Rep. Randy Hultgren [R, 2011-2018]",Republican,0.75,0.6666666666666666,0.8,
412426,"Rep. Todd Rokita [R, 2011-2018]",Republican,0.75,0.6666666666666666,0.6,
412427,"Rep. Larry Bucshon [R, 2011-2022]",Republican,0.75,0.6666666666666666,0.8,0.0
412428,"Rep. Todd Young [R, 2011-2016]",Republican,0.75,0.6666666666666666,,
412429,"Rep. Tim Huelskamp [R, 2011-2016]",Republican,0.5,0.6666666666666666,,
412430,"Rep. Kevin Yoder [R, 2011-2018]",Republican,0.75,0.6666666666666666,0.8,
412431,"Rep. Mike Pompeo [R, 2011-2017]",Republican,0.5,1.0,,
412434,"Rep. Andy Harris [R, 2011-2022]",Republican,0.75,0.6666666666666666,0.4,0.0
412436,"Rep. Dan Benishek [R, 2011-2016]",Republican,0.5,0.6666666666666666,,
412437,"Rep. Bill Huizenga [R, 2011-2022]",Republican,0.75,0.6666666666666666,0.8,0.0
412438,"Rep. Justin Amash [R, 2011-2020]",Republican,0.25,0.3333333333333333,0.2,
412442,"Rep. Alan Nunnelee [R, 2011-2015]",Republican,0.75,,,
412443,"Rep. Steven Palazzo [R, 2011-2022]",Republican,0.5,0.6666666666666666,0.6,0.0
412444,"Rep. Vicky Hartzler [R, 2011-2022]",Republican,0.5,0.6666666666666666,0.6,0.0
412445,"Rep. Billy Long [R, 2011-2022]",Republican,0.75,0.6666666666666666,0.6,0.0
412446,"Rep. Joseph Heck [R, 2011-2016]",Republican,0.75,0.6666666666666666,,
412449,"Rep. Jon Runyan [R, 2011-2014]",Republican,0.75,,,
412451,"Rep. Michael Grimm [R, 2013-2014]",Republican,0.75,,,
412453,"Rep. Christopher Gibson [R, 2013-2016]",Republican,0.75,0.6666666666666666,,
412454,"Rep. Richard Hanna [R, 2013-2016]",Republican,0.75,0.6666666666666666,,
412457,"Rep. Renee Ellmers [R, 2011-2016]",Republican,0.75,0.3333333333333333,,
412460,"Rep. Bill Johnson [R, 2011-2022]",Republican,0.75,0.6666666666666666,0.8,0.0
412461,"Rep. Steve Stivers [R, 2011-2022]",Republican,0.75,0.6666666666666666,0.8,0.5
412462,"Rep. James Renacci [R, 2011-2018]",Republican,0.75,0.6666666666666666,0.4,
412463,"Rep. Bob Gibbs [R, 2013-2022]",Republican,0.75,0.6666666666666666,0.8,0.0
412464,"Rep. James Lankford [R, 2011-2014]",Republican,0.25,,,
412465,"Rep. Mike Kelly [R, 2011-2018]",Republican,0.75,0.6666666666666666,0.6,
412466,"Rep. Patrick Meehan [R, 2011-2018]",Republican,0.75,0.6666666666666666,,
412468,"Rep. Tom Marino [R, 2011-2018]",Republican,0.75,0.6666666666666666,0.8,
412469,"Rep. Lou Barletta [R, 2011-2018]",Republican,0.75,0.3333333333333333,0.4,
412472,"Rep. Jeff Duncan [R, 2011-2022]",Republican,0.5,0.6666666666666666,0.4,0.0
412473,"Rep. Trey Gowdy [R, 2011-2018]",Republican,0.5,0.6666666666666666,0.8,
412474,"Rep. Mick Mulvaney [R, 2011-2017]",Republican,0.25,0.6666666666666666,,
412475,"Rep. Kristi Noem [R, 2011-2018]",Republican,0.75,0.6666666666666666,0.6,
412476,"Rep. Charles “Chuck” Fleischmann [R, 2011-2022]",Republican,0.75,0.6666666666666666,0.8,0.0
412477,"Rep. Scott DesJarlais [R, 2011-2022]",Republican,0.5,0.6666666666666666,0.6,0.0
412478,"Rep. Diane Black [R, 2011-2018]",Republican,0.75,0.6666666666666666,0.6,
412479,"Rep. Stephen Fincher [R, 2011-2016]",Republican,0.75,0.3333333333333333,,
412480,"Rep. Bill Flores [R, 2011-2020]",Republican,0.5,0.6666666666666666,0.8,0.0
412482,"Rep. Blake Farenthold [R, 2011-2018]",Republican,0.5,0.6666666666666666,,
412483,"Rep. Edward “Scott” Rigell [R, 2011-2016]",Republican,0.75,0.6666666666666666,,
412484,"Rep. Robert Hurt [R, 2011-2016]",Republican,0.5,0.3333333333333333,,
412485,"Rep. Morgan Griffith [R, 2011-2022]",Republican,0.5,0.6666666666666666,0.6,0.0
412486,"Rep. Jaime Herrera Beutler [R, 2011-2022]",Republican,0.75,0.6666666666666666,0.8,0.0
412487,"Rep. David McKinley [R, 2011-2022]",Republican,0.5,0.6666666666666666,0.8,0.0
412488,"Rep. Sean Duffy [R, 2011-2019]",Republican,0.75,0.3333333333333333,0.6,
412489,"Rep. Reid Ribble [R, 2011-2016]",Republican,0.75,0.3333333333333333,,
412500,"Rep. Mark Amodei [R, 2011-2022]",Republican,0.5,0.6666666666666666,0.6,0.0
412503,"Rep. Thomas Massie [R, 2012-2022]",Republican,0.25,0.3333333333333333,0.0,0.0
412508,"Rep. Tom Cotton [R, 2013-2014]",Republican,0.5,,,
412510,"Rep. Doug LaMalfa [R, 2013-2022]",Republican,0.5,0.6666666666666666,0.6,0.0
412513,"Rep. Paul Cook [R, 2013-2020]",Republican,0.75,1.0,0.8,0.0
412515,"Rep. David Valadao [R, 2013-2018]",Republican,0.75,0.6666666666666666,0.8,
412525,"Rep. Ted Yoho [R, 2013-2020]",Republican,0.75,0.6666666666666666,0.4,0.0
412526,"Rep. Ron DeSantis [R, 2013-2018]",Republican,0.5,0.3333333333333333,,
412531,"Rep. Doug Collins [R, 2013-2020]",Republican,0.75,0.6666666666666666,0.8,0.0
412536,"Rep. Rodney Davis [R, 2013-2022]",Republican,0.75,0.6666666666666666,0.8,0.0
412538,"Rep. Jackie Walorski [R, 2013-2022]",Republican,0.75,0.6666666666666666,0.8,0.0
412539,"Rep. Susan Brooks [R, 2013-2020]",Republican,0.75,0.6666666666666666,0.8,0.0
412540,"Rep. Luke Messer [R, 2013-2018]",Republican,0.75,0.6666666666666666,0.8,
412541,"Rep. Garland “Andy” Barr [R, 2013-2022]",Republican,0.75,0.6666666666666666,0.8,0.0
412547,"Rep. Kerry Bentivolio [R, 2013-2014]",Republican,0.5,,,
412548,"Rep. Ann Wagner [R, 2013-2022]",Republican,0.75,0.6666666666666666,0.8,0.0
412549,"Rep. Steve Daines [R, 2013-2014]",Republican,0.75,,,
412550,"Rep. Richard Hudson [R, 2013-2022]",Republican,0.75,0.6666666666666666,0.8,0.0
412551,"Rep. Robert Pittenger [R, 2013-2018]",Republican,0.75,0.6666666666666666,0.8,
412552,"Rep. Mark Meadows [R, 2013-2020]",Republican,0.5,0.6666666666666666,0.2,
412553,"Rep. George Holding [R, 2013-2016]",Republican,0.75,0.6666666666666666,,
412555,"Rep. Kevin Cramer [R, 2013-2018]",Republican,0.5,0.6666666666666666,0.6,
412563,"Rep. Chris Collins [R, 2013-2019]",Republican,0.75,0.6666666666666666,0.8,
412564,"Rep. Brad Wenstrup [R, 2013-2022]",Republican,0.75,0.6666666666666666,0.8,0.0
412566,"Rep. David Joyce [R, 2013-2022]",Republican,0.75,0.6666666666666666,0.8,0.0
412567,"Rep. Jim Bridenstine [R, 2013-2018]",Republican,0.5,0.6666666666666666,,
412568,"Rep. Markwayne Mullin [R, 2013-2022]",Republican,0.75,0.6666666666666666,0.6,0.0
412569,"Rep. Scott Perry [R, 2013-2018]",Republican,0.5,0.6666666666666666,0.4,
412570,"Rep. Keith Rothfus [R, 2013-2018]",Republican,0.75,0.6666666666666666,0.4,
412572,"Rep. Tom Rice [R, 2013-2022]",Republican,0.5,0.6666666666666666,0.6,0.0
412574,"Rep. Randy Weber Sr. [R, 2013-2022]",Republican,0.5,0.3333333333333333,0.6,0.0
412578,"Rep. Roger Williams [R, 2013-2022]",Republican,0.5,0.6666666666666666,0.6,0.0
412581,"Rep. Chris Stewart [R, 2013-2022]",Republican,0.75,0.6666666666666666,0.4,0.0
412596,"Rep. Jason Smith [R, 2013-2022]",Republican,0.75,0.6666666666666666,0.6,0.0
412599,"Rep. Vance McAllister [R, 2013-2014]",Republican,0.5,,,
412601,"Rep. Bradley Byrne [R, 2014-2020]",Republican,0.75,0.6666666666666666,0.8,0.0
412603,"Rep. David Jolly [R, 2014-2016]",Republican,,0.6666666666666666,,
412606,"Rep. Donald Norcross [D, 2014-2022]",Democrat,,0.3333333333333333,0.6,1.0
412607,"Rep. Alma Adams [D, 2014-2022]",Democrat,,0.3333333333333333,0.8,1.0
412604,"Rep. Curtis “Curt” Clawson [R, 2014-2016]",Republican,,0.6666666666666666,,
412605,"Rep. David “Dave” Brat [R, 2014-2018]",Republican,,0.6666666666666666,0.4,
400036,"Rep. John Boehner [R, 1991-2015]",Republican,,,,
412612,"Rep. Ruben Gallego [D, 2015-2022]",Democrat,,0.3333333333333333,0.6,1.0
412613,"Rep. Mark DeSaulnier [D, 2015-2022]",Democrat,,0.3333333333333333,0.6,0.5
412615,"Rep. Pete Aguilar [D, 2015-2022]",Democrat,,0.6666666666666666,0.6,1.0
412616,"Rep. Ted Lieu [D, 2015-2022]",Democrat,,0.3333333333333333,0.4,0.5
412617,"Rep. Norma Torres [D, 2015-2022]",Democrat,,0.3333333333333333,0.6,1.0
412620,"Rep. Gwen Graham [D, 2015-2016]",Democrat,,0.3333333333333333,,
412626,"Rep. Mark Takai [D, 2015-2016]",Democrat,,0.3333333333333333,,
412632,"Rep. Seth Moulton [D, 2015-2022]",Democrat,,0.3333333333333333,0.8,1.0
412637,"Rep. Debbie Dingell [D, 2015-2022]",Democrat,,0.3333333333333333,0.8,1.0
412638,"Rep. Brenda Lawrence [D, 2015-2022]",Democrat,,0.3333333333333333,0.8,1.0
412642,"Rep. Brad Ashford [D, 2015-2016]",Democrat,,0.6666666666666666,,
412644,"Rep. Bonnie Watson Coleman [D, 2015-2022]",Democrat,,0.3333333333333333,0.6,1.0
412647,"Rep. Kathleen Rice [D, 2015-2022]",Democrat,,0.3333333333333333,0.8,1.0
412652,"Rep. Brendan Boyle [D, 2015-2018]",Democrat,,0.3333333333333333,0.6,
412657,"Rep. Donald Beyer Jr. [D, 2015-2022]",Democrat,,0.3333333333333333,0.8,1.0
400351,"Rep. Paul Ryan [R, 1999-2018]",,,,,
412420,"Rep. Bob Dold [R, 2015-2016]",Republican,,0.6666666666666666,,
412447,"Rep. Frank Guinta [R, 2015-2016]",Republican,,0.3333333333333333,,
412608,"Rep. Gary Palmer [R, 2015-2022]",Republican,,0.6666666666666666,0.4,0.0
412609,"Rep. French Hill [R, 2015-2022]",Republican,,0.6666666666666666,0.8,0.0
412610,"Rep. Bruce Westerman [R, 2015-2022]",Republican,,0.6666666666666666,0.6,0.0
412611,"Rep. Martha McSally [R, 2015-2018]",Republican,,0.6666666666666666,0.6,
412614,"Rep. Steve Knight [R, 2015-2018]",Republican,,0.6666666666666666,0.6,
412618,"Rep. Mimi Walters [R, 2015-2018]",Republican,,0.6666666666666666,0.8,
412619,"Rep. Ken Buck [R, 2015-2022]",Republican,,0.6666666666666666,0.4,0.0
412621,"Rep. Carlos Curbelo [R, 2015-2018]",Republican,,0.6666666666666666,0.6,
412622,"Rep. Earl “Buddy” Carter [R, 2015-2022]",Republican,,0.6666666666666666,0.6,0.0
412623,"Rep. Jody Hice [R, 2015-2022]",Republican,,0.6666666666666666,0.4,0.0
412624,"Rep. Barry Loudermilk [R, 2015-2022]",Republican,,0.6666666666666666,0.4,0.0
412625,"Rep. Rick Allen [R, 2015-2022]",Republican,,0.6666666666666666,0.6,0.0
412627,"Rep. Rod Blum [R, 2015-2018]",Republican,,0.3333333333333333,0.6,
412628,"Rep. David Young [R, 2015-2018]",Republican,,0.6666666666666666,0.8,
412629,"Rep. Mike Bost [R, 2015-2022]",Republican,,0.6666666666666666,0.8,0.0
412630,"Rep. Ralph Abraham [R, 2015-2020]",Republican,,0.6666666666666666,0.4,0.0
412631,"Rep. Garret Graves [R, 2015-2022]",Republican,,0.6666666666666666,0.6,0.0
412633,"Rep. Bruce Poliquin [R, 2015-2018]",Republican,,0.6666666666666666,0.8,
412634,"Rep. John Moolenaar [R, 2015-2022]",Republican,,0.6666666666666666,0.8,0.0
412635,"Rep. Mike Bishop [R, 2015-2018]",Republican,,0.6666666666666666,0.8,
412636,"Rep. Dave Trott [R, 2015-2018]",Republican,,0.6666666666666666,0.8,
412639,"Rep. Tom Emmer [R, 2015-2022]",Republican,,0.6666666666666666,0.6,0.0
412640,"Rep. Ryan Zinke [R, 2015-2017]",Republican,,0.6666666666666666,,
412641,"Rep. David Rouzer [R, 2015-2022]",Republican,,0.6666666666666666,0.6,0.0
412643,"Rep. Tom MacArthur [R, 2015-2018]",Republican,,0.6666666666666666,0.8,
412645,"Rep. Cresent Hardy [R, 2015-2016]",Republican,,0.3333333333333333,,
412646,"Rep. Lee Zeldin [R, 2015-2022]",Republican,,0.6666666666666666,0.6,0.0
412648,"Rep. Elise Stefanik [R, 2015-2022]",Republican,,0.6666666666666666,0.8,0.0
412649,"Rep. John Katko [R, 2015-2022]",Republican,,0.6666666666666666,0.8,0.0
412650,"Rep. Steve Russell [R, 2015-2018]",Republican,,0.6666666666666666,0.6,
412651,"Rep. Ryan Costello [R, 2015-2018]",Republican,,0.6666666666666666,0.6,
412653,"Rep. John Ratcliffe [R, 2015-2020]",Republican,,0.6666666666666666,0.4,0.0
412654,"Rep. Will Hurd [R, 2015-2020]",Republican,,0.6666666666666666,0.8,0.0
412655,"Rep. Brian Babin [R, 2015-2022]",Republican,,0.6666666666666666,0.6,0.0
412656,"Rep. Mia Love [R, 2015-2018]",Republican,,0.6666666666666666,0.6,
412658,"Rep. Barbara Comstock [R, 2015-2018]",Republican,,0.6666666666666666,0.6,
412660,"Rep. Dan Newhouse [R, 2015-2022]",Republican,,0.6666666666666666,0.6,0.0
412661,"Rep. Glenn Grothman [R, 2015-2022]",Republican,,0.6666666666666666,0.6,0.0
412662,"Rep. Alexander Mooney [R, 2015-2022]",Republican,,0.6666666666666666,0.4,0.0
412663,"Rep. Evan Jenkins [R, 2015-2018]",Republican,,0.6666666666666666,,
412670,"Rep. Mark Walker [R, 2015-2020]",Republican,,0.6666666666666666,0.6,0.0
412672,"Rep. Daniel Donovan Jr. [R, 2015-2018]",Republican,,0.6666666666666666,0.6,
412673,"Rep. Trent Kelly [R, 2015-2022]",Republican,,,0.6,0.0
412674,"Rep. Darin LaHood [R, 2015-2022]",Republican,,,0.6,0.0
412675,"Rep. Warren Davidson [R, 2016-2022]",Republican,,,0.4,0.0
400080,"Rep. John Conyers Jr. [D, 2013-2017]",,,,,
400378,"Rep. Louise Slaughter [D, 2013-2018]",,,,,
412219,"Rep. Carol Shea-Porter [D, 2017-2018]",Democrat,,,0.8,
412385,"Rep. Theodore “Ted” Deutch [D, 2017-2022]",Democrat,,,0.8,1.0
412418,"Rep. Colleen Hanabusa [D, 2016-2018]",Democrat,,,0.8,
412529,"Rep. Lois Frankel [D, 2017-2022]",Democrat,,,0.8,1.0
412534,"Rep. Bradley “Brad” Schneider [D, 2017-2022]",Democrat,,,0.8,1.0
412677,"Rep. Dwight Evans [D, 2016-2018]",Democrat,,,0.8,
412682,"Rep. Tom O’Halleran [D, 2017-2022]",Democrat,,,0.8,1.0
412684,"Rep. Ro Khanna [D, 2017-2022]",Democrat,,,0.6,1.0
412685,"Rep. Jimmy Panetta [D, 2017-2022]",Democrat,,,0.6,1.0
412686,"Rep. Salud Carbajal [D, 2017-2022]",Democrat,,,0.8,1.0
412687,"Rep. Nanette Barragán [D, 2017-2022]",Democrat,,,0.6,1.0
412688,"Rep. Luis Correa [D, 2017-2022]",Democrat,,,0.6,1.0
412689,"Rep. Lisa Blunt Rochester [D, 2017-2022]",Democrat,,,0.8,1.0
412693,"Rep. Al Lawson Jr. [D, 2017-2022]",Democrat,,,0.8,1.0
412694,"Rep. Stephanie Murphy [D, 2017-2022]",Democrat,,,0.6,1.0
412695,"Rep. Darren Soto [D, 2017-2022]",Democrat,,,0.6,1.0
412696,"Rep. Val Demings [D, 2017-2022]",Democrat,,,0.8,1.0
412697,"Rep. Charlie Crist [D, 2017-2022]",Democrat,,,0.8,1.0
412701,"Rep. Raja Krishnamoorthi [D, 2017-2022]",Democrat,,,0.8,1.0
412707,"Rep. Anthony Brown [D, 2017-2022]",Democrat,,,0.8,1.0
412708,"Rep. Jamie Raskin [D, 2017-2022]",Democrat,,,0.6,1.0
412714,"Rep. Josh Gottheimer [D, 2017-2022]",Democrat,,,0.8,1.0
412715,"Rep. Jacky Rosen [D, 2017-2018]",Democrat,,,0.8,
412716,"Rep. Ruben Kihuen [D, 2017-2018]",Democrat,,,0.6,
412717,"Rep. Thomas Suozzi [D, 2017-2022]",Democrat,,,0.6,1.0
412718,"Rep. Adriano Espaillat [D, 2017-2022]",Democrat,,,0.6,1.0
412725,"Rep. Vicente Gonzalez [D, 2017-2022]",Democrat,,,0.6,0.5
412728,"Rep. Donald McEachin [D, 2017-2022]",Democrat,,,0.8,1.0
412730,"Rep. Pramila Jayapal [D, 2017-2022]",Democrat,,,0.6,0.5
400141,"Rep. Trent Franks [R, 2013-2017]",,,,,
400285,"Rep. Tim Murphy [R, 2003-2017]",,,,,
400406,"Rep. Patrick “Pat” Tiberi [R, 2001-2018]",,,,,
400648,"Rep. Charles Dent [R, 2005-2018]",,,,,
412270,"Rep. Jason Chaffetz [R, 2009-2017]",,,,,
412410,"Rep. Daniel Webster [R, 2017-2022]",Republican,,,0.6,0.0
412466,"Rep. Patrick Meehan [R, 2011-2018]",,,,,
412482,"Rep. Blake Farenthold [R, 2011-2018]",,,,,
412526,"Rep. Ron DeSantis [R, 2013-2018]",,,,,
412553,"Rep. George Holding [R, 2017-2020]",Republican,,,0.4,0.0
412567,"Rep. Jim Bridenstine [R, 2013-2018]",,,,,
412663,"Rep. Evan Jenkins [R, 2015-2018]",,,,,
412676,"Rep. James Comer [R, 2016-2022]",Republican,,,0.6,0.0
412683,"Rep. Andy Biggs [R, 2017-2022]",Republican,,,0.4,0.0
412690,"Rep. Matt Gaetz [R, 2017-2022]",Republican,,,0.4,0.0
412691,"Rep. Neal Dunn [R, 2017-2022]",Republican,,,0.8,0.5
412692,"Rep. John Rutherford [R, 2017-2022]",Republican,,,0.8,0.0
412698,"Rep. Brian Mast [R, 2017-2022]",Republican,,,0.4,0.0
412699,"Rep. Francis Rooney [R, 2017-2020]",Republican,,,0.6,0.0
412700,"Rep. Drew Ferguson IV [R, 2017-2022]",Republican,,,0.8,0.0
412702,"Rep. Jim Banks [R, 2017-2022]",Republican,,,0.8,0.0
412703,"Rep. Trey Hollingsworth [R, 2017-2022]",Republican,,,0.6,0.0
412704,"Rep. Roger Marshall [R, 2017-2020]",Republican,,,0.8,0.0
412705,"Rep. Clay Higgins [R, 2017-2022]",Republican,,,0.6,0.0
412706,"Rep. Mike Johnson [R, 2017-2022]",Republican,,,0.6,0.0
412709,"Rep. Jack Bergman [R, 2017-2022]",Republican,,,0.6,0.0
412710,"Rep. Paul Mitchell [R, 2017-2020]",Republican,,,0.8,
412711,"Rep. Jason Lewis [R, 2017-2018]",Republican,,,0.4,
412712,"Rep. Ted Budd [R, 2017-2022]",Republican,,,0.2,0.0
412713,"Rep. Don Bacon [R, 2017-2022]",Republican,,,0.8,0.0
412719,"Rep. John Faso [R, 2017-2018]",Republican,,,0.8,
412720,"Rep. Claudia Tenney [R, 2017-2018]",Republican,,,0.8,
412721,"Rep. Brian Fitzpatrick [R, 2017-2018]",Republican,,,0.8,
412722,"Rep. Lloyd Smucker [R, 2017-2018]",Republican,,,0.6,
412724,"Rep. David Kustoff [R, 2017-2022]",Republican,,,0.8,0.0
412726,"Rep. Jodey Arrington [R, 2017-2022]",Republican,,,0.8,0.0
412727,"Rep. Scott Taylor [R, 2017-2018]",Republican,,,0.8,
412729,"Rep. Thomas Garrett [R, 2017-2018]",Republican,,,0.4,
412731,"Rep. Mike Gallagher [R, 2017-2022]",Republican,,,0.6,0.0
412732,"Rep. Liz Cheney [R, 2017-2022]",Republican,,,0.8,0.0
412739,"Rep. Jimmy Gomez [D, 2017-2022]",Democrat,,,,1.0
412735,"Rep. Ron Estes [R, 2017-2022]",Republican,,,,0.0
412736,"Rep. Greg Gianforte [R, 2017-2020]",Republican,,,,0.0
412737,"Rep. Karen Handel [R, 2017-2018]",Republican,,,,
412738,"Rep. Ralph Norman [R, 2017-2022]",Republican,,,,0.0
412740,"Rep. John Curtis [R, 2017-2022]",Republican,,,,0.0
412744,"Rep. Conor Lamb [D, 2018-2018]",Democrat,,,,
412749,"Rep. Joseph Morelle [D, 2018-2022]",Democrat,,,,1.0
412750,"Rep. Mary Scanlon [D, 2018-2018]",Democrat,,,,
412751,"Rep. Susan Wild [D, 2018-2018]",Democrat,,,,
412752,"Rep. Brenda Jones [D, 2018-2018]",Democrat,,,,
412745,"Rep. Debbie Lesko [R, 2018-2022]",Republican,,,,0.0
412746,"Rep. Michael Cloud [R, 2018-2022]",Republican,,,,0.0
412747,"Rep. Troy Balderson [R, 2018-2022]",Republican,,,,0.0
412748,"Rep. Kevin Hern [R, 2018-2022]",Republican,,,,0.0
400069,"Rep. Ed Case [D, 2019-2022]",Democrat,,,,1.0
400090,"Rep. Elijah Cummings [D, 1996-2019]",,,,,
400114,"Rep. Michael Doyle [D, 2019-2022]",Democrat,,,,1.0
412286,"Rep. Ann Kirkpatrick [D, 2019-2022]",Democrat,,,,0.5
412559,"Rep. Steven Horsford [D, 2019-2022]",Democrat,,,,1.0
412571,"Rep. Matthew “Matt” Cartwright [D, 2019-2022]",Democrat,,,,1.0
412652,"Rep. Brendan Boyle [D, 2019-2022]",Democrat,,,,1.0
412677,"Rep. Dwight Evans [D, 2019-2022]",Democrat,,,,1.0
412744,"Rep. Conor Lamb [D, 2019-2022]",Democrat,,,,0.5
412750,"Rep. Mary Scanlon [D, 2019-2022]",Democrat,,,,1.0
412751,"Rep. Susan Wild [D, 2019-2022]",Democrat,,,,0.5
412753,"Rep. Greg Stanton [D, 2019-2022]",Democrat,,,,1.0
412754,"Rep. Josh Harder [D, 2019-2022]",Democrat,,,,1.0
412755,"Rep. TJ Cox [D, 2019-2020]",Democrat,,,,1.0
412756,"Rep. Katie Hill [D, 2019-2019]",,,,,
412757,"Rep. Gilbert Cisneros [D, 2019-2020]",Democrat,,,,1.0
412758,"Rep. Katie Porter [D, 2019-2022]",Democrat,,,,1.0
412759,"Rep. Harley Rouda [D, 2019-2020]",Democrat,,,,1.0
412760,"Rep. Mike Levin [D, 2019-2022]",Democrat,,,,1.0
412761,"Rep. Joe Neguse [D, 2019-2022]",Democrat,,,,1.0
412762,"Rep. Jason Crow [D, 2019-2022]",Democrat,,,,1.0
412763,"Rep. Jahana Hayes [D, 2019-2022]",Democrat,,,,1.0
412767,"Rep. Debbie Mucarsel-Powell [D, 2019-2020]",Democrat,,,,1.0
412768,"Rep. Donna Shalala [D, 2019-2020]",Democrat,,,,1.0
412769,"Rep. Lucy McBath [D, 2019-2022]",Democrat,,,,1.0
412771,"Rep. Abby Finkenauer [D, 2019-2020]",Democrat,,,,0.5
412772,"Rep. Cynthia Axne [D, 2019-2022]",Democrat,,,,0.5
412774,"Rep. Jesús “Chuy” García [D, 2019-2022]",Democrat,,,,1.0
412775,"Rep. Sean Casten [D, 2019-2022]",Democrat,,,,1.0
412776,"Rep. Lauren Underwood [D, 2019-2022]",Democrat,,,,1.0
412780,"Rep. Sharice Davids [D, 2019-2022]",Democrat,,,,0.5
412781,"Rep. Lori Trahan [D, 2019-2022]",Democrat,,,,1.0
412782,"Rep. Ayanna Pressley [D, 2019-2022]",Democrat,,,,1.0
412783,"Rep. David Trone [D, 2019-2022]",Democrat,,,,1.0
412784,"Rep. Elissa Slotkin [D, 2019-2022]",Democrat,,,,1.0
412785,"Rep. Andy Levin [D, 2019-2022]",Democrat,,,,1.0
412786,"Rep. Haley Stevens [D, 2019-2022]",Democrat,,,,1.0
412787,"Rep. Rashida Tlaib [D, 2019-2022]",Democrat,,,,1.0
412789,"Rep. Angie Craig [D, 2019-2022]",Democrat,,,,1.0
412790,"Rep. Dean Phillips [D, 2019-2022]",Democrat,,,,1.0
412791,"Rep. Ilhan Omar [D, 2019-2022]",Democrat,,,,1.0
412795,"Rep. Chris Pappas [D, 2019-2022]",Democrat,,,,1.0
412796,"Rep. Jefferson Van Drew [R, 2019-2022]",Republican,,,,0.5
412797,"Rep. Andy Kim [D, 2019-2022]",Democrat,,,,1.0
412798,"Rep. Tom Malinowski [D, 2019-2022]",Democrat,,,,1.0
412799,"Rep. Mikie Sherrill [D, 2019-2022]",Democrat,,,,1.0
412800,"Rep. Debra Haaland [D, 2019-2021]",Democrat,,,,1.0
412801,"Rep. Xochitl Torres Small [D, 2019-2020]",Democrat,,,,0.5
412802,"Rep. Susie Lee [D, 2019-2022]",Democrat,,,,1.0
412803,"Rep. Max Rose [D, 2019-2020]",Democrat,,,,1.0
412804,"Rep. Alexandria Ocasio-Cortez [D, 2019-2022]",Democrat,,,,1.0
412805,"Rep. Antonio Delgado [D, 2019-2022]",Democrat,,,,1.0
412806,"Rep. Anthony Brindisi [D, 2019-2020]",Democrat,,,,1.0
412808,"Rep. Kendra Horn [D, 2019-2020]",Democrat,,,,0.5
412809,"Rep. Madeleine Dean [D, 2019-2022]",Democrat,,,,1.0
412810,"Rep. Chrissy Houlahan [D, 2019-2022]",Democrat,,,,1.0
412814,"Rep. Joe Cunningham [D, 2019-2020]",Democrat,,,,0.5
412824,"Rep. Lizzie Fletcher [D, 2019-2022]",Democrat,,,,1.0
412825,"Rep. Veronica Escobar [D, 2019-2022]",Democrat,,,,1.0
412827,"Rep. Sylvia Garcia [D, 2019-2022]",Democrat,,,,1.0
412828,"Rep. Colin Allred [D, 2019-2022]",Democrat,,,,1.0
412829,"Rep. Ben McAdams [D, 2019-2020]",Democrat,,,,0.5
412830,"Rep. Elaine Luria [D, 2019-2022]",Democrat,,,,0.5
412833,"Rep. Abigail Spanberger [D, 2019-2022]",Democrat,,,,0.5
412834,"Rep. Jennifer Wexton [D, 2019-2022]",Democrat,,,,1.0
412835,"Rep. Kim Schrier [D, 2019-2022]",Democrat,,,,1.0
412842,"Rep. Jared Golden [D, 2019-2022]",Democrat,,,,0.5
412283,"Rep. Duncan Hunter [R, 2013-2020]",,,,,
412317,"Rep. Glenn Thompson [R, 2019-2022]",Republican,,,,0.0
412438,"Rep. Justin Amash [L, 2011-2020]",,,,,
412465,"Rep. Mike Kelly [R, 2019-2022]",Republican,,,,0.0
412488,"Rep. Sean Duffy [R, 2011-2019]",,,,,
412552,"Rep. Mark Meadows [R, 2013-2020]",,,,,
412563,"Rep. Chris Collins [R, 2013-2019]",,,,,
412569,"Rep. Scott Perry [R, 2019-2022]",Republican,,,,0.0
412710,"Rep. Paul Mitchell [I, 2017-2020]",Republican,,,,0.0
412721,"Rep. Brian Fitzpatrick [R, 2019-2022]",Republican,,,,0.0
412722,"Rep. Lloyd Smucker [R, 2019-2022]",Republican,,,,0.0
412764,"Rep. Michael Waltz [R, 2019-2022]",Republican,,,,0.0
412765,"Rep. Ross Spano [R, 2019-2020]",Republican,,,,0.0
412766,"Rep. Gregory Steube [R, 2019-2022]",Republican,,,,0.0
412773,"Rep. Russ Fulcher [R, 2019-2022]",Republican,,,,0.0
412777,"Rep. James Baird [R, 2019-2022]",Republican,,,,0.0
412778,"Rep. Greg Pence [R, 2019-2022]",Republican,,,,0.0
412779,"Rep. Steven Watkins [R, 2019-2020]",Republican,,,,0.0
412788,"Rep. Jim Hagedorn [R, 2019-2022]",Republican,,,,0.0
412792,"Rep. Pete Stauber [R, 2019-2022]",Republican,,,,0.0
412793,"Rep. Michael Guest [R, 2019-2022]",Republican,,,,0.0
412794,"Rep. Kelly Armstrong [R, 2019-2022]",Republican,,,,0.0
412807,"Rep. Anthony Gonzalez [R, 2019-2022]",Republican,,,,0.0
412811,"Rep. Daniel Meuser [R, 2019-2022]",Republican,,,,0.0
412812,"Rep. John Joyce [R, 2019-2022]",Republican,,,,0.0
412813,"Rep. Guy Reschenthaler [R, 2019-2022]",Republican,,,,0.0
412815,"Rep. William Timmons [R, 2019-2022]",Republican,,,,0.0
412816,"Rep. Dusty Johnson [R, 2019-2022]",Republican,,,,0.0
412817,"Rep. Tim Burchett [R, 2019-2022]",Republican,,,,0.0
412818,"Rep. John Rose [R, 2019-2022]",Republican,,,,0.0
412819,"Rep. Mark Green [R, 2019-2022]",Republican,,,,0.0
412820,"Rep. Dan Crenshaw [R, 2019-2022]",Republican,,,,0.0
412821,"Rep. Van Taylor [R, 2019-2022]",Republican,,,,0.0
412822,"Rep. Lance Gooden [R, 2019-2022]",Republican,,,,0.0
412823,"Rep. Ron Wright [R, 2019-2021]",Republican,,,,0.0
412826,"Rep. Chip Roy [R, 2019-2022]",Republican,,,,0.0
412831,"Rep. Denver Riggleman [R, 2019-2020]",Republican,,,,0.0
412832,"Rep. Ben Cline [R, 2019-2022]",Republican,,,,0.0
412836,"Rep. Bryan Steil [R, 2019-2022]",Republican,,,,0.0
412837,"Rep. Carol Miller [R, 2019-2022]",Republican,,,,0.0
407672,"Rep. Kweisi Mfume [D, 2020-2022]",Democrat,,,,
412843,"Rep. Fred Keller [R, 2019-2022]",Republican,,,,
412844,"Rep. Dan Bishop [R, 2019-2022]",Republican,,,,
412845,"Rep. Gregory Murphy [R, 2019-2022]",Republican,,,,
