person,Year,disney_donations,VoteAlongRatio_Film,VoteAlongRatio_FS_IIR,VoteAlongRatio_FS_FSS,VoteAlongRatio_FS_CM,VoteAlongRatio_FS_REB,disney_donations_lagMinus1,disney_donations_lagPlus1,sex_female,sex_male,ethnicity_asian,ethnicity_black,ethnicity_hispanic,ethnicity_islander,ethnicity_native,ethnicity_white,party_short_D,party_short_R,data_use,MODELING_GROUP
4,2012,0.0,0.0,0.3333333333333333,0.3333333333333333,0.5714285714285714,0.6666666666666666,0.0,,0,1,0,0,0,0,0,1,1,0,0.727,TESTING
4,2014,0.0,0.3333333333333333,0.8,0.3333333333333333,0.4,0.5,0.0,0.0,0,1,0,0,0,0,0,1,1,0,0.727,TESTING
4,2016,0.0,0.4,0.42857142857142855,0.2222222222222222,0.0,0.0,1000.0,0.0,0,1,0,0,0,0,0,1,1,0,0.727,TESTING
4,2018,1000.0,1.0,1.0,1.0,1.0,1.0,,0.0,0,1,0,0,0,0,0,1,1,0,0.727,TESTING
10,2012,0.0,0.5,0.5,0.6666666666666666,0.5714285714285714,0.6666666666666666,2000.0,,0,1,0,1,0,0,0,0,1,0,0.086,TRAINING
10,2014,2000.0,0.6666666666666666,0.8,0.3333333333333333,0.4,0.5,2000.0,0.0,0,1,0,1,0,0,0,0,1,0,0.086,TRAINING
10,2016,2000.0,0.6,0.2857142857142857,0.4444444444444444,0.25,0.3333333333333333,1000.0,2000.0,0,1,0,1,0,0,0,0,1,0,0.086,TRAINING
10,2018,1000.0,1.0,1.0,1.0,1.0,0.6666666666666666,,2000.0,0,1,0,1,0,0,0,0,1,0,0.086,TRAINING
13,2012,0.0,0.25,0.5,0.6666666666666666,0.7142857142857143,0.6666666666666666,0.0,,0,1,0,0,0,0,0,1,1,0,0.539,TRAINING
13,2014,0.0,1.0,0.8,0.3333333333333333,0.4,1.0,0.0,0.0,0,1,0,0,0,0,0,1,1,0,0.539,TRAINING
13,2016,0.0,0.8,0.42857142857142855,0.5555555555555556,0.0,0.3333333333333333,0.0,0.0,0,1,0,0,0,0,0,1,1,0,0.539,TRAINING
13,2018,0.0,1.0,1.0,0.6666666666666666,1.0,1.0,,0.0,0,1,0,0,0,0,0,1,1,0,0.539,TRAINING
15,2018,3700.0,0.0,0.0,1.0,1.0,1.0,,0.0,0,1,0,1,0,0,0,0,1,0,0.5191,TRAINING
15,2016,0.0,0.4,0.14285714285714285,0.3333333333333333,0.25,0.3333333333333333,3700.0,0.0,0,1,0,1,0,0,0,0,1,0,0.5191,TRAINING
15,2012,0.0,0.25,0.3333333333333333,0.3333333333333333,0.5714285714285714,0.6666666666666666,0.0,,0,1,0,1,0,0,0,0,1,0,0.5191,TRAINING
15,2014,0.0,0.3333333333333333,0.8,0.3333333333333333,0.4,0.25,0.0,0.0,0,1,0,1,0,0,0,0,1,0,0.5191,TRAINING
16,2012,0.0,0.0,0.3333333333333333,0.3333333333333333,0.5714285714285714,0.6666666666666666,0.0,,0,1,0,1,0,0,0,0,1,0,0.5734,TESTING
16,2014,0.0,0.0,0.8,0.3333333333333333,0.4,0.25,0.0,0.0,0,1,0,1,0,0,0,0,1,0,0.5734,TESTING
16,2016,0.0,0.0,0.14285714285714285,0.3333333333333333,0.25,0.3333333333333333,3700.0,0.0,0,1,0,1,0,0,0,0,1,0,0.5734,TESTING
16,2018,3700.0,0.0,0.0,1.0,1.0,1.0,,0.0,0,1,0,1,0,0,0,0,1,0,0.5734,TESTING
17,2012,0.0,0.0,0.16666666666666666,0.3333333333333333,0.5714285714285714,0.6666666666666666,0.0,,0,1,0,1,0,0,0,0,1,0,0.6265,TESTING
17,2014,0.0,0.0,0.8,0.3333333333333333,0.4,0.25,0.0,0.0,0,1,0,1,0,0,0,0,1,0,0.6265,TESTING
17,2016,0.0,0.2,0.2857142857142857,0.4444444444444444,0.0,0.0,0.0,0.0,0,1,0,1,0,0,0,0,1,0,0.6265,TESTING
17,2018,0.0,1.0,1.0,1.0,1.0,1.0,,0.0,0,1,0,1,0,0,0,0,1,0,0.6265,TESTING
18,2012,0.0,0.5,0.3333333333333333,0.6666666666666666,0.7142857142857143,0.6666666666666666,0.0,,1,0,0,0,0,0,0,1,1,0,0.0466,TRAINING
18,2014,0.0,0.3333333333333333,0.8,0.3333333333333333,0.4,0.25,0.0,0.0,1,0,0,0,0,0,0,1,1,0,0.0466,TRAINING
18,2016,0.0,0.8,0.2857142857142857,0.4444444444444444,0.0,0.0,0.0,0.0,1,0,0,0,0,0,0,1,1,0,0.0466,TRAINING
18,2018,0.0,1.0,1.0,1.0,1.0,1.0,,0.0,1,0,0,0,0,0,0,1,1,0,0.0466,TRAINING
19,2018,0.0,1.0,1.0,1.0,1.0,1.0,,0.0,0,1,0,0,0,0,0,1,1,0,0.4426,TRAINING
19,2016,0.0,0.8,0.2857142857142857,0.4444444444444444,0.25,0.3333333333333333,0.0,0.0,0,1,0,0,0,0,0,1,1,0,0.4426,TRAINING
19,2012,0.0,0.0,0.3333333333333333,0.3333333333333333,0.5714285714285714,0.6666666666666666,0.0,,0,1,0,0,0,0,0,1,1,0,0.4426,TRAINING
19,2014,0.0,0.3333333333333333,0.8,0.3333333333333333,0.4,0.75,0.0,0.0,0,1,0,0,0,0,0,1,1,0,0.4426,TRAINING
20,2012,0.0,0.0,0.5,0.3333333333333333,0.7142857142857143,0.6666666666666666,1000.0,,1,0,0,0,0,0,0,1,1,0,0.5578,TESTING
20,2014,1000.0,0.3333333333333333,0.8,0.3333333333333333,0.4,0.25,0.0,0.0,1,0,0,0,0,0,0,1,1,0,0.5578,TESTING
20,2016,0.0,0.6,0.14285714285714285,0.2222222222222222,0.0,0.0,0.0,1000.0,1,0,0,0,0,0,0,1,1,0,0.5578,TESTING
20,2018,0.0,1.0,1.0,1.0,1.0,1.0,,0.0,1,0,0,0,0,0,0,1,1,0,0.5578,TESTING
21,2012,0.0,0.0,0.3333333333333333,0.3333333333333333,0.5714285714285714,0.3333333333333333,0.0,,1,0,0,0,0,0,0,1,1,0,0.8322,TESTING
21,2014,0.0,0.3333333333333333,0.8,0.3333333333333333,0.4,0.25,0.0,0.0,1,0,0,0,0,0,0,1,1,0,0.8322,TESTING
21,2016,0.0,0.8,0.14285714285714285,0.3333333333333333,0.0,0.0,80.0,0.0,1,0,0,0,0,0,0,1,1,0,0.8322,TESTING
21,2018,80.0,1.0,1.0,0.6666666666666666,1.0,0.6666666666666666,,0.0,1,0,0,0,0,0,0,1,1,0,0.8322,TESTING
23,2018,0.0,1.0,1.0,1.0,1.0,1.0,,0.0,0,1,0,0,0,0,0,1,1,0,0.1685,TRAINING
23,2012,250.0,0.0,0.3333333333333333,0.3333333333333333,0.5714285714285714,0.6666666666666666,0.0,,0,1,0,0,0,0,0,1,1,0,0.1685,TRAINING
23,2014,0.0,0.3333333333333333,0.6,0.0,0.2,0.0,0.0,250.0,0,1,0,0,0,0,0,1,1,0,0.1685,TRAINING
23,2016,0.0,0.4,0.42857142857142855,0.3333333333333333,0.0,0.0,0.0,0.0,0,1,0,0,0,0,0,1,1,0,0.1685,TRAINING
24,2018,0.0,0.0,0.0,0.0,1.0,0.0,,0.0,0,1,0,0,0,0,0,1,1,0,0.0769,TRAINING
24,2016,0.0,0.8,0.2857142857142857,0.3333333333333333,0.0,0.0,0.0,0.0,0,1,0,0,0,0,0,1,1,0,0.0769,TRAINING
24,2012,0.0,0.5,0.5,0.3333333333333333,0.5714285714285714,1.0,0.0,,0,1,0,0,0,0,0,1,1,0,0.0769,TRAINING
24,2014,0.0,0.3333333333333333,0.8,0.3333333333333333,0.4,0.5,0.0,0.0,0,1,0,0,0,0,0,1,1,0,0.0769,TRAINING
25,2012,0.0,0.25,0.5,0.3333333333333333,0.7142857142857143,0.6666666666666666,0.0,,0,1,0,0,0,0,0,1,1,0,0.6949,TESTING
25,2014,0.0,0.3333333333333333,0.8,0.3333333333333333,0.4,0.25,0.0,0.0,0,1,0,0,0,0,0,1,1,0,0.6949,TESTING
25,2016,0.0,0.4,0.2857142857142857,0.3333333333333333,0.25,0.3333333333333333,0.0,0.0,0,1,0,0,0,0,0,1,1,0,0.6949,TESTING
25,2018,0.0,1.0,1.0,1.0,1.0,1.0,,0.0,0,1,0,0,0,0,0,1,1,0,0.6949,TESTING
26,2016,0.0,0.8,0.2857142857142857,0.3333333333333333,0.0,0.0,0.0,0.0,1,0,0,0,0,0,0,1,1,0,0.2433,TRAINING
26,2012,0.0,0.0,0.5,0.3333333333333333,0.7142857142857143,0.6666666666666666,0.0,,1,0,0,0,0,0,0,1,1,0,0.2433,TRAINING
26,2014,0.0,0.3333333333333333,0.8,0.3333333333333333,0.4,0.25,0.0,0.0,1,0,0,0,0,0,0,1,1,0,0.2433,TRAINING
26,2018,0.0,1.0,1.0,1.0,1.0,1.0,,0.0,1,0,0,0,0,0,0,1,1,0,0.2433,TRAINING
30,2018,0.0,1.0,0.75,1.0,1.0,1.0,,0.0,0,1,0,0,1,0,0,0,1,0,0.5311,TRAINING
30,2016,0.0,0.4,0.0,0.3333333333333333,0.0,0.0,0.0,0.0,0,1,0,0,1,0,0,0,1,0,0.5311,TRAINING
30,2012,0.0,0.0,0.3333333333333333,0.0,0.5714285714285714,0.6666666666666666,0.0,,0,1,0,0,1,0,0,0,1,0,0.5311,TRAINING
30,2014,0.0,0.3333333333333333,0.6,0.0,0.2,0.0,0.0,0.0,0,1,0,0,1,0,0,0,1,0,0.5311,TRAINING
32,2012,0.0,0.0,0.3333333333333333,0.3333333333333333,0.5714285714285714,0.6666666666666666,0.0,,0,1,0,1,0,0,0,0,1,0,0.5051,TRAINING
32,2014,0.0,0.0,0.8,0.3333333333333333,0.4,0.25,0.0,0.0,0,1,0,1,0,0,0,0,1,0,0.5051,TRAINING
32,2016,0.0,0.0,0.42857142857142855,0.4444444444444444,0.0,0.0,0.0,0.0,0,1,0,1,0,0,0,0,1,0,0.5051,TRAINING
32,2018,0.0,0.0,1.0,1.0,1.0,1.0,,0.0,0,1,0,1,0,0,0,0,1,0,0.5051,TRAINING
36,2012,4675.0,0.5,0.5,0.6666666666666666,0.7142857142857143,0.6666666666666666,0.0,,0,1,0,0,0,0,0,1,1,0,0.642,TESTING
36,2014,0.0,0.6666666666666666,0.8,0.3333333333333333,0.4,0.25,0.0,4675.0,0,1,0,0,0,0,0,1,1,0,0.642,TESTING
36,2016,0.0,0.6,0.2857142857142857,0.2222222222222222,0.0,0.0,2000.0,0.0,0,1,0,0,0,0,0,1,1,0,0.642,TESTING
36,2018,2000.0,1.0,1.0,1.0,1.0,1.0,,0.0,0,1,0,0,0,0,0,1,1,0,0.642,TESTING
39,2012,0.0,0.25,0.3333333333333333,0.3333333333333333,0.42857142857142855,0.6666666666666666,0.0,,1,0,0,1,0,0,0,0,1,0,0.1184,TRAINING
39,2014,0.0,0.3333333333333333,0.6,0.0,0.2,0.0,0.0,0.0,1,0,0,1,0,0,0,0,1,0,0.1184,TRAINING
39,2016,0.0,0.8,0.2857142857142857,0.3333333333333333,0.0,0.0,0.0,0.0,1,0,0,1,0,0,0,0,1,0,0.1184,TRAINING
39,2018,0.0,0.5,0.75,1.0,1.0,1.0,,0.0,1,0,0,1,0,0,0,0,1,0,0.1184,TRAINING
40,2018,0.0,1.0,1.0,1.0,1.0,1.0,,0.0,1,0,0,0,0,0,0,1,1,0,0.4555,TRAINING
40,2016,0.0,0.8,0.14285714285714285,0.3333333333333333,0.0,0.0,0.0,0.0,1,0,0,0,0,0,0,1,1,0,0.4555,TRAINING
40,2012,0.0,0.5,0.3333333333333333,0.6666666666666666,0.5714285714285714,0.6666666666666666,0.0,,1,0,0,0,0,0,0,1,1,0,0.4555,TRAINING
40,2014,0.0,0.3333333333333333,0.8,0.3333333333333333,0.4,0.25,0.0,0.0,1,0,0,0,0,0,0,1,1,0,0.4555,TRAINING
41,2012,0.0,0.5,0.5,0.3333333333333333,0.7142857142857143,0.3333333333333333,0.0,,0,1,0,0,0,0,0,1,1,0,0.3385,TRAINING
41,2014,0.0,0.3333333333333333,1.0,0.3333333333333333,0.6,0.75,1000.0,0.0,0,1,0,0,0,0,0,1,1,0,0.3385,TRAINING
41,2016,1000.0,0.2,0.42857142857142855,0.6666666666666666,0.0,0.3333333333333333,0.0,0.0,0,1,0,0,0,0,0,1,1,0,0.3385,TRAINING
41,2018,0.0,1.0,1.0,0.6666666666666666,1.0,1.0,,1000.0,0,1,0,0,0,0,0,1,1,0,0.3385,TRAINING
42,2012,0.0,0.25,0.3333333333333333,0.3333333333333333,0.7142857142857143,0.6666666666666666,0.0,,0,1,0,0,0,0,0,1,1,0,0.6396,TESTING
42,2014,0.0,0.3333333333333333,0.8,0.3333333333333333,0.4,0.25,0.0,0.0,0,1,0,0,0,0,0,1,1,0,0.6396,TESTING
42,2016,0.0,0.8,0.2857142857142857,0.3333333333333333,0.0,0.0,0.0,0.0,0,1,0,0,0,0,0,1,1,0,0.6396,TESTING
42,2018,0.0,1.0,1.0,1.0,1.0,1.0,,0.0,0,1,0,0,0,0,0,1,1,0,0.6396,TESTING
43,2016,0.0,0.8,0.42857142857142855,0.6666666666666666,0.0,0.3333333333333333,0.0,0.0,0,1,0,0,0,0,0,1,1,0,0.8666,TESTING
43,2018,0.0,1.0,1.0,1.0,1.0,1.0,,0.0,0,1,0,0,0,0,0,1,1,0,0.8666,TESTING
43,2014,0.0,0.3333333333333333,0.8,0.3333333333333333,0.6,0.5,0.0,0.0,0,1,0,0,0,0,0,1,1,0,0.8666,TESTING
43,2012,0.0,0.25,0.5,0.3333333333333333,0.7142857142857143,0.6666666666666666,0.0,,0,1,0,0,0,0,0,1,1,0,0.8666,TESTING
44,2012,2000.0,0.25,0.3333333333333333,0.3333333333333333,0.5714285714285714,0.3333333333333333,2000.0,,0,1,0,0,0,0,0,1,1,0,0.9274,TESTING
44,2014,2000.0,0.3333333333333333,0.6,0.3333333333333333,0.2,0.25,3300.0,2000.0,0,1,0,0,0,0,0,1,1,0,0.9274,TESTING
44,2016,3300.0,0.8,0.2857142857142857,0.3333333333333333,0.0,0.0,0.0,2000.0,0,1,0,0,0,0,0,1,1,0,0.9274,TESTING
44,2018,0.0,1.0,1.0,1.0,1.0,1.0,,3300.0,0,1,0,0,0,0,0,1,1,0,0.9274,TESTING
45,2018,1177.0,1.0,1.0,1.0,1.0,1.0,,0.0,1,0,0,0,0,0,0,1,1,0,0.2558,TRAINING
45,2012,0.0,0.0,0.3333333333333333,0.0,0.5714285714285714,0.6666666666666666,0.0,,1,0,0,0,0,0,0,1,1,0,0.2558,TRAINING
45,2014,0.0,0.3333333333333333,0.8,0.3333333333333333,0.4,0.25,0.0,0.0,1,0,0,0,0,0,0,1,1,0,0.2558,TRAINING
45,2016,0.0,0.6,0.14285714285714285,0.3333333333333333,0.0,0.0,1177.0,0.0,1,0,0,0,0,0,0,1,1,0,0.2558,TRAINING
47,2018,3061.0,0.5,0.0,1.0,1.0,1.0,,0.0,0,1,0,1,0,0,0,0,1,0,0.7849,TESTING
47,2016,0.0,0.6,0.14285714285714285,0.3333333333333333,0.0,0.0,3061.0,0.0,0,1,0,1,0,0,0,0,1,0,0.7849,TESTING
47,2014,0.0,0.3333333333333333,0.8,0.3333333333333333,0.4,0.25,0.0,0.0,0,1,0,1,0,0,0,0,1,0,0.7849,TESTING
47,2012,0.0,0.0,0.3333333333333333,0.3333333333333333,0.5714285714285714,0.6666666666666666,0.0,,0,1,0,1,0,0,0,0,1,0,0.7849,TESTING
48,2018,0.0,0.5,0.75,1.0,1.0,1.0,,0.0,1,0,0,0,0,0,0,1,1,0,0.2047,TRAINING
48,2012,0.0,0.0,0.3333333333333333,0.3333333333333333,0.2857142857142857,0.6666666666666666,0.0,,1,0,0,0,0,0,0,1,1,0,0.2047,TRAINING
48,2014,0.0,0.3333333333333333,0.6,0.0,0.2,0.0,0.0,0.0,1,0,0,0,0,0,0,1,1,0,0.2047,TRAINING
48,2016,0.0,0.4,0.2857142857142857,0.3333333333333333,0.0,0.0,0.0,0.0,1,0,0,0,0,0,0,1,1,0,0.2047,TRAINING
49,2016,0.0,0.8,0.2857142857142857,0.3333333333333333,0.0,0.0,0.0,0.0,1,0,0,0,0,0,0,1,1,0,0.2747,TRAINING
49,2018,0.0,1.0,1.0,1.0,1.0,1.0,,0.0,1,0,0,0,0,0,0,1,1,0,0.2747,TRAINING
49,2012,0.0,0.5,0.5,0.6666666666666666,0.7142857142857143,0.6666666666666666,0.0,,1,0,0,0,0,0,0,1,1,0,0.2747,TRAINING
49,2014,0.0,0.3333333333333333,0.8,0.3333333333333333,0.4,0.25,0.0,0.0,1,0,0,0,0,0,0,1,1,0,0.2747,TRAINING
50,2016,0.0,0.8,0.2857142857142857,0.3333333333333333,0.0,0.0,0.0,0.0,0,1,0,0,0,0,0,1,1,0,0.9167,TESTING
50,2018,0.0,1.0,1.0,1.0,1.0,1.0,,0.0,0,1,0,0,0,0,0,1,1,0,0.9167,TESTING
50,2012,0.0,0.25,0.5,0.3333333333333333,0.5714285714285714,1.0,0.0,,0,1,0,0,0,0,0,1,1,0,0.9167,TESTING
50,2014,0.0,0.3333333333333333,0.8,0.3333333333333333,0.4,0.25,0.0,0.0,0,1,0,0,0,0,0,1,1,0,0.9167,TESTING
51,2018,0.0,1.0,1.0,1.0,1.0,1.0,,0.0,1,0,0,0,0,0,0,1,1,0,0.9998,TESTING
51,2016,0.0,0.6,0.2857142857142857,0.3333333333333333,0.25,0.3333333333333333,0.0,0.0,1,0,0,0,0,0,0,1,1,0,0.9998,TESTING
51,2014,0.0,0.3333333333333333,0.8,0.3333333333333333,0.4,0.25,0.0,0.0,1,0,0,0,0,0,0,1,1,0,0.9998,TESTING
51,2012,0.0,0.25,0.5,0.0,0.7142857142857143,0.6666666666666666,0.0,,1,0,0,0,0,0,0,1,1,0,0.9998,TESTING
54,2012,0.0,0.0,0.3333333333333333,0.3333333333333333,0.7142857142857143,0.6666666666666666,0.0,,1,0,0,0,0,0,0,1,1,0,0.0189,TRAINING
54,2014,0.0,0.3333333333333333,0.8,0.3333333333333333,0.4,0.25,0.0,0.0,1,0,0,0,0,0,0,1,1,0,0.0189,TRAINING
54,2016,0.0,0.8,0.2857142857142857,0.3333333333333333,0.0,0.0,0.0,0.0,1,0,0,0,0,0,0,1,1,0,0.0189,TRAINING
54,2018,0.0,1.0,1.0,1.0,1.0,1.0,,0.0,1,0,0,0,0,0,0,1,1,0,0.0189,TRAINING
58,2012,0.0,0.5,0.3333333333333333,0.6666666666666666,0.5714285714285714,0.6666666666666666,0.0,,0,1,0,1,0,0,0,0,1,0,0.2734,TRAINING
58,2014,0.0,0.6666666666666666,0.6,0.3333333333333333,0.4,0.5,1000.0,0.0,0,1,0,1,0,0,0,0,1,0,0.2734,TRAINING
58,2016,1000.0,1.0,0.2857142857142857,0.4444444444444444,0.0,0.3333333333333333,0.0,0.0,0,1,0,1,0,0,0,0,1,0,0.2734,TRAINING
58,2018,0.0,1.0,1.0,1.0,1.0,1.0,,1000.0,0,1,0,1,0,0,0,0,1,0,0.2734,TRAINING
62,2016,19250.0,0.8,0.2857142857142857,0.3333333333333333,0.0,0.0,2500.0,6000.0,0,1,0,0,0,0,0,1,1,0,0.3005,TRAINING
62,2018,2500.0,1.0,1.0,1.0,1.0,1.0,,19250.0,0,1,0,0,0,0,0,1,1,0,0.3005,TRAINING
62,2012,0.0,0.25,0.3333333333333333,0.3333333333333333,0.42857142857142855,0.6666666666666666,6000.0,,0,1,0,0,0,0,0,1,1,0,0.3005,TRAINING
62,2014,6000.0,0.3333333333333333,0.8,0.3333333333333333,0.4,0.25,19250.0,0.0,0,1,0,0,0,0,0,1,1,0,0.3005,TRAINING
63,2012,0.0,0.0,0.3333333333333333,0.3333333333333333,0.5714285714285714,0.6666666666666666,0.0,,1,0,0,0,1,0,0,0,1,0,0.4658,TRAINING
63,2014,0.0,0.6666666666666666,0.8,0.3333333333333333,0.4,0.25,0.0,0.0,1,0,0,0,1,0,0,0,1,0,0.4658,TRAINING
63,2016,0.0,0.6,0.2857142857142857,0.4444444444444444,0.5,0.6666666666666666,0.0,0.0,1,0,0,0,1,0,0,0,1,0,0.4658,TRAINING
63,2018,0.0,0.5,0.75,1.0,1.0,1.0,,0.0,1,0,0,0,1,0,0,0,1,0,0.4658,TRAINING
64,2012,1000.0,0.0,0.5,0.3333333333333333,0.5714285714285714,0.6666666666666666,2500.0,,0,1,0,0,0,0,0,1,1,0,0.1899,TRAINING
64,2014,2500.0,0.3333333333333333,0.8,0.3333333333333333,0.4,0.5,0.0,1000.0,0,1,0,0,0,0,0,1,1,0,0.1899,TRAINING
64,2016,0.0,0.8,0.2857142857142857,0.4444444444444444,0.0,0.0,1500.0,2500.0,0,1,0,0,0,0,0,1,1,0,0.1899,TRAINING
64,2018,1500.0,1.0,1.0,0.6666666666666666,1.0,0.6666666666666666,,0.0,0,1,0,0,0,0,0,1,1,0,0.1899,TRAINING
65,2012,1000.0,0.0,0.3333333333333333,0.3333333333333333,0.5714285714285714,0.6666666666666666,0.0,,0,1,0,0,0,0,0,1,1,0,0.7734,TESTING
65,2014,0.0,0.3333333333333333,0.8,0.3333333333333333,0.4,0.25,7500.0,1000.0,0,1,0,0,0,0,0,1,1,0,0.7734,TESTING
65,2016,7500.0,0.6,0.2857142857142857,0.3333333333333333,0.0,0.0,4500.0,0.0,0,1,0,0,0,0,0,1,1,0,0.7734,TESTING
65,2018,4500.0,1.0,1.0,1.0,1.0,1.0,,7500.0,0,1,0,0,0,0,0,1,1,0,0.7734,TESTING
66,2018,0.0,1.0,1.0,1.0,1.0,1.0,,0.0,0,1,0,0,0,0,0,1,1,0,0.1267,TRAINING
66,2016,0.0,0.8,0.2857142857142857,0.3333333333333333,0.0,0.0,0.0,0.0,0,1,0,0,0,0,0,1,1,0,0.1267,TRAINING
66,2014,0.0,0.3333333333333333,0.8,0.3333333333333333,0.4,0.25,0.0,0.0,0,1,0,0,0,0,0,1,1,0,0.1267,TRAINING
66,2012,0.0,0.25,0.3333333333333333,0.3333333333333333,0.5714285714285714,0.6666666666666666,0.0,,0,1,0,0,0,0,0,1,1,0,0.1267,TRAINING
68,2012,0.0,0.25,0.3333333333333333,0.6666666666666666,0.42857142857142855,0.6666666666666666,2600.0,,1,0,0,0,0,0,0,1,1,0,0.1528,TRAINING
68,2014,2600.0,0.3333333333333333,0.8,0.3333333333333333,0.4,0.25,2610.0,0.0,1,0,0,0,0,0,0,1,1,0,0.1528,TRAINING
68,2016,2610.0,0.6,0.14285714285714285,0.3333333333333333,0.0,0.0,1602.0,2600.0,1,0,0,0,0,0,0,1,1,0,0.1528,TRAINING
68,2018,1602.0,1.0,0.0,0.0,1.0,0.0,,2610.0,1,0,0,0,0,0,0,1,1,0,0.1528,TRAINING
69,2012,0.0,0.5,0.8333333333333334,0.3333333333333333,0.7142857142857143,0.6666666666666666,0.0,,0,1,0,0,0,0,0,1,1,0,0.3556,TRAINING
69,2014,0.0,0.6666666666666666,1.0,0.3333333333333333,0.6,1.0,0.0,0.0,0,1,0,0,0,0,0,1,1,0,0.3556,TRAINING
69,2016,0.0,0.6,0.7142857142857143,0.8888888888888888,0.25,0.6666666666666666,0.0,0.0,0,1,0,0,0,0,0,1,1,0,0.3556,TRAINING
69,2018,0.0,1.0,0.75,1.0,1.0,1.0,,0.0,0,1,0,0,0,0,0,1,1,0,0.3556,TRAINING
70,2016,0.0,0.8,0.2857142857142857,0.3333333333333333,0.0,0.0,0.0,0.0,0,1,0,0,0,0,0,1,1,0,0.389,TRAINING
70,2018,0.0,1.0,1.0,1.0,1.0,1.0,,0.0,0,1,0,0,0,0,0,1,1,0,0.389,TRAINING
70,2012,0.0,0.5,0.3333333333333333,0.6666666666666666,0.5714285714285714,0.6666666666666666,0.0,,0,1,0,0,0,0,0,1,1,0,0.389,TRAINING
70,2014,0.0,0.3333333333333333,0.8,0.3333333333333333,0.4,0.25,0.0,0.0,0,1,0,0,0,0,0,1,1,0,0.389,TRAINING
73,2012,0.0,0.0,0.5,0.3333333333333333,0.5714285714285714,0.6666666666666666,0.0,,1,0,0,0,1,0,0,0,1,0,0.8838,TESTING
73,2014,0.0,0.3333333333333333,0.8,0.3333333333333333,0.4,0.25,0.0,0.0,1,0,0,0,1,0,0,0,1,0,0.8838,TESTING
73,2016,0.0,0.6,0.2857142857142857,0.3333333333333333,0.0,0.0,0.0,0.0,1,0,0,0,1,0,0,0,1,0,0.8838,TESTING
73,2018,0.0,0.5,0.75,1.0,1.0,1.0,,0.0,1,0,0,0,1,0,0,0,1,0,0.8838,TESTING
75,2012,1000.0,0.0,0.3333333333333333,0.3333333333333333,0.7142857142857143,0.3333333333333333,1000.0,,0,1,0,1,0,0,0,0,1,0,0.5393,TRAINING
75,2014,1000.0,0.3333333333333333,0.8,0.3333333333333333,0.6,0.25,1000.0,1000.0,0,1,0,1,0,0,0,0,1,0,0.5393,TRAINING
75,2016,1000.0,0.6,0.42857142857142855,0.2222222222222222,0.0,0.0,1000.0,1000.0,0,1,0,1,0,0,0,0,1,0,0.5393,TRAINING
75,2018,1000.0,1.0,1.0,1.0,1.0,1.0,,1000.0,0,1,0,1,0,0,0,0,1,0,0.5393,TRAINING
76,2018,1000.0,1.0,1.0,1.0,1.0,1.0,,1000.0,0,1,0,0,0,0,0,1,1,0,0.8792,TESTING
76,2012,0.0,0.5,0.16666666666666666,0.3333333333333333,0.5714285714285714,0.6666666666666666,0.0,,0,1,0,0,0,0,0,1,1,0,0.8792,TESTING
76,2014,0.0,0.3333333333333333,0.8,0.3333333333333333,0.4,0.5,1000.0,0.0,0,1,0,0,0,0,0,1,1,0,0.8792,TESTING
76,2016,1000.0,0.8,0.2857142857142857,0.3333333333333333,0.0,0.0,1000.0,0.0,0,1,0,0,0,0,0,1,1,0,0.8792,TESTING
77,2018,0.0,1.0,1.0,0.6666666666666666,1.0,0.6666666666666666,,0.0,1,0,0,0,1,0,0,0,1,0,0.8433,TESTING
77,2016,0.0,0.6,0.14285714285714285,0.3333333333333333,0.0,0.0,0.0,0.0,1,0,0,0,1,0,0,0,1,0,0.8433,TESTING
77,2014,0.0,0.3333333333333333,0.8,0.3333333333333333,0.4,0.25,0.0,0.0,1,0,0,0,1,0,0,0,1,0,0.8433,TESTING
77,2012,0.0,0.0,0.3333333333333333,0.6666666666666666,0.5714285714285714,0.6666666666666666,0.0,,1,0,0,0,1,0,0,0,1,0,0.8433,TESTING
79,2012,0.0,0.0,0.3333333333333333,0.3333333333333333,0.5714285714285714,0.6666666666666666,0.0,,1,0,0,0,0,0,0,1,1,0,0.7513,TESTING
79,2014,0.0,0.3333333333333333,0.8,0.3333333333333333,0.4,0.25,0.0,0.0,1,0,0,0,0,0,0,1,1,0,0.7513,TESTING
79,2016,0.0,0.6,0.14285714285714285,0.3333333333333333,0.0,0.0,0.0,0.0,1,0,0,0,0,0,0,1,1,0,0.7513,TESTING
79,2018,0.0,1.0,1.0,1.0,1.0,1.0,,0.0,1,0,0,0,0,0,0,1,1,0,0.7513,TESTING
80,2012,10500.0,0.25,0.5,0.3333333333333333,0.5714285714285714,1.0,7500.0,,0,1,0,0,0,0,0,1,1,0,0.2612,TRAINING
80,2014,7500.0,0.3333333333333333,0.8,0.3333333333333333,0.4,0.5,5000.0,10500.0,0,1,0,0,0,0,0,1,1,0,0.2612,TRAINING
80,2016,5000.0,0.6,0.2857142857142857,0.3333333333333333,0.0,0.0,40020.0,7500.0,0,1,0,0,0,0,0,1,1,0,0.2612,TRAINING
80,2018,40020.0,1.0,1.0,1.0,1.0,1.0,,5000.0,0,1,0,0,0,0,0,1,1,0,0.2612,TRAINING
81,2016,0.0,0.8,0.42857142857142855,0.6666666666666666,0.25,0.3333333333333333,0.0,0.0,0,1,0,1,0,0,0,0,1,0,0.7041,TESTING
81,2018,0.0,1.0,1.0,1.0,1.0,1.0,,0.0,0,1,0,1,0,0,0,0,1,0,0.7041,TESTING
81,2012,0.0,0.5,0.5,0.6666666666666666,0.7142857142857143,0.6666666666666666,0.0,,0,1,0,1,0,0,0,0,1,0,0.7041,TESTING
81,2014,0.0,0.6666666666666666,0.8,0.3333333333333333,0.8,1.0,0.0,0.0,0,1,0,1,0,0,0,0,1,0,0.7041,TESTING
82,2012,0.0,0.25,0.3333333333333333,0.3333333333333333,0.5714285714285714,0.6666666666666666,0.0,,0,1,1,0,0,0,0,0,1,0,0.9555,TESTING
82,2014,0.0,0.3333333333333333,0.8,0.3333333333333333,0.4,0.25,0.0,0.0,0,1,1,0,0,0,0,0,1,0,0.9555,TESTING
82,2016,0.0,0.8,0.2857142857142857,0.3333333333333333,0.0,0.0,0.0,0.0,0,1,1,0,0,0,0,0,1,0,0.9555,TESTING
82,2018,0.0,1.0,1.0,1.0,1.0,1.0,,0.0,0,1,1,0,0,0,0,0,1,0,0.9555,TESTING
83,2012,0.0,0.0,0.3333333333333333,0.3333333333333333,0.7142857142857143,0.6666666666666666,0.0,,0,1,0,0,1,0,0,0,1,0,0.6235,TESTING
83,2014,0.0,0.3333333333333333,0.8,0.3333333333333333,0.4,0.25,0.0,0.0,0,1,0,0,1,0,0,0,1,0,0.6235,TESTING
83,2016,0.0,0.6,0.2857142857142857,0.3333333333333333,0.0,0.0,0.0,0.0,0,1,0,0,1,0,0,0,1,0,0.6235,TESTING
83,2018,0.0,0.5,0.5,1.0,1.0,1.0,,0.0,0,1,0,0,1,0,0,0,1,0,0.6235,TESTING
84,2012,0.0,0.5,0.5,0.6666666666666666,0.7142857142857143,0.6666666666666666,1050.0,,0,1,0,0,0,0,0,1,1,0,0.5486,TRAINING
84,2014,1050.0,0.3333333333333333,0.8,0.3333333333333333,0.4,0.75,1000.0,0.0,0,1,0,0,0,0,0,1,1,0,0.5486,TRAINING
84,2016,1000.0,0.8,0.42857142857142855,0.5555555555555556,0.0,0.3333333333333333,0.0,1050.0,0,1,0,0,0,0,0,1,1,0,0.5486,TRAINING
84,2018,0.0,1.0,1.0,1.0,1.0,1.0,,1000.0,0,1,0,0,0,0,0,1,1,0,0.5486,TRAINING
87,2018,0.0,1.0,1.0,1.0,1.0,1.0,,0.0,0,1,0,0,0,0,0,1,1,0,0.7099,TESTING
87,2016,0.0,0.6,0.2857142857142857,0.3333333333333333,0.0,0.0,0.0,0.0,0,1,0,0,0,0,0,1,1,0,0.7099,TESTING
87,2014,0.0,0.6666666666666666,0.8,0.3333333333333333,0.4,0.25,0.0,0.0,0,1,0,0,0,0,0,1,1,0,0.7099,TESTING
87,2012,0.0,0.0,0.16666666666666666,0.0,0.5714285714285714,0.6666666666666666,0.0,,0,1,0,0,0,0,0,1,1,0,0.7099,TESTING
88,2012,0.0,0.5,0.3333333333333333,0.3333333333333333,0.5714285714285714,0.6666666666666666,0.0,,0,1,0,1,0,0,0,0,1,0,0.967,TESTING
88,2014,0.0,0.3333333333333333,0.6,0.0,0.2,0.0,0.0,0.0,0,1,0,1,0,0,0,0,1,0,0.967,TESTING
88,2016,0.0,0.6,0.42857142857142855,0.2222222222222222,0.25,0.0,0.0,0.0,0,1,0,1,0,0,0,0,1,0,0.967,TESTING
88,2018,0.0,1.0,1.0,1.0,1.0,1.0,,0.0,0,1,0,1,0,0,0,0,1,0,0.967,TESTING
89,2012,0.0,0.5,0.5,0.0,0.7142857142857143,0.6666666666666666,0.0,,0,1,0,0,0,0,0,1,1,0,0.0775,TRAINING
89,2014,0.0,0.3333333333333333,0.8,0.3333333333333333,0.4,0.25,0.0,0.0,0,1,0,0,0,0,0,1,1,0,0.0775,TRAINING
89,2016,0.0,0.6,0.2857142857142857,0.4444444444444444,0.0,0.0,0.0,0.0,0,1,0,0,0,0,0,1,1,0,0.0775,TRAINING
89,2018,0.0,1.0,1.0,1.0,1.0,1.0,,0.0,0,1,0,0,0,0,0,1,1,0,0.0775,TRAINING
92,2016,0.0,0.6,0.2857142857142857,0.3333333333333333,0.0,0.0,0.0,0.0,1,0,0,0,1,0,0,0,1,0,0.8226,TESTING
92,2018,0.0,1.0,1.0,0.6666666666666666,1.0,0.6666666666666666,,0.0,1,0,0,0,1,0,0,0,1,0,0.8226,TESTING
92,2012,0.0,0.0,0.16666666666666666,0.3333333333333333,0.7142857142857143,0.6666666666666666,0.0,,1,0,0,0,1,0,0,0,1,0,0.8226,TESTING
92,2014,0.0,0.3333333333333333,0.8,0.3333333333333333,0.4,0.25,0.0,0.0,1,0,0,0,1,0,0,0,1,0,0.8226,TESTING
93,2012,0.0,0.25,0.3333333333333333,0.3333333333333333,0.7142857142857143,0.6666666666666666,0.0,,0,1,0,0,0,0,0,1,1,0,0.3152,TRAINING
93,2014,0.0,0.3333333333333333,0.8,0.3333333333333333,0.4,0.25,0.0,0.0,0,1,0,0,0,0,0,1,1,0,0.3152,TRAINING
93,2016,0.0,0.6,0.14285714285714285,0.3333333333333333,0.0,0.0,0.0,0.0,0,1,0,0,0,0,0,1,1,0,0.3152,TRAINING
93,2018,0.0,1.0,1.0,1.0,1.0,1.0,,0.0,0,1,0,0,0,0,0,1,1,0,0.3152,TRAINING
94,2012,0.0,0.0,0.3333333333333333,0.3333333333333333,0.5714285714285714,0.6666666666666666,0.0,,1,0,0,1,0,0,0,0,1,0,0.1585,TRAINING
94,2014,0.0,0.3333333333333333,0.0,0.0,0.0,0.0,0.0,0.0,1,0,0,1,0,0,0,0,1,0,0.1585,TRAINING
94,2016,0.0,0.8,0.2857142857142857,0.3333333333333333,0.0,0.0,2000.0,0.0,1,0,0,1,0,0,0,0,1,0,0.1585,TRAINING
94,2018,2000.0,1.0,1.0,1.0,1.0,1.0,,0.0,1,0,0,1,0,0,0,0,1,0,0.1585,TRAINING
98,2018,0.0,1.0,1.0,1.0,1.0,1.0,,0.0,0,1,0,0,0,0,0,1,1,0,0.3943,TRAINING
98,2012,0.0,0.75,0.5,0.3333333333333333,0.7142857142857143,0.3333333333333333,0.0,,0,1,0,0,0,0,0,1,1,0,0.3943,TRAINING
98,2014,0.0,0.6666666666666666,0.0,0.3333333333333333,0.0,1.0,0.0,0.0,0,1,0,0,0,0,0,1,1,0,0.3943,TRAINING
98,2016,0.0,0.8,0.2857142857142857,0.8888888888888888,0.25,0.3333333333333333,0.0,0.0,0,1,0,0,0,0,0,1,1,0,0.3943,TRAINING
99,2014,0.0,0.3333333333333333,0.6,0.3333333333333333,0.2,0.25,6000.0,2500.0,1,0,0,0,0,0,0,1,1,0,0.7555,TESTING
99,2016,6000.0,0.8,0.2857142857142857,0.3333333333333333,0.0,0.0,3515.0,0.0,1,0,0,0,0,0,0,1,1,0,0.7555,TESTING
99,2012,2500.0,0.5,0.3333333333333333,0.6666666666666666,0.2857142857142857,0.6666666666666666,0.0,,1,0,0,0,0,0,0,1,1,0,0.7555,TESTING
99,2018,3515.0,1.0,1.0,1.0,1.0,1.0,,6000.0,1,0,0,0,0,0,0,1,1,0,0.7555,TESTING
103,2018,0.0,1.0,1.0,1.0,1.0,1.0,,0.0,0,1,0,0,0,0,0,1,1,0,0.3073,TRAINING
103,2016,0.0,0.8,0.14285714285714285,0.4444444444444444,0.0,0.0,0.0,0.0,0,1,0,0,0,0,0,1,1,0,0.3073,TRAINING
103,2012,0.0,0.25,0.5,0.3333333333333333,0.7142857142857143,0.3333333333333333,0.0,,0,1,0,0,0,0,0,1,1,0,0.3073,TRAINING
103,2014,0.0,0.3333333333333333,0.8,0.3333333333333333,0.4,0.25,0.0,0.0,0,1,0,0,0,0,0,1,1,0,0.3073,TRAINING
105,2012,0.0,0.0,0.3333333333333333,0.0,0.5714285714285714,0.6666666666666666,0.0,,0,1,0,1,0,0,0,0,1,0,0.1021,TRAINING
105,2014,0.0,0.3333333333333333,0.8,0.3333333333333333,0.4,0.5,0.0,0.0,0,1,0,1,0,0,0,0,1,0,0.1021,TRAINING
105,2016,0.0,0.8,0.14285714285714285,0.3333333333333333,0.0,0.0,0.0,0.0,0,1,0,1,0,0,0,0,1,0,0.1021,TRAINING
105,2018,0.0,1.0,1.0,1.0,1.0,1.0,,0.0,0,1,0,1,0,0,0,0,1,0,0.1021,TRAINING
106,2012,0.0,0.75,0.5,0.6666666666666666,0.7142857142857143,0.6666666666666666,0.0,,0,1,0,0,1,0,0,0,1,0,0.3843,TRAINING
106,2014,0.0,0.6666666666666666,0.6,0.3333333333333333,0.6,0.75,0.0,0.0,0,1,0,0,1,0,0,0,1,0,0.3843,TRAINING
106,2016,0.0,0.8,0.42857142857142855,0.7777777777777778,0.25,0.3333333333333333,0.0,0.0,0,1,0,0,1,0,0,0,1,0,0.3843,TRAINING
106,2018,0.0,1.0,1.0,1.0,1.0,1.0,,0.0,0,1,0,0,1,0,0,0,1,0,0.3843,TRAINING
107,2018,0.0,1.0,1.0,1.0,1.0,1.0,,0.0,1,0,0,1,0,0,0,0,1,0,0.7989,TESTING
107,2012,0.0,0.0,0.3333333333333333,0.3333333333333333,0.5714285714285714,0.6666666666666666,0.0,,1,0,0,1,0,0,0,0,1,0,0.7989,TESTING
107,2014,0.0,0.3333333333333333,0.8,0.3333333333333333,0.4,0.25,0.0,0.0,1,0,0,1,0,0,0,0,1,0,0.7989,TESTING
107,2016,0.0,0.4,0.2857142857142857,0.3333333333333333,0.0,0.0,0.0,0.0,1,0,0,1,0,0,0,0,1,0,0.7989,TESTING
108,2018,0.0,1.0,1.0,1.0,1.0,1.0,,0.0,1,0,1,0,0,0,0,0,1,0,0.9692,TESTING
108,2016,0.0,0.6,0.2857142857142857,0.3333333333333333,0.0,0.0,0.0,2500.0,1,0,1,0,0,0,0,0,1,0,0.9692,TESTING
108,2012,0.0,0.25,0.5,0.3333333333333333,0.7142857142857143,0.6666666666666666,2500.0,,1,0,1,0,0,0,0,0,1,0,0.9692,TESTING
108,2014,2500.0,0.3333333333333333,0.8,0.3333333333333333,0.4,0.25,0.0,0.0,1,0,1,0,0,0,0,0,1,0,0.9692,TESTING
110,2012,0.0,0.0,0.5,0.0,0.7142857142857143,0.3333333333333333,0.0,,0,1,0,0,1,0,0,0,1,0,0.6873,TESTING
110,2014,0.0,0.3333333333333333,0.8,0.6666666666666666,0.6,0.75,0.0,0.0,0,1,0,0,1,0,0,0,1,0,0.6873,TESTING
110,2016,0.0,0.8,0.2857142857142857,0.3333333333333333,0.0,0.0,0.0,0.0,0,1,0,0,1,0,0,0,1,0,0.6873,TESTING
110,2018,0.0,1.0,1.0,1.0,1.0,1.0,,0.0,0,1,0,0,1,0,0,0,1,0,0.6873,TESTING
111,2018,0.0,1.0,1.0,0.6666666666666666,1.0,0.6666666666666666,,0.0,0,1,0,0,0,0,0,1,1,0,0.5675,TESTING
111,2012,0.0,0.25,0.5,0.0,0.7142857142857143,0.6666666666666666,0.0,,0,1,0,0,0,0,0,1,1,0,0.5675,TESTING
111,2014,0.0,0.3333333333333333,0.8,0.3333333333333333,0.4,0.25,0.0,0.0,0,1,0,0,0,0,0,1,1,0,0.5675,TESTING
111,2016,0.0,0.6,0.2857142857142857,0.3333333333333333,0.0,0.0,0.0,0.0,0,1,0,0,0,0,0,1,1,0,0.5675,TESTING
112,2018,0.0,1.0,1.0,1.0,1.0,1.0,,0.0,0,1,0,0,0,0,0,1,1,0,0.0161,TRAINING
112,2016,0.0,0.8,0.2857142857142857,0.4444444444444444,0.0,0.0,0.0,0.0,0,1,0,0,0,0,0,1,1,0,0.0161,TRAINING
112,2012,0.0,0.75,0.5,0.6666666666666666,0.7142857142857143,0.3333333333333333,0.0,,0,1,0,0,0,0,0,1,1,0,0.0161,TRAINING
112,2014,0.0,0.0,0.8,0.3333333333333333,0.4,0.5,0.0,0.0,0,1,0,0,0,0,0,1,1,0,0.0161,TRAINING
113,2018,0.0,1.0,1.0,1.0,1.0,1.0,,0.0,0,1,0,0,0,0,0,1,1,0,0.4297,TRAINING
113,2016,0.0,0.8,0.2857142857142857,0.3333333333333333,0.0,0.0,0.0,0.0,0,1,0,0,0,0,0,1,1,0,0.4297,TRAINING
113,2012,0.0,0.0,0.5,0.3333333333333333,0.5714285714285714,0.3333333333333333,0.0,,0,1,0,0,0,0,0,1,1,0,0.4297,TRAINING
113,2014,0.0,0.3333333333333333,0.8,0.3333333333333333,0.4,0.5,0.0,0.0,0,1,0,0,0,0,0,1,1,0,0.4297,TRAINING
114,2012,0.0,0.5,0.3333333333333333,0.3333333333333333,0.5714285714285714,0.6666666666666666,3500.0,,1,0,0,0,0,0,0,1,1,0,0.0995,TRAINING
114,2014,3500.0,0.3333333333333333,0.8,0.3333333333333333,0.4,0.25,0.0,0.0,1,0,0,0,0,0,0,1,1,0,0.0995,TRAINING
114,2016,0.0,0.8,0.2857142857142857,0.3333333333333333,0.0,0.0,0.0,3500.0,1,0,0,0,0,0,0,1,1,0,0.0995,TRAINING
114,2018,0.0,1.0,1.0,1.0,1.0,1.0,,0.0,1,0,0,0,0,0,0,1,1,0,0.0995,TRAINING
117,2012,0.0,0.5,0.5,0.3333333333333333,0.7142857142857143,0.6666666666666666,0.0,,0,1,0,0,0,0,0,1,1,0,0.7629,TESTING
117,2014,0.0,0.3333333333333333,0.8,0.3333333333333333,0.6,0.75,0.0,0.0,0,1,0,0,0,0,0,1,1,0,0.7629,TESTING
117,2016,0.0,0.8,0.2857142857142857,0.5555555555555556,0.0,0.3333333333333333,5.0,0.0,0,1,0,0,0,0,0,1,1,0,0.7629,TESTING
117,2018,5.0,1.0,1.0,1.0,1.0,1.0,,0.0,0,1,0,0,0,0,0,1,1,0,0.7629,TESTING
118,2016,1000.0,0.6,0.2857142857142857,0.3333333333333333,0.0,0.0,0.0,0.0,0,1,0,0,0,0,0,1,1,0,0.9467,TESTING
118,2018,0.0,1.0,1.0,1.0,1.0,1.0,,1000.0,0,1,0,0,0,0,0,1,1,0,0.9467,TESTING
118,2014,0.0,0.3333333333333333,0.8,0.3333333333333333,0.6,0.25,1000.0,0.0,0,1,0,0,0,0,0,1,1,0,0.9467,TESTING
118,2012,0.0,0.25,0.16666666666666666,0.3333333333333333,0.7142857142857143,0.6666666666666666,0.0,,0,1,0,0,0,0,0,1,1,0,0.9467,TESTING
119,2012,0.0,0.0,0.3333333333333333,0.3333333333333333,0.42857142857142855,0.6666666666666666,0.0,,0,1,0,0,0,0,0,1,1,0,0.1016,TRAINING
119,2014,0.0,0.3333333333333333,0.8,0.3333333333333333,0.4,0.25,0.0,0.0,0,1,0,0,0,0,0,1,1,0,0.1016,TRAINING
119,2016,0.0,0.8,0.2857142857142857,0.3333333333333333,0.0,0.0,0.0,0.0,0,1,0,0,0,0,0,1,1,0,0.1016,TRAINING
119,2018,0.0,1.0,1.0,1.0,1.0,1.0,,0.0,0,1,0,0,0,0,0,1,1,0,0.1016,TRAINING
123,2012,0.0,0.0,0.16666666666666666,0.3333333333333333,0.5714285714285714,0.6666666666666666,0.0,,1,0,0,1,0,0,0,0,1,0,0.7869,TESTING
123,2014,0.0,0.3333333333333333,0.8,0.3333333333333333,0.4,0.25,2000.0,0.0,1,0,0,1,0,0,0,0,1,0,0.7869,TESTING
123,2016,2000.0,0.6,0.2857142857142857,0.2222222222222222,0.0,0.0,3500.0,0.0,1,0,0,1,0,0,0,0,1,0,0.7869,TESTING
123,2018,3500.0,1.0,1.0,1.0,1.0,1.0,,2000.0,1,0,0,1,0,0,0,0,1,0,0.7869,TESTING
124,2018,0.0,1.0,1.0,1.0,1.0,1.0,,0.0,0,1,0,0,0,0,0,1,1,0,0.6439,TESTING
124,2016,0.0,0.6,0.2857142857142857,0.4444444444444444,0.0,0.0,0.0,0.0,0,1,0,0,0,0,0,1,1,0,0.6439,TESTING
124,2014,0.0,0.3333333333333333,0.8,0.3333333333333333,0.4,0.25,0.0,0.0,0,1,0,0,0,0,0,1,1,0,0.6439,TESTING
124,2012,0.0,0.25,0.16666666666666666,0.3333333333333333,0.5714285714285714,0.6666666666666666,0.0,,0,1,0,0,0,0,0,1,1,0,0.6439,TESTING
125,2018,0.0,1.0,1.0,1.0,1.0,1.0,,0.0,0,1,0,0,0,0,0,1,1,0,0.7892,TESTING
125,2016,0.0,0.8,0.2857142857142857,0.3333333333333333,0.0,0.0,0.0,0.0,0,1,0,0,0,0,0,1,1,0,0.7892,TESTING
125,2012,0.0,0.25,0.16666666666666666,0.3333333333333333,0.5714285714285714,0.6666666666666666,0.0,,0,1,0,0,0,0,0,1,1,0,0.7892,TESTING
125,2014,0.0,0.3333333333333333,0.6,0.0,0.2,0.0,0.0,0.0,0,1,0,0,0,0,0,1,1,0,0.7892,TESTING
127,2012,0.0,0.5,0.6666666666666666,0.6666666666666666,0.7142857142857143,0.6666666666666666,0.0,,0,1,0,0,0,0,0,1,1,0,0.6863,TESTING
127,2014,0.0,0.3333333333333333,0.8,0.3333333333333333,0.6,0.5,0.0,0.0,0,1,0,0,0,0,0,1,1,0,0.6863,TESTING
127,2016,0.0,0.8,0.42857142857142855,0.6666666666666666,0.0,0.3333333333333333,0.0,0.0,0,1,0,0,0,0,0,1,1,0,0.6863,TESTING
127,2018,0.0,1.0,1.0,1.0,1.0,1.0,,0.0,0,1,0,0,0,0,0,1,1,0,0.6863,TESTING
128,2012,0.0,0.25,0.3333333333333333,0.3333333333333333,0.5714285714285714,0.6666666666666666,0.0,,0,1,0,1,0,0,0,0,1,0,0.7916,TESTING
128,2014,0.0,0.3333333333333333,0.8,0.3333333333333333,0.4,0.25,0.0,0.0,0,1,0,1,0,0,0,0,1,0,0.7916,TESTING
128,2016,0.0,0.8,0.42857142857142855,0.4444444444444444,0.0,0.0,0.0,0.0,0,1,0,1,0,0,0,0,1,0,0.7916,TESTING
128,2018,0.0,1.0,1.0,1.0,1.0,1.0,,0.0,0,1,0,1,0,0,0,0,1,0,0.7916,TESTING
129,2016,0.0,0.4,0.2857142857142857,0.4444444444444444,0.0,0.3333333333333333,650.0,0.0,1,0,0,0,0,0,0,1,1,0,0.8529,TESTING
129,2018,650.0,1.0,1.0,1.0,1.0,1.0,,0.0,1,0,0,0,0,0,0,1,1,0,0.8529,TESTING
129,2014,0.0,0.3333333333333333,0.8,0.3333333333333333,0.4,0.25,0.0,250.0,1,0,0,0,0,0,0,1,1,0,0.8529,TESTING
129,2012,250.0,0.0,0.3333333333333333,0.0,0.7142857142857143,0.6666666666666666,0.0,,1,0,0,0,0,0,0,1,1,0,0.8529,TESTING
138,2012,0.0,0.0,0.3333333333333333,0.0,0.5714285714285714,0.6666666666666666,0.0,,1,0,0,0,0,0,0,1,1,0,0.0878,TRAINING
138,2014,0.0,0.3333333333333333,0.8,0.3333333333333333,0.4,0.5,0.0,0.0,1,0,0,0,0,0,0,1,1,0,0.0878,TRAINING
138,2016,0.0,0.6,0.2857142857142857,0.3333333333333333,0.0,0.0,0.0,0.0,1,0,0,0,0,0,0,1,1,0,0.0878,TRAINING
138,2018,0.0,1.0,1.0,1.0,1.0,1.0,,0.0,1,0,0,0,0,0,0,1,1,0,0.0878,TRAINING
140,2012,0.0,0.5,0.5,0.3333333333333333,0.7142857142857143,0.6666666666666666,0.0,,0,1,0,0,0,0,0,1,1,0,0.9268,TESTING
140,2014,0.0,0.3333333333333333,0.6,0.0,0.6,0.5,0.0,0.0,0,1,0,0,0,0,0,1,1,0,0.9268,TESTING
140,2016,0.0,0.8,0.42857142857142855,0.6666666666666666,0.0,0.3333333333333333,0.0,0.0,0,1,0,0,0,0,0,1,1,0,0.9268,TESTING
140,2018,0.0,0.5,0.5,1.0,1.0,1.0,,0.0,0,1,0,0,0,0,0,1,1,0,0.9268,TESTING
141,2018,0.0,1.0,1.0,1.0,1.0,1.0,,0.0,1,0,0,0,0,0,0,1,1,0,0.4887,TRAINING
141,2016,0.0,0.6,0.42857142857142855,0.3333333333333333,0.0,0.0,0.0,0.0,1,0,0,0,0,0,0,1,1,0,0.4887,TRAINING
141,2014,0.0,0.3333333333333333,0.8,0.3333333333333333,0.4,0.5,0.0,0.0,1,0,0,0,0,0,0,1,1,0,0.4887,TRAINING
141,2012,0.0,0.25,0.5,0.3333333333333333,0.5714285714285714,0.6666666666666666,0.0,,1,0,0,0,0,0,0,1,1,0,0.4887,TRAINING
142,2012,0.0,0.25,0.3333333333333333,0.3333333333333333,0.5714285714285714,0.6666666666666666,0.0,,0,1,0,0,0,0,0,1,1,0,0.4859,TRAINING
142,2014,0.0,0.3333333333333333,0.8,0.3333333333333333,0.4,0.25,0.0,0.0,0,1,0,0,0,0,0,1,1,0,0.4859,TRAINING
142,2016,0.0,0.8,0.2857142857142857,0.3333333333333333,0.0,0.0,0.0,0.0,0,1,0,0,0,0,0,1,1,0,0.4859,TRAINING
142,2018,0.0,1.0,1.0,1.0,1.0,1.0,,0.0,0,1,0,0,0,0,0,1,1,0,0.4859,TRAINING
143,2012,0.0,0.25,0.3333333333333333,0.3333333333333333,0.5714285714285714,0.6666666666666666,0.0,,1,0,0,1,0,0,0,0,1,0,0.6331,TESTING
143,2014,0.0,0.3333333333333333,0.8,0.3333333333333333,0.4,0.25,0.0,0.0,1,0,0,1,0,0,0,0,1,0,0.6331,TESTING
143,2016,0.0,0.8,0.2857142857142857,0.4444444444444444,0.0,0.3333333333333333,0.0,0.0,1,0,0,1,0,0,0,0,1,0,0.6331,TESTING
143,2018,0.0,1.0,1.0,1.0,1.0,1.0,,0.0,1,0,0,1,0,0,0,0,1,0,0.6331,TESTING
145,2018,1000.0,1.0,1.0,1.0,1.0,1.0,,2000.0,1,0,1,0,0,0,0,0,1,0,0.8571,TESTING
145,2016,2000.0,0.6,0.2857142857142857,0.3333333333333333,0.0,0.0,1000.0,3000.0,1,0,1,0,0,0,0,0,1,0,0.8571,TESTING
145,2014,3000.0,0.3333333333333333,0.8,0.3333333333333333,0.4,0.25,2000.0,2000.0,1,0,1,0,0,0,0,0,1,0,0.8571,TESTING
145,2012,2000.0,0.25,0.3333333333333333,0.3333333333333333,0.2857142857142857,0.6666666666666666,3000.0,,1,0,1,0,0,0,0,0,1,0,0.8571,TESTING
146,2012,2000.0,0.75,0.5,0.6666666666666666,0.5714285714285714,0.6666666666666666,2000.0,,0,1,0,0,1,0,0,0,1,0,0.8684,TESTING
146,2014,2000.0,0.3333333333333333,0.8,0.3333333333333333,0.6,0.5,0.0,2000.0,0,1,0,0,1,0,0,0,1,0,0.8684,TESTING
146,2016,0.0,0.8,0.2857142857142857,0.3333333333333333,0.0,0.0,5400.0,2000.0,0,1,0,0,1,0,0,0,1,0,0.8684,TESTING
146,2018,5400.0,1.0,1.0,1.0,1.0,0.6666666666666666,,0.0,0,1,0,0,1,0,0,0,1,0,0.8684,TESTING
149,2012,0.0,0.75,0.5,0.6666666666666666,0.7142857142857143,0.6666666666666666,0.0,,1,0,0,1,0,0,0,0,1,0,0.7208,TESTING
149,2014,0.0,0.3333333333333333,0.8,0.3333333333333333,0.6,0.75,0.0,0.0,1,0,0,1,0,0,0,0,1,0,0.7208,TESTING
149,2016,0.0,0.8,0.42857142857142855,0.5555555555555556,0.0,0.3333333333333333,0.0,0.0,1,0,0,1,0,0,0,0,1,0,0.7208,TESTING
149,2018,0.0,1.0,1.0,1.0,1.0,1.0,,0.0,1,0,0,1,0,0,0,0,1,0,0.7208,TESTING
150,2016,2000.0,0.6,0.2857142857142857,0.3333333333333333,0.0,0.0,500.0,6050.0,1,0,0,1,0,0,0,0,1,0,0.5276,TRAINING
150,2018,500.0,1.0,1.0,1.0,1.0,0.6666666666666666,,2000.0,1,0,0,1,0,0,0,0,1,0,0.5276,TRAINING
150,2012,0.0,0.0,0.3333333333333333,0.3333333333333333,0.5714285714285714,0.3333333333333333,6050.0,,1,0,0,1,0,0,0,0,1,0,0.5276,TRAINING
150,2014,6050.0,0.3333333333333333,0.8,0.3333333333333333,0.4,0.25,2000.0,0.0,1,0,0,1,0,0,0,0,1,0,0.5276,TRAINING
152,2016,0.0,0.8,0.2857142857142857,0.3333333333333333,0.0,0.0,0.0,0.0,1,0,0,1,0,0,0,0,1,0,0.2062,TRAINING
152,2018,0.0,0.5,0.75,0.6666666666666666,1.0,0.6666666666666666,,0.0,1,0,0,1,0,0,0,0,1,0,0.2062,TRAINING
152,2012,0.0,0.25,0.5,0.3333333333333333,0.7142857142857143,0.6666666666666666,0.0,,1,0,0,1,0,0,0,0,1,0,0.2062,TRAINING
152,2014,0.0,0.3333333333333333,0.8,0.3333333333333333,0.4,0.25,0.0,0.0,1,0,0,1,0,0,0,0,1,0,0.2062,TRAINING
154,2018,10000.0,1.0,1.0,1.0,1.0,1.0,,2500.0,0,1,0,1,0,0,0,0,1,0,0.0064,TRAINING
154,2016,2500.0,0.6,0.2857142857142857,0.5555555555555556,0.0,0.3333333333333333,10000.0,1000.0,0,1,0,1,0,0,0,0,1,0,0.0064,TRAINING
154,2012,0.0,0.5,0.3333333333333333,0.3333333333333333,0.5714285714285714,1.0,1000.0,,0,1,0,1,0,0,0,0,1,0,0.0064,TRAINING
154,2014,1000.0,0.3333333333333333,0.8,0.3333333333333333,0.4,0.5,2500.0,0.0,0,1,0,1,0,0,0,0,1,0,0.0064,TRAINING
155,2012,0.0,0.25,0.5,0.6666666666666666,0.7142857142857143,0.6666666666666666,0.0,,0,1,0,0,0,0,0,1,1,0,0.8006,TESTING
155,2014,0.0,0.3333333333333333,0.8,0.3333333333333333,0.4,0.5,0.0,0.0,0,1,0,0,0,0,0,1,1,0,0.8006,TESTING
155,2016,0.0,0.6,0.2857142857142857,0.4444444444444444,0.0,0.0,0.0,0.0,0,1,0,0,0,0,0,1,1,0,0.8006,TESTING
155,2018,0.0,1.0,1.0,1.0,1.0,1.0,,0.0,0,1,0,0,0,0,0,1,1,0,0.8006,TESTING
156,2012,2000.0,0.0,0.3333333333333333,0.6666666666666666,0.7142857142857143,0.6666666666666666,500.0,,0,1,0,0,0,0,0,1,1,0,0.2568,TRAINING
156,2014,500.0,0.3333333333333333,0.8,0.3333333333333333,0.4,0.25,1250.0,2000.0,0,1,0,0,0,0,0,1,1,0,0.2568,TRAINING
156,2016,1250.0,0.8,0.2857142857142857,0.3333333333333333,0.0,0.0,2550.0,500.0,0,1,0,0,0,0,0,1,1,0,0.2568,TRAINING
156,2018,2550.0,1.0,1.0,1.0,1.0,0.6666666666666666,,1250.0,0,1,0,0,0,0,0,1,1,0,0.2568,TRAINING
158,2016,0.0,0.8,0.14285714285714285,0.3333333333333333,0.0,0.0,0.0,0.0,1,0,0,0,0,0,0,1,1,0,0.5463,TRAINING
158,2018,0.0,1.0,1.0,1.0,1.0,1.0,,0.0,1,0,0,0,0,0,0,1,1,0,0.5463,TRAINING
158,2012,0.0,0.0,0.3333333333333333,0.3333333333333333,0.5714285714285714,0.6666666666666666,0.0,,1,0,0,0,0,0,0,1,1,0,0.5463,TRAINING
158,2014,0.0,0.3333333333333333,0.8,0.3333333333333333,0.4,0.25,0.0,0.0,1,0,0,0,0,0,0,1,1,0,0.5463,TRAINING
160,2012,0.0,0.25,0.6666666666666666,0.3333333333333333,0.7142857142857143,0.6666666666666666,1500.0,,1,0,0,0,0,0,0,1,1,0,0.2027,TRAINING
160,2014,1500.0,0.3333333333333333,0.8,0.3333333333333333,0.6,0.5,2500.0,0.0,1,0,0,0,0,0,0,1,1,0,0.2027,TRAINING
160,2016,2500.0,0.8,0.2857142857142857,0.4444444444444444,0.0,0.3333333333333333,0.0,1500.0,1,0,0,0,0,0,0,1,1,0,0.2027,TRAINING
160,2018,0.0,1.0,1.0,1.0,1.0,1.0,,2500.0,1,0,0,0,0,0,0,1,1,0,0.2027,TRAINING
161,2012,0.0,0.0,0.3333333333333333,0.3333333333333333,0.5714285714285714,0.6666666666666666,0.0,,0,1,0,1,0,0,0,0,1,0,0.2695,TRAINING
161,2014,0.0,0.3333333333333333,0.6,0.6666666666666666,0.4,0.25,0.0,0.0,0,1,0,1,0,0,0,0,1,0,0.2695,TRAINING
161,2016,0.0,0.6,0.42857142857142855,0.3333333333333333,0.0,0.0,0.0,0.0,0,1,0,1,0,0,0,0,1,0,0.2695,TRAINING
161,2018,0.0,1.0,1.0,0.6666666666666666,1.0,0.6666666666666666,,0.0,0,1,0,1,0,0,0,0,1,0,0.2695,TRAINING
163,2018,0.0,1.0,1.0,1.0,1.0,1.0,,0.0,0,1,0,0,0,0,0,1,1,0,0.9687,TESTING
163,2012,1500.0,0.0,0.3333333333333333,0.0,0.5714285714285714,0.6666666666666666,5200.0,,0,1,0,0,0,0,0,1,1,0,0.9687,TESTING
163,2014,5200.0,0.3333333333333333,0.8,0.3333333333333333,0.4,0.25,0.0,1500.0,0,1,0,0,0,0,0,1,1,0,0.9687,TESTING
163,2016,0.0,0.6,0.2857142857142857,0.3333333333333333,0.0,0.0,0.0,5200.0,0,1,0,0,0,0,0,1,1,0,0.9687,TESTING
164,2018,0.0,1.0,1.0,1.0,1.0,1.0,,4200.0,0,1,1,0,0,0,0,0,1,0,0.5258,TRAINING
164,2016,4200.0,0.8,0.42857142857142855,0.6666666666666666,0.0,0.3333333333333333,0.0,0.0,0,1,1,0,0,0,0,0,1,0,0.5258,TRAINING
164,2012,0.0,0.5,0.5,0.6666666666666666,0.7142857142857143,0.6666666666666666,0.0,,0,1,1,0,0,0,0,0,1,0,0.5258,TRAINING
164,2014,0.0,0.6666666666666666,0.8,0.3333333333333333,0.6,0.5,4200.0,0.0,0,1,1,0,0,0,0,0,1,0,0.5258,TRAINING
165,2012,0.0,0.0,0.5,0.0,0.7142857142857143,0.6666666666666666,1000.0,,0,1,0,0,0,0,0,1,1,0,0.5618,TESTING
165,2014,1000.0,0.3333333333333333,0.8,0.3333333333333333,0.4,0.25,0.0,0.0,0,1,0,0,0,0,0,1,1,0,0.5618,TESTING
165,2016,0.0,0.6,0.2857142857142857,0.3333333333333333,0.0,0.0,0.0,1000.0,0,1,0,0,0,0,0,1,1,0,0.5618,TESTING
165,2018,0.0,1.0,1.0,1.0,1.0,1.0,,0.0,0,1,0,0,0,0,0,1,1,0,0.5618,TESTING
166,2012,450.0,0.5,0.8333333333333334,0.6666666666666666,0.7142857142857143,0.6666666666666666,2000.0,,1,0,0,0,0,0,0,1,1,0,0.6736,TESTING
166,2014,2000.0,0.3333333333333333,0.8,0.3333333333333333,0.6,0.5,2725.0,450.0,1,0,0,0,0,0,0,1,1,0,0.6736,TESTING
166,2016,2725.0,0.8,0.2857142857142857,0.4444444444444444,0.0,0.0,5272.0,2000.0,1,0,0,0,0,0,0,1,1,0,0.6736,TESTING
166,2018,5272.0,1.0,1.0,1.0,1.0,1.0,,2725.0,1,0,0,0,0,0,0,1,1,0,0.6736,TESTING
169,2018,0.0,1.0,1.0,1.0,1.0,1.0,,800.0,0,1,0,0,1,0,0,0,1,0,0.0391,TRAINING
169,2016,800.0,0.8,0.2857142857142857,0.5555555555555556,0.0,0.0,0.0,3300.0,0,1,0,0,1,0,0,0,1,0,0.0391,TRAINING
169,2014,3300.0,0.6666666666666666,0.8,0.3333333333333333,0.6,0.25,800.0,950.0,0,1,0,0,1,0,0,0,1,0,0.0391,TRAINING
169,2012,950.0,0.5,0.6666666666666666,0.6666666666666666,0.7142857142857143,0.6666666666666666,3300.0,,0,1,0,0,1,0,0,0,1,0,0.0391,TRAINING
170,2012,2500.0,0.0,0.3333333333333333,0.3333333333333333,0.5714285714285714,0.6666666666666666,0.0,,0,1,1,0,0,0,0,0,1,0,0.5892,TESTING
170,2014,0.0,0.3333333333333333,0.6,0.0,0.2,0.0,0.0,2500.0,0,1,1,0,0,0,0,0,1,0,0.5892,TESTING
170,2016,0.0,0.6,0.2857142857142857,0.3333333333333333,0.0,0.0,0.0,0.0,0,1,1,0,0,0,0,0,1,0,0.5892,TESTING
170,2018,0.0,1.0,1.0,1.0,1.0,1.0,,0.0,0,1,1,0,0,0,0,0,1,0,0.5892,TESTING
171,2012,1000.0,0.0,0.3333333333333333,0.3333333333333333,0.42857142857142855,0.6666666666666666,0.0,,0,1,0,0,0,0,0,1,1,0,0.3561,TRAINING
171,2014,0.0,0.3333333333333333,0.8,0.3333333333333333,0.4,0.5,0.0,1000.0,0,1,0,0,0,0,0,1,1,0,0.3561,TRAINING
171,2016,0.0,0.6,0.2857142857142857,0.3333333333333333,0.0,0.0,0.0,0.0,0,1,0,0,0,0,0,1,1,0,0.3561,TRAINING
171,2018,0.0,1.0,1.0,1.0,1.0,1.0,,0.0,0,1,0,0,0,0,0,1,1,0,0.3561,TRAINING
172,2016,0.0,0.6,0.2857142857142857,0.4444444444444444,0.0,0.3333333333333333,0.0,0.0,0,1,0,0,1,0,0,0,1,0,0.6184,TESTING
172,2018,0.0,1.0,1.0,1.0,1.0,1.0,,0.0,0,1,0,0,1,0,0,0,1,0,0.6184,TESTING
172,2012,0.0,0.0,0.5,0.3333333333333333,0.7142857142857143,0.6666666666666666,0.0,,0,1,0,0,1,0,0,0,1,0,0.6184,TESTING
172,2014,0.0,0.3333333333333333,0.8,0.3333333333333333,0.4,0.5,0.0,0.0,0,1,0,0,1,0,0,0,1,0,0.6184,TESTING
173,2018,3005.0,1.0,1.0,0.6666666666666666,1.0,0.6666666666666666,,3500.0,0,1,0,0,0,0,0,1,1,0,0.3099,TRAINING
173,2016,3500.0,0.8,0.5714285714285714,0.6666666666666666,0.25,0.3333333333333333,3005.0,4600.0,0,1,0,0,0,0,0,1,1,0,0.3099,TRAINING
173,2014,4600.0,0.6666666666666666,0.8,0.3333333333333333,0.6,0.75,3500.0,0.0,0,1,0,0,0,0,0,1,1,0,0.3099,TRAINING
173,2012,0.0,0.5,0.8333333333333334,0.6666666666666666,0.7142857142857143,0.6666666666666666,4600.0,,0,1,0,0,0,0,0,1,1,0,0.3099,TRAINING
176,2012,0.0,0.25,0.3333333333333333,0.3333333333333333,0.5714285714285714,0.0,0.0,,1,0,0,0,0,0,0,1,1,0,0.6278,TESTING
176,2014,0.0,0.3333333333333333,0.8,0.3333333333333333,0.4,0.25,0.0,0.0,1,0,0,0,0,0,0,1,1,0,0.6278,TESTING
176,2016,0.0,0.0,0.0,0.0,0.0,0.0,0.0,0.0,1,0,0,0,0,0,0,1,1,0,0.6278,TESTING
176,2018,0.0,0.0,0.0,0.0,1.0,0.0,,0.0,1,0,0,0,0,0,0,1,1,0,0.6278,TESTING
178,2012,0.0,0.0,0.5,0.3333333333333333,0.5714285714285714,0.6666666666666666,500.0,,1,0,0,0,0,1,0,0,1,0,0.8392,TESTING
178,2014,500.0,0.3333333333333333,0.8,0.3333333333333333,0.4,0.25,31.0,0.0,1,0,0,0,0,1,0,0,1,0,0.8392,TESTING
178,2016,31.0,0.8,0.2857142857142857,0.3333333333333333,0.0,0.0,170.0,500.0,1,0,0,0,0,1,0,0,1,0,0.8392,TESTING
178,2018,170.0,1.0,0.5,0.6666666666666666,1.0,1.0,,31.0,1,0,0,0,0,1,0,0,1,0,0.8392,TESTING
182,2016,0.0,0.8,0.2857142857142857,0.4444444444444444,0.0,0.3333333333333333,15.0,0.0,1,0,0,0,0,0,0,1,1,0,0.3104,TRAINING
182,2018,15.0,1.0,1.0,1.0,1.0,1.0,,0.0,1,0,0,0,0,0,0,1,1,0,0.3104,TRAINING
182,2014,0.0,0.3333333333333333,0.8,0.3333333333333333,0.6,0.75,0.0,0.0,1,0,0,0,0,0,0,1,1,0,0.3104,TRAINING
182,2012,0.0,0.75,0.8333333333333334,0.6666666666666666,0.7142857142857143,0.6666666666666666,0.0,,1,0,0,0,0,0,0,1,1,0,0.3104,TRAINING
183,2012,0.0,0.0,0.3333333333333333,0.3333333333333333,0.5714285714285714,0.6666666666666666,0.0,,0,1,0,0,0,0,0,1,1,0,0.7215,TESTING
183,2014,0.0,0.3333333333333333,0.6,0.0,0.2,0.0,0.0,0.0,0,1,0,0,0,0,0,1,1,0,0.7215,TESTING
183,2016,0.0,0.6,0.42857142857142855,0.3333333333333333,0.25,0.0,0.0,0.0,0,1,0,0,0,0,0,1,1,0,0.7215,TESTING
183,2018,0.0,1.0,1.0,1.0,1.0,1.0,,0.0,0,1,0,0,0,0,0,1,1,0,0.7215,TESTING
186,2012,0.0,0.5,0.5,0.6666666666666666,0.7142857142857143,0.6666666666666666,1000.0,,1,0,0,0,0,0,0,1,1,0,0.2454,TRAINING
186,2014,1000.0,0.3333333333333333,0.8,0.3333333333333333,0.4,0.5,1000.0,0.0,1,0,0,0,0,0,0,1,1,0,0.2454,TRAINING
186,2016,1000.0,0.8,0.42857142857142855,0.5555555555555556,0.0,0.3333333333333333,25.0,1000.0,1,0,0,0,0,0,0,1,1,0,0.2454,TRAINING
186,2018,25.0,1.0,1.0,1.0,1.0,1.0,,1000.0,1,0,0,0,0,0,0,1,1,0,0.2454,TRAINING
189,2018,0.0,1.0,0.75,1.0,1.0,1.0,,0.0,1,0,1,0,0,0,0,0,1,0,0.8996,TESTING
189,2016,0.0,0.8,0.14285714285714285,0.4444444444444444,0.0,0.0,0.0,0.0,1,0,1,0,0,0,0,0,1,0,0.8996,TESTING
189,2014,0.0,0.3333333333333333,0.8,0.3333333333333333,0.4,0.25,0.0,0.0,1,0,1,0,0,0,0,0,1,0,0.8996,TESTING
189,2012,0.0,0.25,0.3333333333333333,0.3333333333333333,0.5714285714285714,0.6666666666666666,0.0,,1,0,1,0,0,0,0,0,1,0,0.8996,TESTING
190,2012,250.0,0.0,0.3333333333333333,0.3333333333333333,0.5714285714285714,0.6666666666666666,0.0,,0,1,0,1,0,0,0,0,1,0,0.2731,TRAINING
190,2014,0.0,0.3333333333333333,0.8,0.3333333333333333,0.4,0.25,250.0,250.0,0,1,0,1,0,0,0,0,1,0,0.2731,TRAINING
190,2016,250.0,0.8,0.2857142857142857,0.2222222222222222,0.0,0.0,1000.0,0.0,0,1,0,1,0,0,0,0,1,0,0.2731,TRAINING
190,2018,1000.0,1.0,1.0,0.6666666666666666,1.0,0.6666666666666666,,250.0,0,1,0,1,0,0,0,0,1,0,0.2731,TRAINING
191,2012,0.0,0.75,0.6666666666666666,0.6666666666666666,0.7142857142857143,0.6666666666666666,5200.0,,0,1,0,0,0,0,0,1,1,0,0.8154,TESTING
191,2014,5200.0,0.3333333333333333,0.8,0.3333333333333333,0.6,0.75,6400.0,0.0,0,1,0,0,0,0,0,1,1,0,0.8154,TESTING
191,2016,6400.0,0.6,0.42857142857142855,0.6666666666666666,0.0,0.3333333333333333,5435.0,5200.0,0,1,0,0,0,0,0,1,1,0,0.8154,TESTING
191,2018,5435.0,1.0,1.0,1.0,1.0,1.0,,6400.0,0,1,0,0,0,0,0,1,1,0,0.8154,TESTING
192,2018,0.0,1.0,1.0,1.0,1.0,1.0,,2700.0,1,0,0,1,0,0,0,0,1,0,0.9762,TESTING
192,2016,2700.0,0.8,0.14285714285714285,0.6666666666666666,0.0,0.0,0.0,0.0,1,0,0,1,0,0,0,0,1,0,0.9762,TESTING
192,2014,0.0,0.3333333333333333,0.8,0.3333333333333333,0.4,0.25,2700.0,1000.0,1,0,0,1,0,0,0,0,1,0,0.9762,TESTING
192,2012,1000.0,0.25,0.5,0.3333333333333333,0.5714285714285714,0.6666666666666666,0.0,,1,0,0,1,0,0,0,0,1,0,0.9762,TESTING
195,2012,500.0,0.0,0.5,0.3333333333333333,0.5714285714285714,0.6666666666666666,0.0,,0,1,0,0,1,0,0,0,1,0,0.5056,TRAINING
195,2014,0.0,0.3333333333333333,0.8,0.3333333333333333,0.6,0.25,0.0,500.0,0,1,0,0,1,0,0,0,1,0,0.5056,TRAINING
195,2016,0.0,0.6,0.2857142857142857,0.3333333333333333,0.0,0.0,0.0,0.0,0,1,0,0,1,0,0,0,1,0,0.5056,TRAINING
195,2018,0.0,1.0,1.0,1.0,1.0,1.0,,0.0,0,1,0,0,1,0,0,0,1,0,0.5056,TRAINING
197,2012,0.0,0.25,0.5,0.3333333333333333,0.7142857142857143,0.6666666666666666,0.0,,0,1,0,1,0,0,0,0,1,0,0.811,TESTING
197,2014,0.0,0.3333333333333333,0.8,0.3333333333333333,0.4,0.75,0.0,0.0,0,1,0,1,0,0,0,0,1,0,0.811,TESTING
197,2016,0.0,0.6,0.42857142857142855,0.6666666666666666,0.0,0.3333333333333333,0.0,0.0,0,1,0,1,0,0,0,0,1,0,0.811,TESTING
197,2018,0.0,1.0,1.0,1.0,1.0,1.0,,0.0,0,1,0,1,0,0,0,0,1,0,0.811,TESTING
198,2016,0.0,0.6,0.42857142857142855,0.6666666666666666,0.0,0.3333333333333333,0.0,0.0,0,1,0,0,1,0,0,0,1,0,0.384,TRAINING
198,2018,0.0,1.0,1.0,1.0,1.0,1.0,,0.0,0,1,0,0,1,0,0,0,1,0,0.384,TRAINING
198,2012,0.0,0.25,0.5,0.3333333333333333,0.7142857142857143,0.6666666666666666,0.0,,0,1,0,0,1,0,0,0,1,0,0.384,TRAINING
198,2014,0.0,0.3333333333333333,0.8,0.3333333333333333,0.4,0.5,0.0,0.0,0,1,0,0,1,0,0,0,1,0,0.384,TRAINING
199,2014,0.0,0.3333333333333333,0.8,0.3333333333333333,0.6,0.5,1000.0,0.0,0,1,0,0,0,0,0,1,1,0,0.1028,TRAINING
199,2016,1000.0,0.8,0.2857142857142857,0.5555555555555556,0.0,0.3333333333333333,500.0,0.0,0,1,0,0,0,0,0,1,1,0,0.1028,TRAINING
199,2012,0.0,0.5,0.6666666666666666,0.3333333333333333,0.7142857142857143,0.6666666666666666,0.0,,0,1,0,0,0,0,0,1,1,0,0.1028,TRAINING
199,2018,500.0,1.0,1.0,1.0,1.0,1.0,,1000.0,0,1,0,0,0,0,0,1,1,0,0.1028,TRAINING
201,2018,0.0,1.0,1.0,1.0,1.0,1.0,,0.0,0,1,0,0,0,0,0,1,1,0,0.7385,TESTING
201,2016,0.0,0.6,0.42857142857142855,0.3333333333333333,0.25,0.0,0.0,0.0,0,1,0,0,0,0,0,1,1,0,0.7385,TESTING
201,2014,0.0,0.3333333333333333,0.6,0.0,0.2,0.0,0.0,2500.0,0,1,0,0,0,0,0,1,1,0,0.7385,TESTING
201,2012,2500.0,0.0,0.3333333333333333,0.3333333333333333,0.5714285714285714,0.6666666666666666,0.0,,0,1,0,0,0,0,0,1,1,0,0.7385,TESTING
202,2012,0.0,0.25,0.3333333333333333,0.3333333333333333,0.5714285714285714,0.6666666666666666,0.0,,1,0,0,1,0,0,0,0,1,0,0.0502,TRAINING
202,2014,0.0,0.6666666666666666,0.8,0.3333333333333333,0.4,0.25,0.0,0.0,1,0,0,1,0,0,0,0,1,0,0.0502,TRAINING
202,2016,0.0,0.8,0.2857142857142857,0.3333333333333333,0.0,0.0,0.0,0.0,1,0,0,1,0,0,0,0,1,0,0.0502,TRAINING
202,2018,0.0,1.0,1.0,1.0,1.0,1.0,,0.0,1,0,0,1,0,0,0,0,1,0,0.0502,TRAINING
203,2012,0.0,1.0,1.0,1.0,0.5714285714285714,1.0,0.0,,0,1,0,0,0,0,0,1,0,1,0.691,TESTING
203,2014,0.0,0.6666666666666666,1.0,0.6666666666666666,0.8,1.0,0.0,0.0,0,1,0,0,0,0,0,1,0,1,0.691,TESTING
203,2016,0.0,0.8,0.8571428571428571,0.7777777777777778,1.0,1.0,0.0,0.0,0,1,0,0,0,0,0,1,0,1,0.691,TESTING
203,2018,0.0,0.0,0.5,0.3333333333333333,1.0,0.3333333333333333,,0.0,0,1,0,0,0,0,0,1,0,1,0.691,TESTING
207,2016,0.0,0.6,0.7142857142857143,0.8888888888888888,1.0,1.0,0.0,0.0,0,1,0,0,0,0,0,1,0,1,0.9062,TESTING
207,2018,0.0,0.0,0.25,0.3333333333333333,1.0,0.3333333333333333,,0.0,0,1,0,0,0,0,0,1,0,1,0.9062,TESTING
207,2012,0.0,1.0,0.8333333333333334,0.6666666666666666,0.7142857142857143,0.6666666666666666,0.0,,0,1,0,0,0,0,0,1,0,1,0.9062,TESTING
207,2014,0.0,0.6666666666666666,0.8,0.6666666666666666,0.8,1.0,0.0,0.0,0,1,0,0,0,0,0,1,0,1,0.9062,TESTING
210,2012,0.0,0.5,0.8333333333333334,0.6666666666666666,0.7142857142857143,0.3333333333333333,0.0,,0,1,0,0,0,0,0,1,0,1,0.6938,TESTING
210,2014,0.0,0.6666666666666666,1.0,0.6666666666666666,0.8,1.0,6000.0,0.0,0,1,0,0,0,0,0,1,0,1,0.6938,TESTING
210,2016,6000.0,0.8,0.8571428571428571,0.8888888888888888,1.0,1.0,5000.0,0.0,0,1,0,0,0,0,0,1,0,1,0.6938,TESTING
210,2018,5000.0,0.0,0.25,0.3333333333333333,1.0,0.3333333333333333,,6000.0,0,1,0,0,0,0,0,1,0,1,0.6938,TESTING
211,2012,0.0,0.5,0.8333333333333334,0.3333333333333333,0.7142857142857143,0.6666666666666666,0.0,,0,1,0,0,0,0,0,1,0,1,0.4488,TRAINING
211,2014,0.0,0.6666666666666666,0.6,0.6666666666666666,0.8,1.0,1000.0,0.0,0,1,0,0,0,0,0,1,0,1,0.4488,TRAINING
211,2016,1000.0,0.8,0.8571428571428571,0.8888888888888888,1.0,1.0,0.0,0.0,0,1,0,0,0,0,0,1,0,1,0.4488,TRAINING
211,2018,0.0,0.0,0.25,0.3333333333333333,1.0,0.3333333333333333,,1000.0,0,1,0,0,0,0,0,1,0,1,0.4488,TRAINING
212,2018,0.0,0.0,0.5,0.3333333333333333,1.0,0.3333333333333333,,0.0,0,1,0,0,0,0,0,1,0,1,0.0206,TRAINING
212,2012,0.0,0.75,0.8333333333333334,0.6666666666666666,0.7142857142857143,0.6666666666666666,0.0,,0,1,0,0,0,0,0,1,0,1,0.0206,TRAINING
212,2014,0.0,0.6666666666666666,1.0,0.6666666666666666,0.8,1.0,0.0,0.0,0,1,0,0,0,0,0,1,0,1,0.0206,TRAINING
212,2016,0.0,0.8,0.8571428571428571,0.8888888888888888,1.0,1.0,0.0,0.0,0,1,0,0,0,0,0,1,0,1,0.0206,TRAINING
216,2018,0.0,0.0,0.0,0.3333333333333333,1.0,0.3333333333333333,,0.0,0,1,0,0,0,0,0,1,0,1,0.5134,TRAINING
216,2016,0.0,0.8,0.8571428571428571,0.8888888888888888,1.0,1.0,0.0,0.0,0,1,0,0,0,0,0,1,0,1,0.5134,TRAINING
216,2012,0.0,0.75,0.8333333333333334,0.6666666666666666,0.7142857142857143,0.3333333333333333,0.0,,0,1,0,0,0,0,0,1,0,1,0.5134,TRAINING
216,2014,0.0,0.6666666666666666,0.0,0.6666666666666666,0.0,1.0,0.0,0.0,0,1,0,0,0,0,0,1,0,1,0.5134,TRAINING
217,2012,1000.0,0.75,0.8333333333333334,0.6666666666666666,0.7142857142857143,0.6666666666666666,1000.0,,0,1,0,0,0,0,0,1,0,1,0.5977,TESTING
217,2014,1000.0,0.6666666666666666,0.8,0.6666666666666666,0.8,1.0,1000.0,1000.0,0,1,0,0,0,0,0,1,0,1,0.5977,TESTING
217,2016,1000.0,0.6,0.8571428571428571,0.8888888888888888,1.0,1.0,0.0,1000.0,0,1,0,0,0,0,0,1,0,1,0.5977,TESTING
217,2018,0.0,0.0,0.5,0.3333333333333333,1.0,0.3333333333333333,,1000.0,0,1,0,0,0,0,0,1,0,1,0.5977,TESTING
219,2012,0.0,0.75,0.8333333333333334,0.6666666666666666,0.7142857142857143,0.6666666666666666,0.0,,0,1,0,0,0,0,1,0,0,1,0.7721,TESTING
219,2014,0.0,0.6666666666666666,1.0,0.6666666666666666,0.8,1.0,0.0,0.0,0,1,0,0,0,0,1,0,0,1,0.7721,TESTING
219,2016,0.0,0.8,0.8571428571428571,0.7777777777777778,1.0,1.0,0.0,0.0,0,1,0,0,0,0,1,0,0,1,0.7721,TESTING
219,2018,0.0,0.0,0.5,0.3333333333333333,1.0,0.3333333333333333,,0.0,0,1,0,0,0,0,1,0,0,1,0.7721,TESTING
222,2018,0.0,0.0,0.5,0.3333333333333333,1.0,0.3333333333333333,,0.0,0,1,0,0,1,0,0,0,0,1,0.7035,TESTING
222,2016,0.0,0.8,0.5714285714285714,0.7777777777777778,0.75,1.0,0.0,0.0,0,1,0,0,1,0,0,0,0,1,0.7035,TESTING
222,2012,0.0,0.75,0.8333333333333334,0.6666666666666666,0.7142857142857143,0.6666666666666666,0.0,,0,1,0,0,1,0,0,0,0,1,0.7035,TESTING
222,2014,0.0,1.0,1.0,0.6666666666666666,0.8,1.0,0.0,0.0,0,1,0,0,1,0,0,0,0,1,0.7035,TESTING
232,2012,0.0,0.75,0.6666666666666666,0.6666666666666666,0.5714285714285714,0.3333333333333333,0.0,,1,0,0,0,0,0,0,1,0,1,0.1484,TRAINING
232,2014,0.0,0.6666666666666666,0.8,0.6666666666666666,1.0,0.75,0.0,0.0,1,0,0,0,0,0,0,1,0,1,0.1484,TRAINING
232,2016,0.0,0.8,0.8571428571428571,0.8888888888888888,1.0,1.0,0.0,0.0,1,0,0,0,0,0,0,1,0,1,0.1484,TRAINING
232,2018,0.0,0.0,0.5,0.3333333333333333,1.0,0.3333333333333333,,0.0,1,0,0,0,0,0,0,1,0,1,0.1484,TRAINING
233,2012,0.0,0.75,0.8333333333333334,0.3333333333333333,0.7142857142857143,1.0,0.0,,0,1,0,0,0,0,0,1,0,1,0.7858,TESTING
233,2014,0.0,0.6666666666666666,0.8,0.6666666666666666,0.8,1.0,0.0,0.0,0,1,0,0,0,0,0,1,0,1,0.7858,TESTING
233,2016,0.0,0.6,0.7142857142857143,0.8888888888888888,0.75,1.0,0.0,0.0,0,1,0,0,0,0,0,1,0,1,0.7858,TESTING
233,2018,0.0,0.0,0.5,0.3333333333333333,1.0,0.3333333333333333,,0.0,0,1,0,0,0,0,0,1,0,1,0.7858,TESTING
239,2016,0.0,0.6,0.2857142857142857,0.0,0.0,0.0,0.0,0.0,0,1,0,0,0,0,0,1,0,1,0.0863,TRAINING
239,2012,0.0,0.25,0.5,0.3333333333333333,0.42857142857142855,0.3333333333333333,0.0,,0,1,0,0,0,0,0,1,0,1,0.0863,TRAINING
239,2014,0.0,0.3333333333333333,0.2,0.0,0.0,0.5,0.0,0.0,0,1,0,0,0,0,0,1,0,1,0.0863,TRAINING
239,2018,0.0,0.0,0.0,0.0,1.0,0.0,,0.0,0,1,0,0,0,0,0,1,0,1,0.0863,TRAINING
240,2018,0.0,0.5,0.75,0.6666666666666666,1.0,0.6666666666666666,,0.0,0,1,0,0,0,0,0,1,0,1,0.279,TRAINING
240,2016,0.0,0.8,0.2857142857142857,1.0,0.75,1.0,0.0,0.0,0,1,0,0,0,0,0,1,0,1,0.279,TRAINING
240,2014,0.0,0.6666666666666666,1.0,0.6666666666666666,0.8,1.0,0.0,0.0,0,1,0,0,0,0,0,1,0,1,0.279,TRAINING
240,2012,0.0,0.75,0.8333333333333334,0.6666666666666666,0.7142857142857143,0.6666666666666666,0.0,,0,1,0,0,0,0,0,1,0,1,0.279,TRAINING
241,2012,0.0,0.5,0.8333333333333334,0.6666666666666666,0.7142857142857143,0.6666666666666666,0.0,,0,1,0,0,0,0,0,1,0,1,0.7408,TESTING
241,2014,0.0,0.3333333333333333,0.6,0.3333333333333333,0.6,0.75,0.0,0.0,0,1,0,0,0,0,0,1,0,1,0.7408,TESTING
241,2016,0.0,0.6,0.8571428571428571,0.8888888888888888,1.0,1.0,0.0,0.0,0,1,0,0,0,0,0,1,0,1,0.7408,TESTING
241,2018,0.0,0.0,0.25,0.3333333333333333,1.0,0.3333333333333333,,0.0,0,1,0,0,0,0,0,1,0,1,0.7408,TESTING
246,2012,0.0,0.75,0.8333333333333334,0.6666666666666666,0.7142857142857143,0.6666666666666666,0.0,,0,1,0,0,0,0,0,1,0,1,0.8755,TESTING
246,2014,0.0,0.6666666666666666,1.0,0.6666666666666666,0.8,1.0,0.0,0.0,0,1,0,0,0,0,0,1,0,1,0.8755,TESTING
246,2016,0.0,0.8,0.7142857142857143,0.8888888888888888,1.0,1.0,0.0,0.0,0,1,0,0,0,0,0,1,0,1,0.8755,TESTING
246,2018,0.0,0.0,0.5,0.3333333333333333,1.0,0.3333333333333333,,0.0,0,1,0,0,0,0,0,1,0,1,0.8755,TESTING
254,2012,0.0,0.75,0.8333333333333334,0.6666666666666666,0.7142857142857143,0.6666666666666666,1000.0,,0,1,0,0,0,0,0,1,0,1,0.5116,TRAINING
254,2014,1000.0,0.6666666666666666,1.0,0.6666666666666666,0.8,1.0,1000.0,0.0,0,1,0,0,0,0,0,1,0,1,0.5116,TRAINING
254,2016,1000.0,0.8,0.8571428571428571,0.8888888888888888,1.0,1.0,2601.0,1000.0,0,1,0,0,0,0,0,1,0,1,0.5116,TRAINING
254,2018,2601.0,0.0,0.5,0.3333333333333333,1.0,0.3333333333333333,,1000.0,0,1,0,0,0,0,0,1,0,1,0.5116,TRAINING
259,2018,0.0,0.5,0.5,0.3333333333333333,1.0,0.3333333333333333,,0.0,0,1,0,0,0,0,0,1,0,1,0.6019,TESTING
259,2016,0.0,0.6,0.8571428571428571,0.8888888888888888,1.0,1.0,0.0,1000.0,0,1,0,0,0,0,0,1,0,1,0.6019,TESTING
259,2012,2500.0,0.5,0.8333333333333334,0.3333333333333333,0.7142857142857143,0.6666666666666666,1000.0,,0,1,0,0,0,0,0,1,0,1,0.6019,TESTING
259,2014,1000.0,1.0,0.8,0.3333333333333333,0.6,0.75,0.0,2500.0,0,1,0,0,0,0,0,1,0,1,0.6019,TESTING
260,2012,2500.0,0.75,0.8333333333333334,0.6666666666666666,0.7142857142857143,0.6666666666666666,1000.0,,0,1,0,0,0,0,0,1,0,1,0.1757,TRAINING
260,2014,1000.0,0.0,0.0,0.0,0.0,0.0,0.0,2500.0,0,1,0,0,0,0,0,1,0,1,0.1757,TRAINING
260,2016,0.0,0.0,0.0,0.0,0.0,0.0,0.0,1000.0,0,1,0,0,0,0,0,1,0,1,0.1757,TRAINING
260,2018,0.0,0.0,0.0,0.0,1.0,0.0,,0.0,0,1,0,0,0,0,0,1,0,1,0.1757,TRAINING
266,2012,0.0,0.25,0.6666666666666666,0.3333333333333333,0.5714285714285714,0.6666666666666666,0.0,,0,1,0,0,0,0,0,1,0,1,0.7574,TESTING
266,2014,0.0,0.6666666666666666,0.6,0.6666666666666666,0.6,1.0,0.0,0.0,0,1,0,0,0,0,0,1,0,1,0.7574,TESTING
266,2016,0.0,0.4,0.7142857142857143,0.7777777777777778,0.75,0.6666666666666666,0.0,0.0,0,1,0,0,0,0,0,1,0,1,0.7574,TESTING
266,2018,0.0,0.0,0.0,0.3333333333333333,1.0,0.3333333333333333,,0.0,0,1,0,0,0,0,0,1,0,1,0.7574,TESTING
268,2018,1000.0,0.0,0.5,0.3333333333333333,1.0,0.3333333333333333,,4000.0,0,1,0,0,0,0,0,1,0,1,0.6374,TESTING
268,2016,4000.0,0.8,0.7142857142857143,0.7777777777777778,1.0,1.0,1000.0,2000.0,0,1,0,0,0,0,0,1,0,1,0.6374,TESTING
268,2014,2000.0,0.6666666666666666,1.0,0.6666666666666666,0.8,1.0,4000.0,3500.0,0,1,0,0,0,0,0,1,0,1,0.6374,TESTING
268,2012,3500.0,0.75,0.8333333333333334,0.6666666666666666,0.7142857142857143,0.6666666666666666,2000.0,,0,1,0,0,0,0,0,1,0,1,0.6374,TESTING
269,2012,0.0,0.75,0.8333333333333334,0.6666666666666666,0.7142857142857143,0.6666666666666666,0.0,,0,1,0,0,0,0,0,1,0,1,0.6892,TESTING
269,2014,0.0,0.6666666666666666,1.0,0.3333333333333333,0.8,1.0,0.0,0.0,0,1,0,0,0,0,0,1,0,1,0.6892,TESTING
269,2016,0.0,0.6,0.7142857142857143,0.6666666666666666,1.0,1.0,0.0,0.0,0,1,0,0,0,0,0,1,0,1,0.6892,TESTING
269,2018,0.0,0.0,0.5,0.6666666666666666,1.0,0.6666666666666666,,0.0,0,1,0,0,0,0,0,1,0,1,0.6892,TESTING
273,2012,0.0,0.75,0.8333333333333334,0.6666666666666666,0.7142857142857143,0.3333333333333333,0.0,,0,1,0,0,0,0,0,1,0,1,0.1678,TRAINING
273,2014,0.0,0.6666666666666666,1.0,0.6666666666666666,0.8,1.0,0.0,0.0,0,1,0,0,0,0,0,1,0,1,0.1678,TRAINING
273,2016,0.0,0.8,0.8571428571428571,0.8888888888888888,1.0,1.0,0.0,0.0,0,1,0,0,0,0,0,1,0,1,0.1678,TRAINING
273,2018,0.0,0.0,0.5,0.3333333333333333,1.0,0.3333333333333333,,0.0,0,1,0,0,0,0,0,1,0,1,0.1678,TRAINING
277,2016,1500.0,0.8,0.7142857142857143,1.0,1.0,1.0,1500.0,3500.0,0,1,0,0,0,0,0,1,0,1,0.3242,TRAINING
277,2018,1500.0,0.0,0.5,1.0,1.0,1.0,,1500.0,0,1,0,0,0,0,0,1,0,1,0.3242,TRAINING
277,2012,6500.0,0.75,0.8333333333333334,0.6666666666666666,0.7142857142857143,0.6666666666666666,3500.0,,0,1,0,0,0,0,0,1,0,1,0.3242,TRAINING
277,2014,3500.0,0.6666666666666666,1.0,0.6666666666666666,0.8,1.0,1500.0,6500.0,0,1,0,0,0,0,0,1,0,1,0.3242,TRAINING
278,2012,4000.0,0.75,0.8333333333333334,0.6666666666666666,0.7142857142857143,0.6666666666666666,3000.0,,0,1,0,0,0,0,0,1,0,1,0.4636,TRAINING
278,2014,3000.0,0.6666666666666666,1.0,0.6666666666666666,0.8,1.0,9000.0,4000.0,0,1,0,0,0,0,0,1,0,1,0.4636,TRAINING
278,2016,9000.0,0.8,0.7142857142857143,1.0,1.0,1.0,10000.0,3000.0,0,1,0,0,0,0,0,1,0,1,0.4636,TRAINING
278,2018,10000.0,0.0,0.5,1.0,1.0,1.0,,9000.0,0,1,0,0,0,0,0,1,0,1,0.4636,TRAINING
280,2012,0.0,0.75,0.8333333333333334,0.6666666666666666,0.7142857142857143,0.6666666666666666,0.0,,0,1,0,0,0,0,0,1,0,1,0.1059,TRAINING
280,2014,0.0,0.6666666666666666,0.8,0.6666666666666666,0.8,1.0,0.0,0.0,0,1,0,0,0,0,0,1,0,1,0.1059,TRAINING
280,2016,0.0,0.8,0.8571428571428571,0.7777777777777778,1.0,1.0,0.0,0.0,0,1,0,0,0,0,0,1,0,1,0.1059,TRAINING
280,2018,0.0,0.0,0.25,0.3333333333333333,1.0,0.3333333333333333,,0.0,0,1,0,0,0,0,0,1,0,1,0.1059,TRAINING
283,2018,0.0,0.0,0.5,0.3333333333333333,1.0,0.3333333333333333,,0.0,0,1,0,0,0,0,0,1,0,1,0.6668,TESTING
283,2012,0.0,0.75,0.8333333333333334,0.6666666666666666,0.7142857142857143,0.3333333333333333,0.0,,0,1,0,0,0,0,0,1,0,1,0.6668,TESTING
283,2014,0.0,0.3333333333333333,0.0,0.6666666666666666,0.0,1.0,0.0,0.0,0,1,0,0,0,0,0,1,0,1,0.6668,TESTING
283,2016,0.0,0.8,0.7142857142857143,0.8888888888888888,1.0,1.0,0.0,0.0,0,1,0,0,0,0,0,1,0,1,0.6668,TESTING
290,2016,0.0,0.8,0.8571428571428571,0.8888888888888888,1.0,1.0,0.0,0.0,0,1,0,0,0,0,0,1,0,1,0.9914,TESTING
290,2018,0.0,0.0,0.5,0.3333333333333333,1.0,0.3333333333333333,,0.0,0,1,0,0,0,0,0,1,0,1,0.9914,TESTING
290,2012,0.0,0.75,0.8333333333333334,0.6666666666666666,0.7142857142857143,0.6666666666666666,0.0,,0,1,0,0,0,0,0,1,0,1,0.9914,TESTING
290,2014,0.0,0.6666666666666666,0.8,0.3333333333333333,0.6,0.75,0.0,0.0,0,1,0,0,0,0,0,1,0,1,0.9914,TESTING
291,2012,0.0,0.75,0.8333333333333334,0.6666666666666666,0.7142857142857143,0.6666666666666666,0.0,,1,0,0,0,0,0,0,1,0,1,0.3157,TRAINING
291,2014,0.0,0.6666666666666666,0.6,0.6666666666666666,0.8,1.0,0.0,0.0,1,0,0,0,0,0,0,1,0,1,0.3157,TRAINING
291,2016,0.0,0.6,0.7142857142857143,0.8888888888888888,1.0,1.0,0.0,0.0,1,0,0,0,0,0,0,1,0,1,0.3157,TRAINING
291,2018,0.0,0.0,0.25,0.3333333333333333,1.0,0.3333333333333333,,0.0,1,0,0,0,0,0,0,1,0,1,0.3157,TRAINING
292,2012,0.0,0.75,0.8333333333333334,0.6666666666666666,0.7142857142857143,0.6666666666666666,0.0,,0,1,0,0,0,0,0,1,0,1,0.5915,TESTING
292,2014,0.0,0.6666666666666666,0.8,0.6666666666666666,0.8,1.0,0.0,0.0,0,1,0,0,0,0,0,1,0,1,0.5915,TESTING
292,2016,0.0,0.8,0.8571428571428571,0.8888888888888888,1.0,1.0,0.0,0.0,0,1,0,0,0,0,0,1,0,1,0.5915,TESTING
292,2018,0.0,0.0,0.75,0.3333333333333333,1.0,0.3333333333333333,,0.0,0,1,0,0,0,0,0,1,0,1,0.5915,TESTING
296,2016,0.0,0.2,0.7142857142857143,0.8888888888888888,1.0,1.0,0.0,0.0,0,1,0,0,0,0,0,1,0,1,0.9789,TESTING
296,2018,0.0,0.0,0.0,0.3333333333333333,1.0,0.3333333333333333,,0.0,0,1,0,0,0,0,0,1,0,1,0.9789,TESTING
296,2012,0.0,0.5,0.6666666666666666,0.3333333333333333,0.7142857142857143,0.3333333333333333,0.0,,0,1,0,0,0,0,0,1,0,1,0.9789,TESTING
296,2014,0.0,0.6666666666666666,0.4,0.3333333333333333,0.6,0.75,0.0,0.0,0,1,0,0,0,0,0,1,0,1,0.9789,TESTING
298,2012,0.0,0.75,0.8333333333333334,0.6666666666666666,0.7142857142857143,0.6666666666666666,0.0,,0,1,0,0,0,0,0,1,0,1,0.2693,TRAINING
298,2014,0.0,0.6666666666666666,0.8,0.6666666666666666,0.8,1.0,0.0,0.0,0,1,0,0,0,0,0,1,0,1,0.2693,TRAINING
298,2016,0.0,0.8,0.8571428571428571,0.8888888888888888,1.0,1.0,0.0,0.0,0,1,0,0,0,0,0,1,0,1,0.2693,TRAINING
298,2018,0.0,0.0,0.5,0.3333333333333333,1.0,0.3333333333333333,,0.0,0,1,0,0,0,0,0,1,0,1,0.2693,TRAINING
300,2012,0.0,0.5,0.8333333333333334,0.0,0.7142857142857143,0.3333333333333333,0.0,,0,1,0,0,0,0,0,1,0,1,0.3627,TRAINING
300,2014,0.0,0.6666666666666666,0.6,0.3333333333333333,0.8,1.0,0.0,0.0,0,1,0,0,0,0,0,1,0,1,0.3627,TRAINING
300,2016,0.0,0.8,0.8571428571428571,0.8888888888888888,1.0,1.0,0.0,0.0,0,1,0,0,0,0,0,1,0,1,0.3627,TRAINING
300,2018,0.0,0.0,0.25,0.3333333333333333,1.0,0.3333333333333333,,0.0,0,1,0,0,0,0,0,1,0,1,0.3627,TRAINING
306,2012,4000.0,0.75,0.8333333333333334,0.6666666666666666,0.7142857142857143,0.6666666666666666,5000.0,,0,1,0,0,0,0,0,1,0,1,0.9555,TESTING
306,2014,5000.0,0.6666666666666666,0.8,0.6666666666666666,0.8,1.0,1750.0,4000.0,0,1,0,0,0,0,0,1,0,1,0.9555,TESTING
306,2016,1750.0,0.8,0.8571428571428571,0.8888888888888888,1.0,1.0,13000.0,5000.0,0,1,0,0,0,0,0,1,0,1,0.9555,TESTING
306,2018,13000.0,0.0,0.5,0.3333333333333333,1.0,0.3333333333333333,,1750.0,0,1,0,0,0,0,0,1,0,1,0.9555,TESTING
307,2018,0.0,0.0,0.25,0.3333333333333333,1.0,0.3333333333333333,,0.0,0,1,0,0,0,0,0,1,0,1,0.545,TRAINING
307,2016,0.0,0.6,0.8571428571428571,0.8888888888888888,1.0,1.0,0.0,0.0,0,1,0,0,0,0,0,1,0,1,0.545,TRAINING
307,2014,0.0,0.6666666666666666,0.4,0.3333333333333333,0.4,0.75,0.0,0.0,0,1,0,0,0,0,0,1,0,1,0.545,TRAINING
307,2012,0.0,0.5,0.8333333333333334,0.3333333333333333,0.7142857142857143,0.6666666666666666,0.0,,0,1,0,0,0,0,0,1,0,1,0.545,TRAINING
308,2012,0.0,0.75,0.8333333333333334,0.6666666666666666,0.7142857142857143,0.3333333333333333,0.0,,0,1,0,0,0,0,0,1,0,1,0.1663,TRAINING
308,2014,0.0,0.6666666666666666,1.0,0.6666666666666666,0.8,1.0,0.0,0.0,0,1,0,0,0,0,0,1,0,1,0.1663,TRAINING
308,2016,0.0,0.6,0.8571428571428571,0.7777777777777778,1.0,0.6666666666666666,0.0,0.0,0,1,0,0,0,0,0,1,0,1,0.1663,TRAINING
308,2018,0.0,0.0,0.5,0.3333333333333333,1.0,0.3333333333333333,,0.0,0,1,0,0,0,0,0,1,0,1,0.1663,TRAINING
310,2012,0.0,0.75,0.8333333333333334,0.6666666666666666,0.7142857142857143,0.6666666666666666,0.0,,0,1,0,0,0,0,0,1,0,1,0.9721,TESTING
310,2014,0.0,0.6666666666666666,0.8,0.6666666666666666,0.8,1.0,0.0,0.0,0,1,0,0,0,0,0,1,0,1,0.9721,TESTING
310,2016,0.0,0.8,0.8571428571428571,0.8888888888888888,1.0,1.0,0.0,0.0,0,1,0,0,0,0,0,1,0,1,0.9721,TESTING
310,2018,0.0,0.0,0.5,0.3333333333333333,1.0,0.3333333333333333,,0.0,0,1,0,0,0,0,0,1,0,1,0.9721,TESTING
312,2016,0.0,0.8,0.8571428571428571,0.8888888888888888,1.0,1.0,0.0,0.0,0,1,0,0,0,0,0,1,0,1,0.5592,TESTING
312,2018,0.0,0.0,0.5,0.3333333333333333,1.0,0.3333333333333333,,0.0,0,1,0,0,0,0,0,1,0,1,0.5592,TESTING
312,2012,0.0,0.75,0.6666666666666666,0.6666666666666666,0.7142857142857143,0.6666666666666666,0.0,,0,1,0,0,0,0,0,1,0,1,0.5592,TESTING
312,2014,0.0,0.6666666666666666,0.6,0.0,0.6,0.75,0.0,0.0,0,1,0,0,0,0,0,1,0,1,0.5592,TESTING
313,2012,500.0,0.5,0.8333333333333334,0.3333333333333333,0.7142857142857143,0.6666666666666666,0.0,,0,1,0,0,0,0,0,1,0,1,0.7392,TESTING
313,2014,0.0,0.6666666666666666,0.4,0.3333333333333333,0.6,0.75,0.0,500.0,0,1,0,0,0,0,0,1,0,1,0.7392,TESTING
313,2016,0.0,0.4,0.8571428571428571,0.8888888888888888,1.0,1.0,0.0,0.0,0,1,0,0,0,0,0,1,0,1,0.7392,TESTING
313,2018,0.0,0.0,0.0,0.3333333333333333,1.0,0.3333333333333333,,0.0,0,1,0,0,0,0,0,1,0,1,0.7392,TESTING
314,2012,500.0,0.75,0.8333333333333334,0.6666666666666666,0.7142857142857143,0.6666666666666666,1000.0,,0,1,0,0,0,0,0,1,0,1,0.1306,TRAINING
314,2014,1000.0,0.6666666666666666,0.8,0.6666666666666666,0.8,1.0,0.0,500.0,0,1,0,0,0,0,0,1,0,1,0.1306,TRAINING
314,2016,0.0,1.0,0.7142857142857143,0.8888888888888888,1.0,1.0,0.0,1000.0,0,1,0,0,0,0,0,1,0,1,0.1306,TRAINING
314,2018,0.0,0.0,0.25,0.0,1.0,0.3333333333333333,,0.0,0,1,0,0,0,0,0,1,0,1,0.1306,TRAINING
318,2018,2950.0,0.0,0.5,0.3333333333333333,1.0,0.3333333333333333,,2500.0,0,1,0,0,0,0,0,1,0,1,0.6776,TESTING
318,2012,2000.0,0.75,0.8333333333333334,0.6666666666666666,0.7142857142857143,0.3333333333333333,1500.0,,0,1,0,0,0,0,0,1,0,1,0.6776,TESTING
318,2014,1500.0,0.6666666666666666,0.8,0.6666666666666666,0.8,1.0,2500.0,2000.0,0,1,0,0,0,0,0,1,0,1,0.6776,TESTING
318,2016,2500.0,0.8,0.7142857142857143,0.5555555555555556,0.75,0.6666666666666666,2950.0,1500.0,0,1,0,0,0,0,0,1,0,1,0.6776,TESTING
324,2016,3500.0,0.8,0.8571428571428571,0.8888888888888888,1.0,1.0,2000.0,2500.0,0,1,0,0,0,0,0,1,0,1,0.5864,TESTING
324,2018,2000.0,0.0,0.5,0.3333333333333333,1.0,0.3333333333333333,,3500.0,0,1,0,0,0,0,0,1,0,1,0.5864,TESTING
324,2012,2750.0,0.75,0.8333333333333334,0.6666666666666666,0.7142857142857143,0.6666666666666666,2500.0,,0,1,0,0,0,0,0,1,0,1,0.5864,TESTING
324,2014,2500.0,0.6666666666666666,0.8,0.6666666666666666,0.8,1.0,3500.0,2750.0,0,1,0,0,0,0,0,1,0,1,0.5864,TESTING
326,2012,0.0,0.75,0.8333333333333334,0.6666666666666666,0.7142857142857143,0.6666666666666666,0.0,,0,1,0,0,0,0,0,1,0,1,0.9474,TESTING
326,2014,0.0,0.6666666666666666,0.8,0.3333333333333333,0.6,0.75,0.0,0.0,0,1,0,0,0,0,0,1,0,1,0.9474,TESTING
326,2016,0.0,0.8,0.8571428571428571,0.8888888888888888,1.0,1.0,0.0,0.0,0,1,0,0,0,0,0,1,0,1,0.9474,TESTING
326,2018,0.0,0.0,0.0,0.3333333333333333,1.0,0.3333333333333333,,0.0,0,1,0,0,0,0,0,1,0,1,0.9474,TESTING
327,2012,0.0,0.0,0.8333333333333334,0.6666666666666666,0.7142857142857143,0.6666666666666666,0.0,,0,1,0,0,0,0,0,1,0,1,0.7526,TESTING
327,2014,0.0,0.0,0.8,0.3333333333333333,0.6,0.75,0.0,0.0,0,1,0,0,0,0,0,1,0,1,0.7526,TESTING
327,2016,0.0,0.0,0.8571428571428571,0.8888888888888888,1.0,1.0,0.0,0.0,0,1,0,0,0,0,0,1,0,1,0.7526,TESTING
327,2018,0.0,0.0,0.0,0.3333333333333333,1.0,0.3333333333333333,,0.0,0,1,0,0,0,0,0,1,0,1,0.7526,TESTING
330,2016,0.0,0.8,0.8571428571428571,0.7777777777777778,1.0,1.0,0.0,0.0,0,1,0,0,0,0,0,1,0,1,0.8901,TESTING
330,2018,0.0,0.0,0.5,0.3333333333333333,1.0,0.3333333333333333,,0.0,0,1,0,0,0,0,0,1,0,1,0.8901,TESTING
330,2012,0.0,0.75,0.8333333333333334,0.6666666666666666,0.7142857142857143,0.6666666666666666,0.0,,0,1,0,0,0,0,0,1,0,1,0.8901,TESTING
330,2014,0.0,0.3333333333333333,1.0,1.0,0.8,1.0,0.0,0.0,0,1,0,0,0,0,0,1,0,1,0.8901,TESTING
332,2012,0.0,0.25,0.6666666666666666,0.3333333333333333,0.5714285714285714,0.3333333333333333,0.0,,0,1,0,0,0,0,0,1,0,1,0.5575,TESTING
332,2014,0.0,0.3333333333333333,0.2,0.3333333333333333,0.4,0.75,0.0,0.0,0,1,0,0,0,0,0,1,0,1,0.5575,TESTING
332,2016,0.0,0.2,0.8571428571428571,0.7777777777777778,1.0,1.0,50.0,0.0,0,1,0,0,0,0,0,1,0,1,0.5575,TESTING
332,2018,50.0,0.0,0.0,0.3333333333333333,1.0,0.3333333333333333,,0.0,0,1,0,0,0,0,0,1,0,1,0.5575,TESTING
333,2012,500.0,0.5,0.8333333333333334,0.3333333333333333,0.7142857142857143,0.6666666666666666,0.0,,0,1,0,0,0,0,0,1,0,1,0.553,TESTING
333,2014,0.0,0.6666666666666666,0.8,0.6666666666666666,0.8,1.0,2500.0,500.0,0,1,0,0,0,0,0,1,0,1,0.553,TESTING
333,2016,2500.0,0.8,0.7142857142857143,0.8888888888888888,1.0,1.0,1000.0,0.0,0,1,0,0,0,0,0,1,0,1,0.553,TESTING
333,2018,1000.0,0.0,0.5,0.3333333333333333,1.0,0.3333333333333333,,2500.0,0,1,0,0,0,0,0,1,0,1,0.553,TESTING
335,2018,0.0,0.0,0.25,0.3333333333333333,1.0,0.3333333333333333,,0.0,0,1,0,0,0,0,0,1,0,1,0.4413,TRAINING
335,2012,1000.0,0.5,0.8333333333333334,0.3333333333333333,0.7142857142857143,0.3333333333333333,1000.0,,0,1,0,0,0,0,0,1,0,1,0.4413,TRAINING
335,2014,1000.0,0.6666666666666666,0.4,0.3333333333333333,0.6,0.75,0.0,1000.0,0,1,0,0,0,0,0,1,0,1,0.4413,TRAINING
335,2016,0.0,0.4,0.8571428571428571,0.8888888888888888,0.75,0.6666666666666666,0.0,1000.0,0,1,0,0,0,0,0,1,0,1,0.4413,TRAINING
339,2016,0.0,0.8,0.8571428571428571,0.8888888888888888,1.0,1.0,0.0,0.0,0,1,0,0,0,0,0,1,0,1,0.3748,TRAINING
339,2018,0.0,0.0,0.0,0.0,1.0,0.0,,0.0,0,1,0,0,0,0,0,1,0,1,0.3748,TRAINING
339,2012,0.0,0.75,0.8333333333333334,0.6666666666666666,0.7142857142857143,0.6666666666666666,0.0,,0,1,0,0,0,0,0,1,0,1,0.3748,TRAINING
339,2014,0.0,0.6666666666666666,1.0,0.6666666666666666,0.8,1.0,0.0,0.0,0,1,0,0,0,0,0,1,0,1,0.3748,TRAINING
340,2012,0.0,0.75,0.8333333333333334,0.6666666666666666,0.7142857142857143,0.3333333333333333,0.0,,0,1,0,0,0,0,0,1,0,1,0.0663,TRAINING
340,2014,0.0,0.6666666666666666,0.8,0.6666666666666666,0.8,1.0,500.0,0.0,0,1,0,0,0,0,0,1,0,1,0.0663,TRAINING
340,2016,500.0,0.8,0.8571428571428571,0.7777777777777778,1.0,1.0,0.0,0.0,0,1,0,0,0,0,0,1,0,1,0.0663,TRAINING
340,2018,0.0,0.0,0.0,0.3333333333333333,1.0,0.3333333333333333,,500.0,0,1,0,0,0,0,0,1,0,1,0.0663,TRAINING
342,2012,0.0,0.75,0.8333333333333334,0.6666666666666666,0.7142857142857143,0.6666666666666666,0.0,,0,1,0,0,0,0,0,1,0,1,0.1998,TRAINING
342,2014,0.0,0.6666666666666666,1.0,0.6666666666666666,0.8,1.0,0.0,0.0,0,1,0,0,0,0,0,1,0,1,0.1998,TRAINING
342,2016,0.0,0.6,0.8571428571428571,0.8888888888888888,1.0,1.0,2000.0,0.0,0,1,0,0,0,0,0,1,0,1,0.1998,TRAINING
342,2018,2000.0,0.0,0.5,0.3333333333333333,1.0,0.3333333333333333,,0.0,0,1,0,0,0,0,0,1,0,1,0.1998,TRAINING
343,2012,0.0,0.75,0.8333333333333334,0.6666666666666666,0.7142857142857143,0.3333333333333333,0.0,,1,0,0,0,0,0,0,1,0,1,0.7994,TESTING
343,2014,0.0,1.0,0.8,0.3333333333333333,0.6,0.75,0.0,0.0,1,0,0,0,0,0,0,1,0,1,0.7994,TESTING
343,2016,0.0,0.6,0.8571428571428571,0.7777777777777778,1.0,1.0,0.0,0.0,1,0,0,0,0,0,0,1,0,1,0.7994,TESTING
343,2018,0.0,0.0,0.5,0.3333333333333333,1.0,0.3333333333333333,,0.0,1,0,0,0,0,0,0,1,0,1,0.7994,TESTING
344,2018,0.0,0.0,0.25,0.3333333333333333,1.0,0.3333333333333333,,0.0,0,1,0,0,0,0,0,1,0,1,0.1495,TRAINING
344,2016,0.0,0.6,0.5714285714285714,0.6666666666666666,0.5,0.6666666666666666,0.0,0.0,0,1,0,0,0,0,0,1,0,1,0.1495,TRAINING
344,2014,0.0,0.3333333333333333,0.6,0.3333333333333333,0.6,0.75,0.0,0.0,0,1,0,0,0,0,0,1,0,1,0.1495,TRAINING
344,2012,0.0,0.5,0.8333333333333334,0.3333333333333333,0.7142857142857143,0.6666666666666666,0.0,,0,1,0,0,0,0,0,1,0,1,0.1495,TRAINING
345,2012,0.0,0.25,0.8333333333333334,0.3333333333333333,0.7142857142857143,0.3333333333333333,0.0,,0,1,0,0,0,0,0,1,0,1,0.3304,TRAINING
345,2014,0.0,0.3333333333333333,0.4,0.3333333333333333,0.6,0.75,0.0,0.0,0,1,0,0,0,0,0,1,0,1,0.3304,TRAINING
345,2016,0.0,0.4,0.7142857142857143,0.8888888888888888,0.75,1.0,0.0,0.0,0,1,0,0,0,0,0,1,0,1,0.3304,TRAINING
345,2018,0.0,0.0,0.0,0.3333333333333333,1.0,0.3333333333333333,,0.0,0,1,0,0,0,0,0,1,0,1,0.3304,TRAINING
346,2012,0.0,0.5,0.8333333333333334,0.3333333333333333,0.7142857142857143,0.6666666666666666,0.0,,0,1,0,0,0,0,0,1,0,1,0.3763,TRAINING
346,2014,0.0,0.6666666666666666,0.4,0.3333333333333333,0.6,0.75,0.0,0.0,0,1,0,0,0,0,0,1,0,1,0.3763,TRAINING
346,2016,0.0,0.4,0.8571428571428571,0.8888888888888888,1.0,1.0,0.0,0.0,0,1,0,0,0,0,0,1,0,1,0.3763,TRAINING
346,2018,0.0,0.0,0.25,0.3333333333333333,1.0,0.3333333333333333,,0.0,0,1,0,0,0,0,0,1,0,1,0.3763,TRAINING
349,2018,0.0,0.0,0.5,0.3333333333333333,1.0,0.3333333333333333,,0.0,0,1,0,0,0,0,0,1,0,1,0.5232,TRAINING
349,2012,1000.0,0.75,0.8333333333333334,0.6666666666666666,0.7142857142857143,0.6666666666666666,0.0,,0,1,0,0,0,0,0,1,0,1,0.5232,TRAINING
349,2014,0.0,0.6666666666666666,1.0,0.6666666666666666,0.8,1.0,0.0,1000.0,0,1,0,0,0,0,0,1,0,1,0.5232,TRAINING
349,2016,0.0,0.8,0.8571428571428571,0.8888888888888888,1.0,1.0,0.0,0.0,0,1,0,0,0,0,0,1,0,1,0.5232,TRAINING
351,2016,0.0,0.8,0.8571428571428571,0.8888888888888888,1.0,1.0,0.0,0.0,0,1,0,0,0,0,0,1,0,1,0.1853,TRAINING
351,2018,0.0,0.0,0.25,0.3333333333333333,1.0,0.3333333333333333,,0.0,0,1,0,0,0,0,0,1,0,1,0.1853,TRAINING
351,2012,0.0,0.75,0.8333333333333334,0.3333333333333333,0.7142857142857143,0.6666666666666666,0.0,,0,1,0,0,0,0,0,1,0,1,0.1853,TRAINING
351,2014,0.0,0.6666666666666666,0.4,0.3333333333333333,0.6,0.75,0.0,0.0,0,1,0,0,0,0,0,1,0,1,0.1853,TRAINING
355,2012,12000.0,0.5,0.8333333333333334,0.3333333333333333,0.7142857142857143,0.6666666666666666,11250.0,,0,1,0,0,0,0,0,1,0,1,0.6585,TESTING
355,2014,11250.0,0.6666666666666666,0.6,0.3333333333333333,0.6,0.75,2000.0,12000.0,0,1,0,0,0,0,0,1,0,1,0.6585,TESTING
355,2016,2000.0,0.0,0.0,0.0,0.0,0.0,1000.0,11250.0,0,1,0,0,0,0,0,1,0,1,0.6585,TESTING
355,2018,1000.0,0.0,0.0,0.0,1.0,0.0,,2000.0,0,1,0,0,0,0,0,1,0,1,0.6585,TESTING
357,2012,0.0,0.75,0.8333333333333334,0.6666666666666666,0.7142857142857143,0.6666666666666666,0.0,,0,1,0,0,0,0,0,1,0,1,0.1291,TRAINING
357,2014,0.0,0.6666666666666666,1.0,0.6666666666666666,0.6,1.0,0.0,0.0,0,1,0,0,0,0,0,1,0,1,0.1291,TRAINING
357,2016,0.0,0.8,0.8571428571428571,0.8888888888888888,1.0,1.0,0.0,0.0,0,1,0,0,0,0,0,1,0,1,0.1291,TRAINING
357,2018,0.0,0.0,0.5,0.3333333333333333,1.0,0.3333333333333333,,0.0,0,1,0,0,0,0,0,1,0,1,0.1291,TRAINING
358,2016,0.0,0.8,0.8571428571428571,0.8888888888888888,1.0,1.0,0.0,0.0,0,1,0,0,0,0,0,1,0,1,0.3581,TRAINING
358,2018,0.0,0.0,0.5,0.3333333333333333,1.0,0.3333333333333333,,0.0,0,1,0,0,0,0,0,1,0,1,0.3581,TRAINING
358,2012,0.0,0.5,0.8333333333333334,0.3333333333333333,0.7142857142857143,0.3333333333333333,0.0,,0,1,0,0,0,0,0,1,0,1,0.3581,TRAINING
358,2014,0.0,0.6666666666666666,0.6,0.6666666666666666,0.8,1.0,0.0,0.0,0,1,0,0,0,0,0,1,0,1,0.3581,TRAINING
360,2012,1000.0,0.75,0.8333333333333334,0.6666666666666666,0.7142857142857143,0.6666666666666666,1000.0,,0,1,0,0,0,0,0,1,0,1,0.7554,TESTING
360,2014,1000.0,0.6666666666666666,1.0,0.6666666666666666,0.8,1.0,0.0,1000.0,0,1,0,0,0,0,0,1,0,1,0.7554,TESTING
360,2016,0.0,0.8,0.7142857142857143,0.8888888888888888,1.0,1.0,0.0,1000.0,0,1,0,0,0,0,0,1,0,1,0.7554,TESTING
360,2018,0.0,0.0,0.5,0.6666666666666666,1.0,0.6666666666666666,,0.0,0,1,0,0,0,0,0,1,0,1,0.7554,TESTING
363,2012,0.0,0.75,0.8333333333333334,0.6666666666666666,0.7142857142857143,0.6666666666666666,0.0,,0,1,0,0,0,0,0,1,0,1,0.728,TESTING
363,2014,0.0,0.6666666666666666,1.0,0.6666666666666666,0.8,1.0,0.0,0.0,0,1,0,0,0,0,0,1,0,1,0.728,TESTING
363,2016,0.0,0.8,0.8571428571428571,0.8888888888888888,1.0,1.0,0.0,0.0,0,1,0,0,0,0,0,1,0,1,0.728,TESTING
363,2018,0.0,0.0,0.5,0.3333333333333333,1.0,0.3333333333333333,,0.0,0,1,0,0,0,0,0,1,0,1,0.728,TESTING
370,2012,0.0,0.75,0.8333333333333334,0.6666666666666666,0.7142857142857143,0.6666666666666666,0.0,,0,1,0,0,0,0,0,1,0,1,0.1636,TRAINING
370,2014,0.0,0.6666666666666666,0.6,0.6666666666666666,0.8,1.0,0.0,0.0,0,1,0,0,0,0,0,1,0,1,0.1636,TRAINING
370,2016,0.0,0.8,0.8571428571428571,0.8888888888888888,1.0,1.0,0.0,0.0,0,1,0,0,0,0,0,1,0,1,0.1636,TRAINING
370,2018,0.0,0.0,0.5,0.3333333333333333,1.0,0.3333333333333333,,0.0,0,1,0,0,0,0,0,1,0,1,0.1636,TRAINING
371,2018,0.0,0.0,0.0,0.0,1.0,0.0,,0.0,0,1,0,0,0,0,0,1,0,1,0.3696,TRAINING
371,2016,0.0,0.2,0.5714285714285714,0.6666666666666666,0.75,0.6666666666666666,0.0,0.0,0,1,0,0,0,0,0,1,0,1,0.3696,TRAINING
371,2014,0.0,0.3333333333333333,0.2,0.3333333333333333,0.4,0.5,0.0,0.0,0,1,0,0,0,0,0,1,0,1,0.3696,TRAINING
371,2012,0.0,0.25,0.5,0.3333333333333333,0.5714285714285714,0.3333333333333333,0.0,,0,1,0,0,0,0,0,1,0,1,0.3696,TRAINING
373,2012,0.0,0.5,0.8333333333333334,0.6666666666666666,0.7142857142857143,0.6666666666666666,0.0,,0,1,0,0,0,0,0,1,0,1,0.0698,TRAINING
373,2014,0.0,0.6666666666666666,1.0,0.6666666666666666,0.8,1.0,0.0,0.0,0,1,0,0,0,0,0,1,0,1,0.0698,TRAINING
373,2016,0.0,0.6,0.5714285714285714,0.8888888888888888,1.0,1.0,0.0,0.0,0,1,0,0,0,0,0,1,0,1,0.0698,TRAINING
373,2018,0.0,0.0,0.5,0.3333333333333333,1.0,0.3333333333333333,,0.0,0,1,0,0,0,0,0,1,0,1,0.0698,TRAINING
374,2012,0.0,0.5,0.8333333333333334,0.6666666666666666,0.7142857142857143,0.6666666666666666,0.0,,1,0,0,0,0,0,0,1,0,1,0.4737,TRAINING
374,2014,0.0,0.6666666666666666,1.0,0.6666666666666666,0.8,1.0,0.0,0.0,1,0,0,0,0,0,0,1,0,1,0.4737,TRAINING
374,2016,0.0,0.6,0.8571428571428571,0.8888888888888888,1.0,1.0,0.0,0.0,1,0,0,0,0,0,0,1,0,1,0.4737,TRAINING
374,2018,0.0,0.0,0.5,0.3333333333333333,1.0,0.3333333333333333,,0.0,1,0,0,0,0,0,0,1,0,1,0.4737,TRAINING
382,2016,2000.0,0.8,0.8571428571428571,0.8888888888888888,1.0,1.0,2000.0,500.0,0,1,0,0,0,0,0,1,0,1,0.0854,TRAINING
382,2018,2000.0,0.0,0.5,0.3333333333333333,1.0,0.3333333333333333,,2000.0,0,1,0,0,0,0,0,1,0,1,0.0854,TRAINING
382,2012,0.0,0.75,0.8333333333333334,0.6666666666666666,0.7142857142857143,0.6666666666666666,500.0,,0,1,0,0,0,0,0,1,0,1,0.0854,TRAINING
382,2014,500.0,0.6666666666666666,1.0,0.6666666666666666,0.8,1.0,2000.0,0.0,0,1,0,0,0,0,0,1,0,1,0.0854,TRAINING
383,2012,0.0,0.75,0.8333333333333334,0.6666666666666666,0.7142857142857143,0.6666666666666666,0.0,,0,1,0,0,0,0,0,1,0,1,0.8164,TESTING
383,2014,0.0,0.6666666666666666,1.0,0.6666666666666666,0.8,1.0,0.0,0.0,0,1,0,0,0,0,0,1,0,1,0.8164,TESTING
383,2016,0.0,0.8,0.7142857142857143,0.7777777777777778,1.0,0.6666666666666666,0.0,0.0,0,1,0,0,0,0,0,1,0,1,0.8164,TESTING
383,2018,0.0,0.5,0.5,0.3333333333333333,1.0,0.3333333333333333,,0.0,0,1,0,0,0,0,0,1,0,1,0.8164,TESTING
385,2012,0.0,0.75,0.8333333333333334,0.6666666666666666,0.7142857142857143,0.6666666666666666,0.0,,0,1,0,0,0,0,0,1,0,1,0.5855,TESTING
385,2014,0.0,0.6666666666666666,0.8,0.3333333333333333,0.6,0.75,0.0,0.0,0,1,0,0,0,0,0,1,0,1,0.5855,TESTING
385,2016,0.0,0.8,0.8571428571428571,0.8888888888888888,1.0,1.0,0.0,0.0,0,1,0,0,0,0,0,1,0,1,0.5855,TESTING
385,2018,0.0,0.0,0.5,0.3333333333333333,1.0,0.3333333333333333,,0.0,0,1,0,0,0,0,0,1,0,1,0.5855,TESTING
387,2018,2000.0,0.0,0.0,0.0,1.0,0.0,,0.0,0,1,0,0,0,0,0,1,0,1,0.7392,TESTING
387,2012,0.0,0.75,0.8333333333333334,0.6666666666666666,0.7142857142857143,0.6666666666666666,500.0,,0,1,0,0,0,0,0,1,0,1,0.7392,TESTING
387,2014,500.0,0.6666666666666666,0.8,0.3333333333333333,0.6,0.75,0.0,0.0,0,1,0,0,0,0,0,1,0,1,0.7392,TESTING
387,2016,0.0,0.6,0.8571428571428571,0.8888888888888888,1.0,1.0,2000.0,500.0,0,1,0,0,0,0,0,1,0,1,0.7392,TESTING
390,2016,1750.0,0.8,0.8571428571428571,0.7777777777777778,0.75,0.6666666666666666,1500.0,1000.0,0,1,0,0,0,0,0,1,0,1,0.6528,TESTING
390,2018,1500.0,0.0,0.0,0.0,1.0,0.0,,1750.0,0,1,0,0,0,0,0,1,0,1,0.6528,TESTING
390,2012,3000.0,0.75,0.8333333333333334,0.6666666666666666,0.7142857142857143,0.6666666666666666,1000.0,,0,1,0,0,0,0,0,1,0,1,0.6528,TESTING
390,2014,1000.0,0.6666666666666666,0.8,0.3333333333333333,0.6,0.75,1750.0,3000.0,0,1,0,0,0,0,0,1,0,1,0.6528,TESTING
392,2012,0.0,0.5,0.8333333333333334,0.3333333333333333,0.7142857142857143,0.3333333333333333,0.0,,0,1,0,0,0,0,0,1,0,1,0.5249,TRAINING
392,2014,0.0,0.6666666666666666,0.4,0.0,0.6,0.5,0.0,0.0,0,1,0,0,0,0,0,1,0,1,0.5249,TRAINING
392,2016,0.0,0.4,0.8571428571428571,0.8888888888888888,1.0,0.6666666666666666,0.0,0.0,0,1,0,0,0,0,0,1,0,1,0.5249,TRAINING
392,2018,0.0,0.0,0.25,0.3333333333333333,1.0,0.3333333333333333,,0.0,0,1,0,0,0,0,0,1,0,1,0.5249,TRAINING
397,2012,0.0,0.5,0.6666666666666666,0.3333333333333333,0.5714285714285714,1.0,0.0,,0,1,0,0,0,0,0,1,0,1,0.5172,TRAINING
397,2014,0.0,0.6666666666666666,0.4,0.3333333333333333,0.6,0.75,0.0,0.0,0,1,0,0,0,0,0,1,0,1,0.5172,TRAINING
397,2016,0.0,0.6,0.8571428571428571,0.8888888888888888,1.0,1.0,0.0,0.0,0,1,0,0,0,0,0,1,0,1,0.5172,TRAINING
397,2018,0.0,0.0,0.25,0.3333333333333333,1.0,0.3333333333333333,,0.0,0,1,0,0,0,0,0,1,0,1,0.5172,TRAINING
400,2016,0.0,0.8,0.8571428571428571,0.8888888888888888,1.0,1.0,1000.0,0.0,0,1,0,0,1,0,0,0,0,1,0.1707,TRAINING
400,2018,1000.0,0.0,0.5,0.3333333333333333,1.0,0.3333333333333333,,0.0,0,1,0,0,1,0,0,0,0,1,0.1707,TRAINING
400,2012,0.0,0.5,0.8333333333333334,0.3333333333333333,0.7142857142857143,0.6666666666666666,0.0,,0,1,0,0,1,0,0,0,0,1,0.1707,TRAINING
400,2014,0.0,0.6666666666666666,0.6,0.6666666666666666,0.8,1.0,0.0,0.0,0,1,0,0,1,0,0,0,0,1,0.1707,TRAINING
405,2012,500.0,0.5,0.3333333333333333,0.3333333333333333,0.7142857142857143,0.3333333333333333,0.0,,0,1,0,0,0,0,0,1,0,1,0.5791,TESTING
405,2014,0.0,0.6666666666666666,0.8,0.3333333333333333,0.6,0.75,0.0,500.0,0,1,0,0,0,0,0,1,0,1,0.5791,TESTING
405,2016,0.0,0.6,0.8571428571428571,0.8888888888888888,1.0,1.0,0.0,0.0,0,1,0,0,0,0,0,1,0,1,0.5791,TESTING
405,2018,0.0,0.0,0.25,0.3333333333333333,1.0,0.3333333333333333,,0.0,0,1,0,0,0,0,0,1,0,1,0.5791,TESTING
406,2012,0.0,0.75,0.3333333333333333,1.0,0.7142857142857143,0.3333333333333333,0.0,,1,0,0,0,1,0,0,0,0,1,0.9925,TESTING
406,2014,0.0,0.6666666666666666,1.0,1.0,1.0,1.0,0.0,0.0,1,0,0,0,1,0,0,0,0,1,0.9925,TESTING
406,2016,0.0,0.8,0.7142857142857143,0.8888888888888888,1.0,1.0,0.0,0.0,1,0,0,0,1,0,0,0,0,1,0.9925,TESTING
406,2018,0.0,0.0,0.5,0.6666666666666666,1.0,0.6666666666666666,,0.0,1,0,0,0,1,0,0,0,0,1,0.9925,TESTING
407,2018,0.0,0.0,0.5,0.3333333333333333,1.0,0.3333333333333333,,0.0,0,1,0,0,0,0,0,1,0,1,0.5535,TESTING
407,2012,0.0,0.5,0.8333333333333334,0.3333333333333333,0.7142857142857143,0.6666666666666666,0.0,,0,1,0,0,0,0,0,1,0,1,0.5535,TESTING
407,2014,0.0,0.6666666666666666,0.6,0.3333333333333333,0.6,0.75,0.0,0.0,0,1,0,0,0,0,0,1,0,1,0.5535,TESTING
407,2016,0.0,0.8,0.8571428571428571,0.8888888888888888,1.0,1.0,0.0,0.0,0,1,0,0,0,0,0,1,0,1,0.5535,TESTING
408,2016,0.0,0.6,0.8571428571428571,0.8888888888888888,1.0,1.0,0.0,0.0,0,1,0,0,0,0,0,1,0,1,0.4931,TRAINING
408,2018,0.0,0.0,0.0,0.3333333333333333,1.0,0.3333333333333333,,0.0,0,1,0,0,0,0,0,1,0,1,0.4931,TRAINING
408,2012,0.0,0.75,0.8333333333333334,0.6666666666666666,0.7142857142857143,0.3333333333333333,0.0,,0,1,0,0,0,0,0,1,0,1,0.4931,TRAINING
408,2014,0.0,0.3333333333333333,0.6,0.6666666666666666,0.8,1.0,0.0,0.0,0,1,0,0,0,0,0,1,0,1,0.4931,TRAINING
409,2012,0.0,0.0,0.8333333333333334,0.6666666666666666,0.7142857142857143,0.3333333333333333,0.0,,0,1,0,0,0,0,0,1,0,1,0.351,TRAINING
409,2014,0.0,0.0,0.6,0.6666666666666666,0.8,1.0,0.0,0.0,0,1,0,0,0,0,0,1,0,1,0.351,TRAINING
409,2016,0.0,0.0,0.8571428571428571,0.8888888888888888,1.0,1.0,0.0,0.0,0,1,0,0,0,0,0,1,0,1,0.351,TRAINING
409,2018,0.0,0.0,0.0,0.3333333333333333,1.0,0.3333333333333333,,0.0,0,1,0,0,0,0,0,1,0,1,0.351,TRAINING
411,2012,2000.0,0.5,0.8333333333333334,0.6666666666666666,0.7142857142857143,0.6666666666666666,0.0,,0,1,0,0,0,0,0,1,0,1,0.0202,TRAINING
411,2014,0.0,0.6666666666666666,0.6,0.3333333333333333,0.6,0.75,0.0,2000.0,0,1,0,0,0,0,0,1,0,1,0.0202,TRAINING
411,2016,0.0,0.6,0.8571428571428571,0.8888888888888888,1.0,1.0,0.0,0.0,0,1,0,0,0,0,0,1,0,1,0.0202,TRAINING
411,2018,0.0,0.0,0.5,0.3333333333333333,1.0,0.3333333333333333,,0.0,0,1,0,0,0,0,0,1,0,1,0.0202,TRAINING
412,2012,0.0,0.25,0.5,0.3333333333333333,0.5714285714285714,0.3333333333333333,0.0,,0,1,0,0,0,0,0,1,0,1,0.4218,TRAINING
412,2014,0.0,0.3333333333333333,0.2,0.3333333333333333,0.4,0.75,0.0,0.0,0,1,0,0,0,0,0,1,0,1,0.4218,TRAINING
412,2016,0.0,0.0,0.8571428571428571,0.6666666666666666,0.75,0.6666666666666666,0.0,0.0,0,1,0,0,0,0,0,1,0,1,0.4218,TRAINING
412,2018,0.0,0.0,0.0,0.3333333333333333,1.0,0.0,,0.0,0,1,0,0,0,0,0,1,0,1,0.4218,TRAINING
414,2018,0.0,0.0,0.5,0.3333333333333333,1.0,0.3333333333333333,,0.0,0,1,0,0,0,0,0,1,0,1,0.8958,TESTING
414,2016,0.0,0.6,0.8571428571428571,0.8888888888888888,1.0,1.0,0.0,0.0,0,1,0,0,0,0,0,1,0,1,0.8958,TESTING
414,2014,0.0,0.6666666666666666,0.6,0.3333333333333333,0.6,0.75,0.0,0.0,0,1,0,0,0,0,0,1,0,1,0.8958,TESTING
414,2012,0.0,0.5,0.8333333333333334,0.3333333333333333,0.7142857142857143,0.6666666666666666,0.0,,0,1,0,0,0,0,0,1,0,1,0.8958,TESTING
415,2012,0.0,0.75,0.8333333333333334,0.6666666666666666,0.7142857142857143,0.6666666666666666,0.0,,0,1,0,0,0,0,0,1,0,1,0.4389,TRAINING
415,2014,0.0,1.0,1.0,0.6666666666666666,0.8,1.0,0.0,0.0,0,1,0,0,0,0,0,1,0,1,0.4389,TRAINING
415,2016,0.0,0.8,0.8571428571428571,0.8888888888888888,1.0,1.0,0.0,0.0,0,1,0,0,0,0,0,1,0,1,0.4389,TRAINING
415,2018,0.0,0.0,0.0,0.3333333333333333,1.0,0.3333333333333333,,0.0,0,1,0,0,0,0,0,1,0,1,0.4389,TRAINING
417,2012,0.0,0.75,0.8333333333333334,0.6666666666666666,0.7142857142857143,0.3333333333333333,0.0,,0,1,0,0,0,0,0,1,0,1,0.2327,TRAINING
417,2014,0.0,0.6666666666666666,0.4,0.3333333333333333,0.6,0.75,0.0,0.0,0,1,0,0,0,0,0,1,0,1,0.2327,TRAINING
417,2016,0.0,0.4,0.7142857142857143,0.8888888888888888,0.75,1.0,0.0,0.0,0,1,0,0,0,0,0,1,0,1,0.2327,TRAINING
417,2018,0.0,0.0,0.25,0.3333333333333333,1.0,0.0,,0.0,0,1,0,0,0,0,0,1,0,1,0.2327,TRAINING
421,2012,0.0,0.75,0.8333333333333334,0.6666666666666666,0.5714285714285714,0.6666666666666666,2250.0,,0,1,0,0,0,0,0,1,0,1,0.8004,TESTING
421,2014,2250.0,0.6666666666666666,0.8,0.6666666666666666,0.8,1.0,1000.0,0.0,0,1,0,0,0,0,0,1,0,1,0.8004,TESTING
421,2016,1000.0,0.8,0.8571428571428571,0.8888888888888888,1.0,1.0,2500.0,2250.0,0,1,0,0,0,0,0,1,0,1,0.8004,TESTING
421,2018,2500.0,0.0,0.5,0.3333333333333333,1.0,0.3333333333333333,,1000.0,0,1,0,0,0,0,0,1,0,1,0.8004,TESTING
422,2018,0.0,0.0,0.5,0.3333333333333333,1.0,0.3333333333333333,,0.0,0,1,0,0,0,0,0,1,0,1,0.2931,TRAINING
422,2016,0.0,0.8,0.8571428571428571,0.8888888888888888,1.0,1.0,0.0,0.0,0,1,0,0,0,0,0,1,0,1,0.2931,TRAINING
422,2012,0.0,0.75,0.8333333333333334,0.6666666666666666,0.7142857142857143,0.6666666666666666,0.0,,0,1,0,0,0,0,0,1,0,1,0.2931,TRAINING
422,2014,0.0,0.6666666666666666,1.0,0.6666666666666666,0.8,1.0,0.0,0.0,0,1,0,0,0,0,0,1,0,1,0.2931,TRAINING
423,2012,0.0,0.75,0.8333333333333334,0.6666666666666666,0.7142857142857143,0.6666666666666666,0.0,,1,0,0,0,0,0,0,1,0,1,0.7777,TESTING
423,2014,0.0,0.6666666666666666,1.0,0.6666666666666666,0.8,0.75,0.0,0.0,1,0,0,0,0,0,0,1,0,1,0.7777,TESTING
423,2016,0.0,0.8,0.8571428571428571,0.8888888888888888,1.0,1.0,0.0,0.0,1,0,0,0,0,0,0,1,0,1,0.7777,TESTING
423,2018,0.0,0.0,0.5,0.3333333333333333,1.0,0.3333333333333333,,0.0,1,0,0,0,0,0,0,1,0,1,0.7777,TESTING
424,2012,0.0,0.75,0.8333333333333334,0.6666666666666666,0.7142857142857143,0.6666666666666666,0.0,,1,0,0,0,0,0,0,1,0,1,0.0197,TRAINING
424,2014,0.0,0.6666666666666666,1.0,0.6666666666666666,0.8,1.0,2000.0,0.0,1,0,0,0,0,0,0,1,0,1,0.0197,TRAINING
424,2016,2000.0,0.8,0.8571428571428571,0.8888888888888888,1.0,1.0,1000.0,0.0,1,0,0,0,0,0,0,1,0,1,0.0197,TRAINING
424,2018,1000.0,0.0,0.0,0.3333333333333333,1.0,0.3333333333333333,,2000.0,1,0,0,0,0,0,0,1,0,1,0.0197,TRAINING
428,2012,0.0,0.75,0.8333333333333334,0.6666666666666666,0.7142857142857143,0.6666666666666666,0.0,,1,0,0,0,0,0,0,1,0,1,0.7125,TESTING
428,2014,0.0,0.6666666666666666,1.0,0.6666666666666666,0.8,1.0,2500.0,0.0,1,0,0,0,0,0,0,1,0,1,0.7125,TESTING
428,2016,2500.0,0.8,0.8571428571428571,0.8888888888888888,1.0,1.0,0.0,0.0,1,0,0,0,0,0,0,1,0,1,0.7125,TESTING
428,2018,0.0,0.0,0.5,0.3333333333333333,1.0,0.3333333333333333,,2500.0,1,0,0,0,0,0,0,1,0,1,0.7125,TESTING
430,2018,0.0,0.0,0.5,0.0,1.0,0.3333333333333333,,1000.0,0,1,0,0,0,0,0,1,0,1,0.193,TRAINING
430,2016,1000.0,0.8,0.7142857142857143,0.8888888888888888,1.0,1.0,0.0,0.0,0,1,0,0,0,0,0,1,0,1,0.193,TRAINING
430,2012,2000.0,0.75,0.8333333333333334,0.6666666666666666,0.7142857142857143,0.6666666666666666,0.0,,0,1,0,0,0,0,0,1,0,1,0.193,TRAINING
430,2014,0.0,0.6666666666666666,0.4,0.3333333333333333,0.6,0.5,1000.0,2000.0,0,1,0,0,0,0,0,1,0,1,0.193,TRAINING
432,2012,0.0,0.5,0.8333333333333334,0.3333333333333333,0.7142857142857143,1.0,0.0,,0,1,0,0,0,0,0,1,0,1,0.6287,TESTING
432,2014,0.0,0.6666666666666666,0.6,0.3333333333333333,0.6,0.75,0.0,0.0,0,1,0,0,0,0,0,1,0,1,0.6287,TESTING
432,2016,0.0,0.2,0.8571428571428571,0.8888888888888888,1.0,1.0,0.0,0.0,0,1,0,0,0,0,0,1,0,1,0.6287,TESTING
432,2018,0.0,0.0,0.0,0.0,1.0,0.3333333333333333,,0.0,0,1,0,0,0,0,0,1,0,1,0.6287,TESTING
433,2012,0.0,0.0,0.8333333333333334,0.3333333333333333,0.7142857142857143,1.0,0.0,,0,1,0,0,0,0,0,1,0,1,0.88,TESTING
433,2014,0.0,0.0,0.6,0.3333333333333333,0.6,0.75,0.0,0.0,0,1,0,0,0,0,0,1,0,1,0.88,TESTING
433,2016,0.0,0.0,0.8571428571428571,0.8888888888888888,1.0,1.0,0.0,0.0,0,1,0,0,0,0,0,1,0,1,0.88,TESTING
433,2018,0.0,0.0,0.0,0.0,1.0,0.3333333333333333,,0.0,0,1,0,0,0,0,0,1,0,1,0.88,TESTING
434,2018,0.0,0.0,0.0,0.0,1.0,0.0,,1000.0,0,1,0,0,0,0,0,1,0,1,0.9339,TESTING
434,2016,1000.0,0.0,0.0,0.0,0.0,0.0,0.0,2500.0,0,1,0,0,0,0,0,1,0,1,0.9339,TESTING
434,2014,2500.0,0.6666666666666666,0.4,0.3333333333333333,0.6,0.75,1000.0,0.0,0,1,0,0,0,0,0,1,0,1,0.9339,TESTING
434,2012,0.0,0.75,0.8333333333333334,0.6666666666666666,0.7142857142857143,0.6666666666666666,2500.0,,0,1,0,0,0,0,0,1,0,1,0.9339,TESTING
436,2012,0.0,0.75,0.8333333333333334,0.6666666666666666,0.7142857142857143,0.6666666666666666,0.0,,0,1,0,0,0,0,0,1,0,1,0.4282,TRAINING
436,2014,0.0,0.6666666666666666,1.0,0.6666666666666666,0.8,1.0,0.0,0.0,0,1,0,0,0,0,0,1,0,1,0.4282,TRAINING
436,2016,0.0,0.8,0.8571428571428571,0.8888888888888888,1.0,1.0,0.0,0.0,0,1,0,0,0,0,0,1,0,1,0.4282,TRAINING
436,2018,0.0,0.0,0.0,0.3333333333333333,1.0,0.3333333333333333,,0.0,0,1,0,0,0,0,0,1,0,1,0.4282,TRAINING
437,2012,0.0,0.0,0.8333333333333334,0.6666666666666666,0.7142857142857143,0.6666666666666666,0.0,,0,1,0,0,0,0,0,1,0,1,0.2511,TRAINING
437,2014,0.0,0.0,1.0,0.6666666666666666,0.8,1.0,0.0,0.0,0,1,0,0,0,0,0,1,0,1,0.2511,TRAINING
437,2016,0.0,0.0,0.8571428571428571,0.8888888888888888,1.0,1.0,0.0,0.0,0,1,0,0,0,0,0,1,0,1,0.2511,TRAINING
437,2018,0.0,0.0,0.0,0.3333333333333333,1.0,0.3333333333333333,,0.0,0,1,0,0,0,0,0,1,0,1,0.2511,TRAINING
438,2016,0.0,0.8,0.7142857142857143,0.8888888888888888,1.0,1.0,0.0,0.0,0,1,0,0,0,0,0,1,0,1,0.9986,TESTING
438,2018,0.0,0.0,0.5,0.3333333333333333,1.0,0.3333333333333333,,0.0,0,1,0,0,0,0,0,1,0,1,0.9986,TESTING
438,2012,0.0,0.75,0.8333333333333334,0.6666666666666666,0.7142857142857143,0.6666666666666666,0.0,,0,1,0,0,0,0,0,1,0,1,0.9986,TESTING
438,2014,0.0,0.6666666666666666,0.6,0.6666666666666666,0.8,1.0,0.0,0.0,0,1,0,0,0,0,0,1,0,1,0.9986,TESTING
439,2012,0.0,0.75,0.8333333333333334,0.6666666666666666,0.7142857142857143,0.6666666666666666,0.0,,0,1,0,0,0,0,0,1,0,1,0.0659,TRAINING
439,2014,0.0,0.6666666666666666,1.0,0.6666666666666666,0.8,1.0,0.0,0.0,0,1,0,0,0,0,0,1,0,1,0.0659,TRAINING
439,2016,0.0,0.8,0.7142857142857143,0.8888888888888888,1.0,1.0,0.0,0.0,0,1,0,0,0,0,0,1,0,1,0.0659,TRAINING
439,2018,0.0,0.0,0.5,0.3333333333333333,1.0,0.3333333333333333,,0.0,0,1,0,0,0,0,0,1,0,1,0.0659,TRAINING
442,2012,0.0,0.75,0.8333333333333334,0.6666666666666666,0.8571428571428571,0.6666666666666666,0.0,,0,1,0,0,0,0,1,0,0,1,0.2811,TRAINING
442,2014,0.0,0.6666666666666666,1.0,0.6666666666666666,0.8,1.0,0.0,0.0,0,1,0,0,0,0,1,0,0,1,0.2811,TRAINING
442,2016,0.0,0.6,0.7142857142857143,0.8888888888888888,1.0,1.0,0.0,0.0,0,1,0,0,0,0,1,0,0,1,0.2811,TRAINING
442,2018,0.0,0.0,0.5,0.3333333333333333,1.0,0.3333333333333333,,0.0,0,1,0,0,0,0,1,0,0,1,0.2811,TRAINING
443,2016,0.0,0.4,0.8571428571428571,0.8888888888888888,1.0,1.0,0.0,0.0,0,1,0,0,0,0,0,1,0,1,0.7098,TESTING
443,2012,0.0,0.5,0.8333333333333334,0.3333333333333333,0.7142857142857143,0.3333333333333333,0.0,,0,1,0,0,0,0,0,1,0,1,0.7098,TESTING
443,2014,0.0,0.6666666666666666,0.6,0.3333333333333333,0.6,0.75,0.0,0.0,0,1,0,0,0,0,0,1,0,1,0.7098,TESTING
443,2018,0.0,0.0,0.0,0.0,1.0,0.0,,0.0,0,1,0,0,0,0,0,1,0,1,0.7098,TESTING
445,2018,0.0,0.0,0.5,0.3333333333333333,1.0,0.3333333333333333,,0.0,0,1,0,0,0,0,0,1,0,1,0.6546,TESTING
445,2016,0.0,0.6,0.8571428571428571,0.8888888888888888,1.0,1.0,0.0,0.0,0,1,0,0,0,0,0,1,0,1,0.6546,TESTING
445,2014,0.0,0.6666666666666666,1.0,0.6666666666666666,0.8,1.0,0.0,0.0,0,1,0,0,0,0,0,1,0,1,0.6546,TESTING
445,2012,0.0,0.5,0.8333333333333334,0.3333333333333333,0.7142857142857143,0.6666666666666666,0.0,,0,1,0,0,0,0,0,1,0,1,0.6546,TESTING
447,2012,0.0,0.5,0.8333333333333334,0.3333333333333333,0.8571428571428571,0.6666666666666666,0.0,,0,1,0,0,0,0,0,1,0,1,0.9561,TESTING
447,2014,0.0,0.6666666666666666,0.4,0.3333333333333333,0.6,0.5,0.0,0.0,0,1,0,0,0,0,0,1,0,1,0.9561,TESTING
447,2016,0.0,0.6,0.7142857142857143,0.8888888888888888,1.0,1.0,0.0,0.0,0,1,0,0,0,0,0,1,0,1,0.9561,TESTING
447,2018,0.0,0.0,0.5,0.3333333333333333,1.0,0.3333333333333333,,0.0,0,1,0,0,0,0,0,1,0,1,0.9561,TESTING
448,2012,0.0,0.75,0.8333333333333334,0.6666666666666666,0.7142857142857143,0.6666666666666666,0.0,,0,1,0,0,0,0,0,1,0,1,0.1986,TRAINING
448,2014,0.0,0.6666666666666666,0.6,0.6666666666666666,0.8,1.0,0.0,0.0,0,1,0,0,0,0,0,1,0,1,0.1986,TRAINING
448,2016,0.0,0.4,0.7142857142857143,0.8888888888888888,1.0,1.0,0.0,0.0,0,1,0,0,0,0,0,1,0,1,0.1986,TRAINING
448,2018,0.0,0.0,0.25,0.3333333333333333,1.0,0.3333333333333333,,0.0,0,1,0,0,0,0,0,1,0,1,0.1986,TRAINING
449,2012,0.0,0.75,0.8333333333333334,0.6666666666666666,0.7142857142857143,0.6666666666666666,1000.0,,0,1,0,0,0,0,0,1,0,1,0.8338,TESTING
449,2014,1000.0,0.6666666666666666,0.8,0.3333333333333333,0.6,0.75,1500.0,0.0,0,1,0,0,0,0,0,1,0,1,0.8338,TESTING
449,2016,1500.0,0.6,0.7142857142857143,0.7777777777777778,1.0,1.0,1500.0,1000.0,0,1,0,0,0,0,0,1,0,1,0.8338,TESTING
449,2018,1500.0,0.0,0.25,0.3333333333333333,1.0,0.3333333333333333,,1500.0,0,1,0,0,0,0,0,1,0,1,0.8338,TESTING
450,2018,0.0,1.0,1.0,1.0,1.0,1.0,,500.0,1,0,0,0,0,0,0,1,1,0,0.2911,TRAINING
450,2016,500.0,0.6,0.2857142857142857,0.4444444444444444,0.0,0.0,0.0,0.0,1,0,0,0,0,0,0,1,1,0,0.2911,TRAINING
450,2012,0.0,0.0,0.0,0.0,0.0,0.0,0.0,,1,0,0,0,0,0,0,1,1,0,0.2911,TRAINING
450,2014,0.0,0.3333333333333333,0.8,0.3333333333333333,0.4,0.25,500.0,0.0,1,0,0,0,0,0,0,1,1,0,0.2911,TRAINING
452,2012,0.0,0.75,0.0,0.0,0.0,0.0,0.0,,0,1,0,0,0,0,0,1,0,1,0.1734,TRAINING
452,2014,0.0,0.6666666666666666,0.8,0.3333333333333333,0.6,0.75,0.0,0.0,0,1,0,0,0,0,0,1,0,1,0.1734,TRAINING
452,2016,0.0,0.8,0.8571428571428571,0.8888888888888888,1.0,1.0,0.0,0.0,0,1,0,0,0,0,0,1,0,1,0.1734,TRAINING
452,2018,0.0,0.0,0.5,0.3333333333333333,1.0,0.3333333333333333,,0.0,0,1,0,0,0,0,0,1,0,1,0.1734,TRAINING
455,2012,0.0,0.0,0.0,0.0,0.0,0.0,0.0,,0,1,0,0,0,0,0,1,1,0,0.1843,TRAINING
455,2014,0.0,0.3333333333333333,0.8,0.3333333333333333,0.4,0.75,0.0,0.0,0,1,0,0,0,0,0,1,1,0,0.1843,TRAINING
455,2016,0.0,0.6,0.2857142857142857,0.4444444444444444,0.0,0.0,0.0,0.0,0,1,0,0,0,0,0,1,1,0,0.1843,TRAINING
455,2018,0.0,1.0,1.0,1.0,1.0,1.0,,0.0,0,1,0,0,0,0,0,1,1,0,0.1843,TRAINING
456,2018,0.0,1.0,1.0,1.0,1.0,1.0,,0.0,1,0,0,1,0,0,0,0,1,0,0.868,TESTING
456,2016,0.0,0.8,0.2857142857142857,0.3333333333333333,0.0,0.0,0.0,0.0,1,0,0,1,0,0,0,0,1,0,0.868,TESTING
456,2014,0.0,0.3333333333333333,0.8,0.3333333333333333,0.4,0.25,0.0,0.0,1,0,0,1,0,0,0,0,1,0,0.868,TESTING
456,2012,0.0,0.0,0.0,0.0,0.0,0.0,0.0,,1,0,0,1,0,0,0,0,1,0,0.868,TESTING
526,2012,0.0,0.0,0.0,0.0,0.0,0.0,0.0,,1,0,0,0,0,0,0,1,1,0,0.2976,TRAINING
526,2014,0.0,0.0,0.0,0.0,0.0,0.0,0.0,0.0,1,0,0,0,0,0,0,1,1,0,0.2976,TRAINING
526,2016,0.0,0.8,0.2857142857142857,0.3333333333333333,0.0,0.0,0.0,0.0,1,0,0,0,0,0,0,1,1,0,0.2976,TRAINING
526,2018,0.0,1.0,1.0,1.0,1.0,1.0,,0.0,1,0,0,0,0,0,0,1,1,0,0.2976,TRAINING
551,2012,12000.0,0.0,0.0,0.0,0.0,0.0,11250.0,,0,1,0,0,0,0,0,1,0,1,0.1959,TRAINING
551,2014,11250.0,0.0,0.0,0.0,0.0,0.0,2000.0,12000.0,0,1,0,0,0,0,0,1,0,1,0.1959,TRAINING
551,2016,2000.0,0.6,0.7142857142857143,0.8888888888888888,1.0,1.0,1000.0,11250.0,0,1,0,0,0,0,0,1,0,1,0.1959,TRAINING
551,2018,1000.0,0.0,0.25,0.3333333333333333,1.0,0.3333333333333333,,2000.0,0,1,0,0,0,0,0,1,0,1,0.1959,TRAINING
552,2016,1000.0,0.4,0.8571428571428571,0.8888888888888888,1.0,1.0,0.0,2500.0,0,1,0,0,0,0,0,1,0,1,0.5759,TESTING
552,2018,0.0,0.0,0.75,0.3333333333333333,1.0,0.3333333333333333,,1000.0,0,1,0,0,0,0,0,1,0,1,0.5759,TESTING
552,2012,0.0,0.0,0.0,0.0,0.0,0.0,2500.0,,0,1,0,0,0,0,0,1,0,1,0.5759,TESTING
552,2014,2500.0,0.0,0.0,0.0,0.0,0.0,1000.0,0.0,0,1,0,0,0,0,0,1,0,1,0.5759,TESTING
596,2012,0.0,0.0,0.0,0.0,0.0,0.0,0.0,,0,1,0,0,0,0,0,1,1,0,0.6694,TESTING
596,2014,0.0,0.0,0.0,0.0,0.0,0.0,0.0,0.0,0,1,0,0,0,0,0,1,1,0,0.6694,TESTING
596,2016,0.0,0.0,0.0,0.3333333333333333,0.0,0.0,0.0,0.0,0,1,0,0,0,0,0,1,1,0,0.6694,TESTING
596,2018,0.0,1.0,1.0,1.0,0.0,1.0,,0.0,0,1,0,0,0,0,0,1,1,0,0.6694,TESTING
660,2012,0.0,0.0,0.0,0.0,0.0,0.0,0.0,,0,1,0,0,0,0,0,1,0,1,0.2385,TRAINING
660,2014,0.0,0.0,0.0,0.0,0.0,0.0,0.0,0.0,0,1,0,0,0,0,0,1,0,1,0.2385,TRAINING
660,2016,0.0,0.0,0.0,0.8888888888888888,0.0,0.0,0.0,0.0,0,1,0,0,0,0,0,1,0,1,0.2385,TRAINING
660,2018,0.0,0.0,0.5,0.3333333333333333,0.0,0.3333333333333333,,0.0,0,1,0,0,0,0,0,1,0,1,0.2385,TRAINING
661,2018,2000.0,0.0,0.5,0.3333333333333333,0.0,0.3333333333333333,,0.0,0,1,0,0,0,0,0,1,0,1,0.4736,TRAINING
661,2012,0.0,0.0,0.0,0.0,0.0,0.0,500.0,,0,1,0,0,0,0,0,1,0,1,0.4736,TRAINING
661,2014,500.0,0.0,0.0,0.0,0.0,0.0,0.0,0.0,0,1,0,0,0,0,0,1,0,1,0.4736,TRAINING
661,2016,0.0,0.0,0.0,0.8888888888888888,0.0,0.0,2000.0,500.0,0,1,0,0,0,0,0,1,0,1,0.4736,TRAINING
662,2014,0.0,0.0,0.0,0.0,0.0,0.0,0.0,0.0,0,1,0,0,0,0,0,1,0,1,0.1802,TRAINING
662,2016,0.0,0.0,0.0,0.8888888888888888,0.0,0.0,0.0,0.0,0,1,0,0,0,0,0,1,0,1,0.1802,TRAINING
662,2012,0.0,0.0,0.0,0.0,0.0,0.0,0.0,,0,1,0,0,0,0,0,1,0,1,0.1802,TRAINING
662,2018,0.0,0.0,0.25,0.3333333333333333,0.0,0.3333333333333333,,0.0,0,1,0,0,0,0,0,1,0,1,0.1802,TRAINING
