person,Year,party_short,ethnicity,sex,VoteAlongRatio_Film,VoteAlongRatio_FS_IIR,VoteAlongRatio_FS_FSS,VoteAlongRatio_FS_CM,VoteAlongRatio_FS_REB,Bloomberg_Donations,Citadel_Donations,Bloomberg_donations_lagMinus1,Citadel_donations_lagMinus1
0,2012,R,white,male,0.75,0.0,0.0,0.0,0.0,0.0,0.0,0.0,0.0
0,2014,R,white,male,0.6666666666666666,0.8,0.3333333333333333,0.6,0.75,0.0,0.0,0.0,0.0
0,2016,R,white,male,0.8,0.8571428571428571,0.8888888888888888,1.0,1.0,0.0,0.0,0.0,0.0
0,2018,R,white,male,0.0,0.5,0.3333333333333333,1.0,0.3333333333333333,0.0,0.0,,
1,2012,R,white,female,0.75,0.8333333333333334,0.6666666666666666,0.7142857142857143,0.3333333333333333,0.0,0.0,0.0,0.0
1,2014,R,white,female,1.0,0.8,0.3333333333333333,0.6,0.75,0.0,0.0,0.0,0.0
1,2016,R,white,female,0.6,0.8571428571428571,0.7777777777777778,1.0,1.0,0.0,0.0,0.0,0.0
1,2018,R,white,female,0.0,0.5,0.3333333333333333,1.0,0.3333333333333333,0.0,0.0,,
2,2012,R,white,male,0.5,0.8333333333333334,0.3333333333333333,0.7142857142857143,0.6666666666666666,0.0,0.0,0.0,0.0
2,2014,R,white,male,1.0,0.8,0.3333333333333333,0.6,0.75,0.0,0.0,0.0,0.0
2,2016,R,white,male,0.6,0.8571428571428571,0.8888888888888888,1.0,1.0,0.0,0.0,0.0,0.0
2,2018,R,white,male,0.5,0.5,0.3333333333333333,1.0,0.3333333333333333,0.0,0.0,,
3,2012,R,white,male,0.75,0.8333333333333334,0.6666666666666666,0.7142857142857143,0.6666666666666666,0.0,0.0,0.0,0.0
3,2014,R,white,male,0.0,0.0,0.0,0.0,0.0,0.0,0.0,0.0,0.0
3,2016,R,white,male,0.0,0.0,0.0,0.0,0.0,0.0,0.0,0.0,0.0
3,2018,R,white,male,0.0,0.0,0.0,1.0,0.0,0.0,0.0,,
4,2012,R,white,male,1.0,1.0,1.0,0.5714285714285714,1.0,0.0,0.0,0.0,0.0
4,2014,R,white,male,0.6666666666666666,1.0,0.6666666666666666,0.8,1.0,0.0,0.0,0.0,0.0
4,2016,R,white,male,0.8,0.8571428571428571,0.7777777777777778,1.0,1.0,0.0,0.0,0.0,0.0
4,2018,R,white,male,0.0,0.5,0.3333333333333333,1.0,0.3333333333333333,0.0,0.0,,
5,2012,R,white,male,0.5,0.8333333333333334,0.3333333333333333,0.7142857142857143,0.6666666666666666,0.0,0.0,0.0,0.0
5,2014,R,white,male,0.3333333333333333,0.6,0.3333333333333333,0.6,0.75,0.0,0.0,0.0,0.0
5,2016,R,white,male,0.6,0.5714285714285714,0.6666666666666666,0.5,0.6666666666666666,0.0,0.0,0.0,0.0
5,2018,R,white,male,0.0,0.25,0.3333333333333333,1.0,0.3333333333333333,0.0,0.0,,
6,2012,D,black,female,0.75,0.5,0.6666666666666666,0.7142857142857143,0.6666666666666666,0.0,0.0,0.0,0.0
6,2014,D,black,female,0.3333333333333333,0.8,0.3333333333333333,0.6,0.75,0.0,0.0,0.0,0.0
6,2016,D,black,female,0.8,0.42857142857142855,0.5555555555555556,0.0,0.3333333333333333,0.0,0.0,0.0,0.0
6,2018,D,black,female,1.0,1.0,1.0,1.0,1.0,0.0,0.0,,
7,2012,R,white,male,0.75,0.8333333333333334,0.6666666666666666,0.7142857142857143,0.3333333333333333,0.0,0.0,0.0,0.0
7,2014,R,white,male,0.3333333333333333,0.0,0.6666666666666666,0.0,1.0,0.0,0.0,0.0,0.0
7,2016,R,white,male,0.8,0.7142857142857143,0.8888888888888888,1.0,1.0,0.0,0.0,0.0,0.0
7,2018,R,white,male,0.0,0.5,0.3333333333333333,1.0,0.3333333333333333,0.0,0.0,,
8,2012,D,hispanic,male,0.0,0.3333333333333333,0.0,0.5714285714285714,0.6666666666666666,0.0,0.0,0.0,0.0
8,2014,D,hispanic,male,0.3333333333333333,0.6,0.0,0.2,0.0,0.0,0.0,0.0,0.0
8,2016,D,hispanic,male,0.4,0.0,0.3333333333333333,0.0,0.0,0.0,0.0,0.0,0.0
8,2018,D,hispanic,male,1.0,0.75,1.0,1.0,1.0,0.0,0.0,,
9,2012,R,white,male,0.25,0.8333333333333334,0.3333333333333333,0.7142857142857143,0.3333333333333333,0.0,0.0,0.0,0.0
9,2014,R,white,male,0.3333333333333333,0.4,0.3333333333333333,0.6,0.75,0.0,0.0,0.0,0.0
9,2016,R,white,male,0.4,0.7142857142857143,0.8888888888888888,0.75,1.0,0.0,0.0,0.0,0.0
9,2018,R,white,male,0.0,0.0,0.3333333333333333,1.0,0.3333333333333333,0.0,0.0,,
10,2012,R,white,male,0.5,0.8333333333333334,0.3333333333333333,0.7142857142857143,0.6666666666666666,0.0,0.0,0.0,0.0
10,2014,R,white,male,0.6666666666666666,0.4,0.3333333333333333,0.6,0.75,0.0,0.0,0.0,0.0
10,2016,R,white,male,0.4,0.8571428571428571,0.8888888888888888,1.0,1.0,0.0,0.0,0.0,0.0
10,2018,R,white,male,0.0,0.25,0.3333333333333333,1.0,0.3333333333333333,0.0,0.0,,
11,2012,0,white,male,0.0,0.0,0.0,0.0,0.0,0.0,0.0,0.0,0.0
11,2014,0,white,male,0.0,0.0,0.0,0.0,0.0,0.0,0.0,0.0,0.0
11,2016,0,white,male,0.0,0.0,0.0,0.0,0.0,0.0,0.0,0.0,0.0
11,2018,0,white,male,0.0,0.0,0.0,0.0,0.0,0.0,0.0,,
12,2012,R,white,male,0.75,0.8333333333333334,0.6666666666666666,0.7142857142857143,0.6666666666666666,0.0,0.0,0.0,0.0
12,2014,R,white,male,0.6666666666666666,1.0,0.6666666666666666,0.8,1.0,0.0,0.0,0.0,0.0
12,2016,R,white,male,0.8,0.8571428571428571,0.8888888888888888,1.0,1.0,0.0,0.0,0.0,0.0
12,2018,R,white,male,0.0,0.5,0.3333333333333333,1.0,0.3333333333333333,0.0,0.0,,
13,2012,R,white,male,0.5,0.8333333333333334,0.3333333333333333,0.7142857142857143,0.6666666666666666,0.0,0.0,0.0,0.0
13,2014,R,white,male,0.6666666666666666,0.6,0.3333333333333333,0.6,0.75,0.0,0.0,0.0,0.0
13,2016,R,white,male,0.6,0.8571428571428571,0.8888888888888888,1.0,1.0,0.0,0.0,0.0,0.0
13,2018,R,white,male,0.0,0.5,0.3333333333333333,1.0,0.3333333333333333,0.0,0.0,,
14,2012,D,white,male,0.0,0.3333333333333333,0.0,0.5714285714285714,0.6666666666666666,0.0,0.0,0.0,0.0
14,2014,D,white,male,0.3333333333333333,0.8,0.3333333333333333,0.4,0.25,0.0,0.0,0.0,0.0
14,2016,D,white,male,0.6,0.2857142857142857,0.3333333333333333,0.0,0.0,0.0,0.0,0.0,0.0
14,2018,D,white,male,1.0,1.0,1.0,1.0,1.0,0.0,0.0,,
15,2012,D,hispanic,male,0.75,0.5,0.6666666666666666,0.5714285714285714,0.6666666666666666,0.0,0.0,0.0,0.0
15,2014,D,hispanic,male,0.3333333333333333,0.8,0.3333333333333333,0.6,0.5,0.0,0.0,0.0,0.0
15,2016,D,hispanic,male,0.8,0.2857142857142857,0.3333333333333333,0.0,0.0,0.0,0.0,0.0,0.0
15,2018,D,hispanic,male,1.0,1.0,1.0,1.0,0.6666666666666666,0.0,0.0,,
16,2012,R,white,male,0.25,0.6666666666666666,0.3333333333333333,0.5714285714285714,0.3333333333333333,0.0,0.0,0.0,0.0
16,2014,R,white,male,0.3333333333333333,0.2,0.3333333333333333,0.4,0.75,0.0,0.0,0.0,0.0
16,2016,R,white,male,0.2,0.8571428571428571,0.7777777777777778,1.0,1.0,0.0,0.0,0.0,0.0
16,2018,R,white,male,0.0,0.0,0.3333333333333333,1.0,0.3333333333333333,0.0,0.0,,
17,2012,D,white,male,0.5,0.5,0.0,0.7142857142857143,0.6666666666666666,0.0,0.0,0.0,0.0
17,2014,D,white,male,0.3333333333333333,0.8,0.3333333333333333,0.4,0.25,0.0,0.0,0.0,0.0
17,2016,D,white,male,0.6,0.2857142857142857,0.4444444444444444,0.0,0.0,0.0,0.0,0.0,0.0
17,2018,D,white,male,1.0,1.0,1.0,1.0,1.0,0.0,0.0,,
18,2012,D,asian,female,0.25,0.5,0.3333333333333333,0.7142857142857143,0.6666666666666666,0.0,0.0,0.0,0.0
18,2014,D,asian,female,0.3333333333333333,0.8,0.3333333333333333,0.4,0.25,0.0,0.0,0.0,0.0
18,2016,D,asian,female,0.6,0.2857142857142857,0.3333333333333333,0.0,0.0,0.0,0.0,0.0,0.0
18,2018,D,asian,female,1.0,1.0,1.0,1.0,1.0,0.0,0.0,,
19,2012,D,asian,male,0.5,0.5,0.6666666666666666,0.7142857142857143,0.6666666666666666,0.0,0.0,0.0,0.0
19,2014,D,asian,male,0.6666666666666666,0.8,0.3333333333333333,0.6,0.5,0.0,0.0,0.0,0.0
19,2016,D,asian,male,0.8,0.42857142857142855,0.6666666666666666,0.0,0.3333333333333333,0.0,0.0,1000.0,1000.0
19,2018,D,asian,male,1.0,1.0,1.0,1.0,1.0,1000.0,1000.0,,
20,2012,R,white,male,0.75,0.8333333333333334,0.6666666666666666,0.7142857142857143,0.6666666666666666,0.0,0.0,0.0,0.0
20,2014,R,white,male,1.0,1.0,0.6666666666666666,0.8,1.0,0.0,0.0,0.0,0.0
20,2016,R,white,male,0.8,0.8571428571428571,0.8888888888888888,1.0,1.0,0.0,0.0,0.0,0.0
20,2018,R,white,male,0.0,0.0,0.3333333333333333,1.0,0.3333333333333333,0.0,0.0,,
21,2012,D,white,male,0.25,0.5,0.0,0.7142857142857143,0.6666666666666666,0.0,0.0,0.0,0.0
21,2014,D,white,male,0.3333333333333333,0.8,0.3333333333333333,0.4,0.25,0.0,0.0,0.0,0.0
21,2016,D,white,male,0.6,0.2857142857142857,0.3333333333333333,0.0,0.0,0.0,0.0,0.0,0.0
21,2018,D,white,male,1.0,1.0,0.6666666666666666,1.0,0.6666666666666666,0.0,0.0,,
22,2012,D,white,female,0.25,0.3333333333333333,0.6666666666666666,0.42857142857142855,0.6666666666666666,0.0,0.0,0.0,0.0
22,2014,D,white,female,0.3333333333333333,0.8,0.3333333333333333,0.4,0.25,0.0,0.0,200.0,200.0
22,2016,D,white,female,0.6,0.14285714285714285,0.3333333333333333,0.0,0.0,200.0,200.0,0.0,0.0
22,2018,D,white,female,1.0,0.0,0.0,1.0,0.0,0.0,0.0,,
23,2012,D,white,female,0.0,0.3333333333333333,0.0,0.5714285714285714,0.6666666666666666,0.0,0.0,0.0,0.0
23,2014,D,white,female,0.3333333333333333,0.8,0.3333333333333333,0.4,0.25,0.0,0.0,0.0,0.0
23,2016,D,white,female,0.6,0.14285714285714285,0.3333333333333333,0.0,0.0,0.0,0.0,0.0,0.0
23,2018,D,white,female,1.0,1.0,1.0,1.0,1.0,0.0,0.0,,
24,2012,D,white,female,0.0,0.3333333333333333,0.0,0.7142857142857143,0.6666666666666666,0.0,0.0,0.0,0.0
24,2014,D,white,female,0.3333333333333333,0.8,0.3333333333333333,0.4,0.25,0.0,0.0,0.0,0.0
24,2016,D,white,female,0.4,0.2857142857142857,0.4444444444444444,0.0,0.3333333333333333,0.0,0.0,0.0,0.0
24,2018,D,white,female,1.0,1.0,1.0,1.0,1.0,0.0,0.0,,
25,2012,D,white,male,0.0,0.5,0.0,0.7142857142857143,0.6666666666666666,0.0,0.0,0.0,0.0
25,2014,D,white,male,0.3333333333333333,0.8,0.3333333333333333,0.4,0.25,0.0,0.0,50.0,50.0
25,2016,D,white,male,0.6,0.2857142857142857,0.3333333333333333,0.0,0.0,50.0,50.0,5.0,5.0
25,2018,D,white,male,1.0,1.0,1.0,1.0,1.0,5.0,5.0,,
26,2012,D,white,male,0.75,0.5,0.3333333333333333,0.7142857142857143,0.3333333333333333,0.0,0.0,0.0,0.0
26,2014,D,white,male,0.6666666666666666,0.0,0.3333333333333333,0.0,1.0,0.0,0.0,0.0,0.0
26,2016,D,white,male,0.8,0.2857142857142857,0.8888888888888888,0.25,0.3333333333333333,0.0,0.0,0.0,0.0
26,2018,D,white,male,1.0,1.0,1.0,1.0,1.0,0.0,0.0,,
27,2012,D,white,female,0.0,0.5,0.3333333333333333,0.7142857142857143,0.6666666666666666,0.0,0.0,0.0,0.0
27,2014,D,white,female,0.3333333333333333,0.8,0.3333333333333333,0.4,0.25,0.0,0.0,0.0,0.0
27,2016,D,white,female,0.8,0.2857142857142857,0.3333333333333333,0.0,0.0,0.0,0.0,0.0,0.0
27,2018,D,white,female,1.0,1.0,1.0,1.0,1.0,0.0,0.0,,
28,2012,D,white,female,0.0,0.3333333333333333,0.3333333333333333,0.2857142857142857,0.6666666666666666,0.0,0.0,0.0,0.0
28,2014,D,white,female,0.3333333333333333,0.6,0.0,0.2,0.0,0.0,0.0,0.0,0.0
28,2016,D,white,female,0.4,0.2857142857142857,0.3333333333333333,0.0,0.0,0.0,0.0,0.0,0.0
28,2018,D,white,female,0.5,0.75,1.0,1.0,1.0,0.0,0.0,,
29,2012,R,white,male,0.75,0.8333333333333334,0.6666666666666666,0.7142857142857143,0.6666666666666666,0.0,0.0,0.0,0.0
29,2014,R,white,male,0.6666666666666666,1.0,0.6666666666666666,0.8,1.0,0.0,0.0,0.0,0.0
29,2016,R,white,male,0.8,0.8571428571428571,0.8888888888888888,1.0,1.0,0.0,0.0,0.0,0.0
29,2018,R,white,male,0.0,0.5,0.3333333333333333,1.0,0.3333333333333333,0.0,0.0,,
30,2012,R,white,male,0.75,0.8333333333333334,0.6666666666666666,0.7142857142857143,0.6666666666666666,0.0,0.0,0.0,0.0
30,2014,R,white,male,0.6666666666666666,0.8,0.6666666666666666,0.8,1.0,0.0,0.0,0.0,0.0
30,2016,R,white,male,0.8,0.8571428571428571,0.8888888888888888,1.0,1.0,0.0,0.0,0.0,0.0
30,2018,R,white,male,0.0,0.5,0.3333333333333333,1.0,0.3333333333333333,0.0,0.0,,
31,2012,D,white,female,0.5,0.8333333333333334,0.6666666666666666,0.7142857142857143,0.6666666666666666,0.0,0.0,0.0,0.0
31,2014,D,white,female,0.3333333333333333,0.8,0.3333333333333333,0.6,0.5,0.0,0.0,0.0,0.0
31,2016,D,white,female,0.8,0.2857142857142857,0.4444444444444444,0.0,0.0,0.0,0.0,396.0,396.0
31,2018,D,white,female,1.0,1.0,1.0,1.0,1.0,396.0,396.0,,
32,2012,D,asian,female,0.25,0.3333333333333333,0.3333333333333333,0.2857142857142857,0.6666666666666666,0.0,0.0,0.0,0.0
32,2014,D,asian,female,0.3333333333333333,0.8,0.3333333333333333,0.4,0.25,0.0,0.0,0.0,0.0
32,2016,D,asian,female,0.6,0.2857142857142857,0.3333333333333333,0.0,0.0,0.0,0.0,0.0,0.0
32,2018,D,asian,female,1.0,1.0,1.0,1.0,1.0,0.0,0.0,,
33,2012,D,white,male,0.25,0.5,0.3333333333333333,0.5714285714285714,1.0,0.0,0.0,0.0,0.0
33,2014,D,white,male,0.3333333333333333,0.8,0.3333333333333333,0.4,0.5,0.0,0.0,0.0,0.0
33,2016,D,white,male,0.6,0.2857142857142857,0.3333333333333333,0.0,0.0,0.0,0.0,5.0,5.0
33,2018,D,white,male,1.0,1.0,1.0,1.0,1.0,5.0,5.0,,
34,2012,0,hispanic,male,0.0,0.0,0.0,0.0,0.0,0.0,0.0,0.0,0.0
34,2014,0,hispanic,male,0.0,0.0,0.0,0.0,0.0,0.0,0.0,0.0,0.0
34,2016,0,hispanic,male,0.0,0.0,0.0,0.0,0.0,0.0,0.0,0.0,0.0
34,2018,0,hispanic,male,0.0,0.0,0.0,0.0,0.0,0.0,0.0,,
35,2012,D,white,male,0.5,0.5,0.6666666666666666,0.7142857142857143,0.6666666666666666,0.0,0.0,0.0,0.0
35,2014,D,white,male,0.3333333333333333,0.8,0.3333333333333333,0.4,0.75,0.0,0.0,0.0,0.0
35,2016,D,white,male,0.8,0.42857142857142855,0.5555555555555556,0.0,0.3333333333333333,0.0,0.0,0.0,0.0
35,2018,D,white,male,1.0,1.0,1.0,1.0,1.0,0.0,0.0,,
36,2012,D,hispanic,female,0.0,0.3333333333333333,0.3333333333333333,0.5714285714285714,0.6666666666666666,0.0,0.0,0.0,0.0
36,2014,D,hispanic,female,0.6666666666666666,0.8,0.3333333333333333,0.4,0.25,0.0,0.0,0.0,0.0
36,2016,D,hispanic,female,0.6,0.2857142857142857,0.4444444444444444,0.5,0.6666666666666666,0.0,0.0,0.0,0.0
36,2018,D,hispanic,female,0.5,0.75,1.0,1.0,1.0,0.0,0.0,,
37,2012,D,hispanic,male,0.5,0.6666666666666666,0.6666666666666666,0.7142857142857143,0.6666666666666666,0.0,0.0,0.0,0.0
37,2014,D,hispanic,male,0.6666666666666666,0.8,0.3333333333333333,0.6,0.25,0.0,0.0,0.0,0.0
37,2016,D,hispanic,male,0.8,0.2857142857142857,0.5555555555555556,0.0,0.0,0.0,0.0,0.0,0.0
37,2018,D,hispanic,male,1.0,1.0,1.0,1.0,1.0,0.0,0.0,,
38,2012,D,black,female,0.0,0.3333333333333333,0.3333333333333333,0.5714285714285714,0.3333333333333333,0.0,0.0,0.0,0.0
38,2014,D,black,female,0.3333333333333333,0.8,0.3333333333333333,0.4,0.25,0.0,0.0,0.0,0.0
38,2016,D,black,female,0.6,0.2857142857142857,0.3333333333333333,0.0,0.0,0.0,0.0,0.0,0.0
38,2018,D,black,female,1.0,1.0,1.0,1.0,0.6666666666666666,0.0,0.0,,
39,2012,D,hispanic,female,0.0,0.3333333333333333,0.6666666666666666,0.5714285714285714,0.6666666666666666,0.0,0.0,0.0,0.0
39,2014,D,hispanic,female,0.3333333333333333,0.8,0.3333333333333333,0.4,0.25,0.0,0.0,0.0,0.0
39,2016,D,hispanic,female,0.6,0.14285714285714285,0.3333333333333333,0.0,0.0,0.0,0.0,0.0,0.0
39,2018,D,hispanic,female,1.0,1.0,0.6666666666666666,1.0,0.6666666666666666,0.0,0.0,,
40,2012,D,hispanic,female,0.0,0.5,0.3333333333333333,0.5714285714285714,0.6666666666666666,0.0,0.0,0.0,0.0
40,2014,D,hispanic,female,0.3333333333333333,0.8,0.3333333333333333,0.4,0.25,0.0,0.0,0.0,0.0
40,2016,D,hispanic,female,0.6,0.2857142857142857,0.3333333333333333,0.0,0.0,0.0,0.0,0.0,0.0
40,2018,D,hispanic,female,0.5,0.75,1.0,1.0,1.0,0.0,0.0,,
41,2012,D,asian,male,0.0,0.3333333333333333,0.3333333333333333,0.5714285714285714,0.6666666666666666,0.0,0.0,0.0,0.0
41,2014,D,asian,male,0.3333333333333333,0.6,0.0,0.2,0.0,0.0,0.0,0.0,0.0
41,2016,D,asian,male,0.6,0.2857142857142857,0.3333333333333333,0.0,0.0,0.0,0.0,0.0,0.0
41,2018,D,asian,male,1.0,1.0,1.0,1.0,1.0,0.0,0.0,,
42,2012,R,white,male,0.75,0.8333333333333334,0.6666666666666666,0.7142857142857143,0.6666666666666666,0.0,0.0,0.0,0.0
42,2014,R,white,male,0.6666666666666666,1.0,0.6666666666666666,0.8,1.0,0.0,0.0,0.0,0.0
42,2016,R,white,male,0.8,0.8571428571428571,0.8888888888888888,1.0,1.0,0.0,0.0,0.0,0.0
42,2018,R,white,male,0.0,0.5,0.3333333333333333,1.0,0.3333333333333333,0.0,0.0,,
43,2012,D,black,female,0.0,0.3333333333333333,0.3333333333333333,0.5714285714285714,0.6666666666666666,0.0,0.0,0.0,0.0
43,2014,D,black,female,0.3333333333333333,0.0,0.0,0.0,0.0,0.0,0.0,0.0,0.0
43,2016,D,black,female,0.8,0.2857142857142857,0.3333333333333333,0.0,0.0,0.0,0.0,0.0,0.0
43,2018,D,black,female,1.0,1.0,1.0,1.0,1.0,0.0,0.0,,
44,2012,D,white,male,0.0,0.3333333333333333,0.3333333333333333,0.42857142857142855,0.6666666666666666,0.0,0.0,0.0,0.0
44,2014,D,white,male,0.3333333333333333,0.8,0.3333333333333333,0.4,0.5,0.0,0.0,0.0,0.0
44,2016,D,white,male,0.6,0.2857142857142857,0.3333333333333333,0.0,0.0,0.0,0.0,0.0,0.0
44,2018,D,white,male,1.0,1.0,1.0,1.0,1.0,0.0,0.0,,
45,2012,R,white,male,0.75,0.8333333333333334,0.6666666666666666,0.7142857142857143,0.6666666666666666,0.0,0.0,0.0,0.0
45,2014,R,white,male,0.6666666666666666,0.8,0.3333333333333333,0.6,0.75,0.0,0.0,0.0,0.0
45,2016,R,white,male,0.8,0.8571428571428571,0.8888888888888888,1.0,1.0,0.0,0.0,0.0,0.0
45,2018,R,white,male,0.0,0.0,0.3333333333333333,1.0,0.3333333333333333,0.0,0.0,,
46,2012,R,white,male,0.0,0.8333333333333334,0.6666666666666666,0.7142857142857143,0.6666666666666666,0.0,0.0,0.0,0.0
46,2014,R,white,male,0.0,0.8,0.3333333333333333,0.6,0.75,0.0,0.0,0.0,0.0
46,2016,R,white,male,0.0,0.8571428571428571,0.8888888888888888,1.0,1.0,0.0,0.0,0.0,0.0
46,2018,R,white,male,0.0,0.0,0.3333333333333333,1.0,0.3333333333333333,0.0,0.0,,
47,2012,D,hispanic,male,0.0,0.5,0.3333333333333333,0.7142857142857143,0.6666666666666666,0.0,0.0,0.0,0.0
47,2014,D,hispanic,male,0.3333333333333333,0.8,0.3333333333333333,0.4,0.5,0.0,0.0,0.0,0.0
47,2016,D,hispanic,male,0.6,0.2857142857142857,0.4444444444444444,0.0,0.3333333333333333,0.0,0.0,0.0,0.0
47,2018,D,hispanic,male,1.0,1.0,1.0,1.0,1.0,0.0,0.0,,
48,2012,D,white,male,0.5,0.8333333333333334,0.6666666666666666,0.7142857142857143,0.6666666666666666,0.0,0.0,0.0,0.0
48,2014,D,white,male,0.6666666666666666,0.8,0.3333333333333333,0.6,0.75,0.0,0.0,0.0,0.0
48,2016,D,white,male,0.8,0.5714285714285714,0.6666666666666666,0.25,0.3333333333333333,0.0,0.0,0.0,0.0
48,2018,D,white,male,1.0,1.0,0.6666666666666666,1.0,0.6666666666666666,0.0,0.0,,
49,2012,D,white,female,0.5,0.3333333333333333,0.6666666666666666,0.7142857142857143,0.6666666666666666,0.0,0.0,0.0,0.0
49,2014,D,white,female,0.3333333333333333,0.8,0.3333333333333333,0.4,0.25,0.0,0.0,0.0,0.0
49,2016,D,white,female,0.8,0.2857142857142857,0.4444444444444444,0.0,0.0,0.0,0.0,0.0,0.0
49,2018,D,white,female,1.0,1.0,1.0,1.0,1.0,0.0,0.0,,
50,2012,D,white,female,0.0,0.5,0.3333333333333333,0.7142857142857143,0.6666666666666666,0.0,0.0,0.0,0.0
50,2014,D,white,female,0.3333333333333333,0.8,0.3333333333333333,0.4,0.25,0.0,0.0,0.0,0.0
50,2016,D,white,female,0.6,0.14285714285714285,0.2222222222222222,0.0,0.0,0.0,0.0,0.0,0.0
50,2018,D,white,female,1.0,1.0,1.0,1.0,1.0,0.0,0.0,,
51,2012,R,white,male,0.75,0.8333333333333334,0.3333333333333333,0.7142857142857143,0.6666666666666666,0.0,0.0,0.0,0.0
51,2014,R,white,male,0.6666666666666666,0.4,0.3333333333333333,0.6,0.75,0.0,0.0,0.0,0.0
51,2016,R,white,male,0.8,0.8571428571428571,0.8888888888888888,1.0,1.0,0.0,0.0,0.0,0.0
51,2018,R,white,male,0.0,0.25,0.3333333333333333,1.0,0.3333333333333333,0.0,0.0,,
52,2012,R,white,male,0.5,0.8333333333333334,0.3333333333333333,0.7142857142857143,0.6666666666666666,0.0,0.0,0.0,0.0
52,2014,R,white,male,0.6666666666666666,0.4,0.3333333333333333,0.4,0.75,0.0,0.0,0.0,0.0
52,2016,R,white,male,0.6,0.8571428571428571,0.8888888888888888,1.0,1.0,0.0,0.0,0.0,0.0
52,2018,R,white,male,0.0,0.25,0.3333333333333333,1.0,0.3333333333333333,0.0,0.0,,
53,2012,D,white,male,0.75,0.5,0.6666666666666666,0.7142857142857143,0.3333333333333333,0.0,0.0,0.0,0.0
53,2014,D,white,male,0.0,0.8,0.3333333333333333,0.4,0.5,0.0,0.0,0.0,0.0
53,2016,D,white,male,0.8,0.2857142857142857,0.4444444444444444,0.0,0.0,0.0,0.0,0.0,0.0
53,2018,D,white,male,1.0,1.0,1.0,1.0,1.0,0.0,0.0,,
54,2012,D,white,male,0.25,0.3333333333333333,0.3333333333333333,0.5714285714285714,0.3333333333333333,0.0,0.0,0.0,0.0
54,2014,D,white,male,0.3333333333333333,0.6,0.3333333333333333,0.2,0.25,0.0,0.0,0.0,0.0
54,2016,D,white,male,0.8,0.2857142857142857,0.3333333333333333,0.0,0.0,0.0,0.0,0.0,0.0
54,2018,D,white,male,1.0,1.0,1.0,1.0,1.0,0.0,0.0,,
55,2012,D,white,male,0.0,0.5,0.3333333333333333,0.5714285714285714,0.3333333333333333,0.0,0.0,0.0,0.0
55,2014,D,white,male,0.3333333333333333,0.8,0.3333333333333333,0.4,0.5,0.0,0.0,0.0,0.0
55,2016,D,white,male,0.8,0.2857142857142857,0.3333333333333333,0.0,0.0,0.0,0.0,0.0,0.0
55,2018,D,white,male,1.0,1.0,1.0,1.0,1.0,0.0,0.0,,
56,2012,D,white,female,0.0,0.3333333333333333,0.3333333333333333,0.5714285714285714,0.3333333333333333,0.0,0.0,0.0,0.0
56,2014,D,white,female,0.3333333333333333,0.8,0.3333333333333333,0.4,0.25,0.0,0.0,0.0,0.0
56,2016,D,white,female,0.8,0.14285714285714285,0.3333333333333333,0.0,0.0,0.0,0.0,0.0,0.0
56,2018,D,white,female,1.0,1.0,0.6666666666666666,1.0,0.6666666666666666,0.0,0.0,,
57,2012,0,white,male,0.0,0.0,0.0,0.0,0.0,0.0,0.0,1000.0,1000.0
57,2014,0,white,male,0.0,0.0,0.0,0.0,0.0,1000.0,1000.0,0.0,0.0
57,2016,0,white,male,0.0,0.0,0.0,0.0,0.0,0.0,0.0,0.0,0.0
57,2018,0,white,male,0.0,0.0,0.0,0.0,0.0,0.0,0.0,,
58,2012,R,white,male,0.75,0.8333333333333334,0.6666666666666666,0.7142857142857143,0.3333333333333333,0.0,0.0,0.0,0.0
58,2014,R,white,male,0.6666666666666666,0.4,0.3333333333333333,0.6,0.75,0.0,0.0,0.0,0.0
58,2016,R,white,male,0.4,0.7142857142857143,0.8888888888888888,0.75,1.0,0.0,0.0,0.0,0.0
58,2018,R,white,male,0.0,0.25,0.3333333333333333,1.0,0.0,0.0,0.0,,
59,2012,R,white,male,0.5,0.8333333333333334,0.3333333333333333,0.7142857142857143,0.3333333333333333,0.0,0.0,0.0,0.0
59,2014,R,white,male,0.6666666666666666,0.4,0.3333333333333333,0.6,0.75,0.0,0.0,0.0,0.0
59,2016,R,white,male,0.4,0.8571428571428571,0.8888888888888888,0.75,0.6666666666666666,0.0,0.0,0.0,0.0
59,2018,R,white,male,0.0,0.25,0.3333333333333333,1.0,0.3333333333333333,0.0,0.0,,
60,2012,R,white,male,0.5,0.8333333333333334,0.3333333333333333,0.7142857142857143,0.6666666666666666,0.0,0.0,0.0,0.0
60,2014,R,white,male,0.6666666666666666,0.6,0.3333333333333333,0.6,0.75,0.0,0.0,0.0,0.0
60,2016,R,white,male,0.0,0.0,0.0,0.0,0.0,0.0,0.0,0.0,0.0
60,2018,R,white,male,0.0,0.0,0.0,1.0,0.0,0.0,0.0,,
61,2012,R,white,male,0.0,0.8333333333333334,0.3333333333333333,0.7142857142857143,0.6666666666666666,0.0,0.0,0.0,0.0
61,2014,R,white,male,0.0,0.6,0.3333333333333333,0.6,0.75,0.0,0.0,0.0,0.0
61,2016,R,white,male,0.6,0.0,0.0,0.0,0.0,0.0,0.0,0.0,0.0
61,2018,R,white,male,0.0,0.0,0.0,1.0,0.0,0.0,0.0,,
62,2012,R,white,male,0.5,0.0,0.0,0.0,0.0,0.0,0.0,0.0,0.0
62,2014,R,white,male,0.6666666666666666,0.0,0.0,0.0,0.0,0.0,0.0,0.0,0.0
62,2016,R,white,male,0.0,0.7142857142857143,0.8888888888888888,1.0,1.0,0.0,0.0,0.0,0.0
62,2018,R,white,male,0.0,0.25,0.3333333333333333,1.0,0.3333333333333333,0.0,0.0,,
63,2012,R,white,male,0.0,0.0,0.0,0.0,0.0,0.0,0.0,0.0,0.0
63,2014,R,white,male,0.0,0.0,0.0,0.0,0.0,0.0,0.0,0.0,0.0
63,2016,R,white,male,0.6,0.7142857142857143,0.8888888888888888,1.0,1.0,0.0,0.0,0.0,0.0
63,2018,R,white,male,0.0,0.25,0.3333333333333333,1.0,0.3333333333333333,0.0,0.0,,
64,2012,R,white,male,0.75,0.8333333333333334,0.6666666666666666,0.7142857142857143,0.6666666666666666,0.0,0.0,0.0,0.0
64,2014,R,white,male,0.6666666666666666,0.8,0.6666666666666666,0.8,1.0,0.0,0.0,0.0,0.0
64,2016,R,white,male,1.0,0.7142857142857143,0.8888888888888888,1.0,1.0,0.0,0.0,0.0,0.0
64,2018,R,white,male,0.0,0.25,0.0,1.0,0.3333333333333333,0.0,0.0,,
65,2012,D,white,female,0.5,0.3333333333333333,0.3333333333333333,0.5714285714285714,0.6666666666666666,0.0,0.0,0.0,0.0
65,2014,D,white,female,0.3333333333333333,0.8,0.3333333333333333,0.4,0.25,0.0,0.0,0.0,0.0
65,2016,D,white,female,0.8,0.2857142857142857,0.3333333333333333,0.0,0.0,0.0,0.0,0.0,0.0
65,2018,D,white,female,1.0,1.0,1.0,1.0,1.0,0.0,0.0,,
66,2012,R,white,male,0.75,0.8333333333333334,0.6666666666666666,0.7142857142857143,0.3333333333333333,0.0,0.0,0.0,0.0
66,2014,R,white,male,0.6666666666666666,1.0,0.6666666666666666,0.8,1.0,0.0,0.0,0.0,0.0
66,2016,R,white,male,0.6,0.8571428571428571,0.7777777777777778,1.0,0.6666666666666666,0.0,0.0,0.0,0.0
66,2018,R,white,male,0.0,0.5,0.3333333333333333,1.0,0.3333333333333333,0.0,0.0,,
67,2012,D,black,male,0.0,0.3333333333333333,0.3333333333333333,0.5714285714285714,0.6666666666666666,0.0,0.0,0.0,0.0
67,2014,D,black,male,0.6666666666666666,0.8,0.3333333333333333,0.4,0.25,0.0,0.0,0.0,0.0
67,2016,D,black,male,0.8,0.42857142857142855,0.4444444444444444,0.0,0.0,0.0,0.0,0.0,0.0
67,2018,D,black,male,1.0,1.0,1.0,1.0,1.0,0.0,0.0,,
68,2012,0,white,male,0.0,0.0,0.0,0.0,0.0,0.0,0.0,2600.0,2600.0
68,2014,0,white,male,0.0,0.0,0.0,0.0,0.0,2600.0,2600.0,0.0,0.0
68,2016,0,white,male,0.0,0.0,0.0,0.0,0.0,0.0,0.0,0.0,0.0
68,2018,0,white,male,0.0,0.0,0.0,0.0,0.0,0.0,0.0,,
69,2012,D,white,female,0.25,0.3333333333333333,0.3333333333333333,0.5714285714285714,0.0,0.0,0.0,0.0,0.0
69,2014,D,white,female,0.3333333333333333,0.8,0.3333333333333333,0.4,0.25,0.0,0.0,0.0,0.0
69,2016,D,white,female,0.0,0.0,0.0,0.0,0.0,0.0,0.0,0.0,0.0
69,2018,D,white,female,0.0,0.0,0.0,1.0,0.0,0.0,0.0,,
70,2012,D,white,female,0.0,0.3333333333333333,0.3333333333333333,0.5714285714285714,0.0,0.0,0.0,0.0,0.0
70,2014,D,white,female,0.0,0.8,0.3333333333333333,0.4,0.25,0.0,0.0,0.0,0.0
70,2016,D,white,female,0.8,0.0,0.0,0.0,0.0,0.0,0.0,0.0,0.0
70,2018,D,white,female,1.0,0.0,0.0,1.0,0.0,0.0,0.0,,
71,2012,D,white,female,0.25,0.0,0.0,0.0,0.0,0.0,0.0,0.0,0.0
71,2014,D,white,female,0.3333333333333333,0.0,0.0,0.0,0.0,0.0,0.0,0.0,0.0
71,2016,D,white,female,0.0,0.2857142857142857,0.3333333333333333,0.0,0.0,0.0,0.0,0.0,0.0
71,2018,D,white,female,0.0,1.0,1.0,1.0,1.0,0.0,0.0,,
72,2012,D,white,female,0.0,0.0,0.0,0.0,0.0,0.0,0.0,0.0,0.0
72,2014,D,white,female,0.0,0.0,0.0,0.0,0.0,0.0,0.0,0.0,0.0
72,2016,D,white,female,0.8,0.2857142857142857,0.3333333333333333,0.0,0.0,0.0,0.0,0.0,0.0
72,2018,D,white,female,1.0,1.0,1.0,1.0,1.0,0.0,0.0,,
73,2012,D,white,female,0.5,0.3333333333333333,0.6666666666666666,0.2857142857142857,0.6666666666666666,0.0,0.0,0.0,0.0
73,2014,D,white,female,0.3333333333333333,0.6,0.3333333333333333,0.2,0.25,0.0,0.0,550.0,550.0
73,2016,D,white,female,0.8,0.2857142857142857,0.3333333333333333,0.0,0.0,550.0,550.0,500.0,500.0
73,2018,D,white,female,1.0,1.0,1.0,1.0,1.0,500.0,500.0,,
74,2012,D,black,female,0.25,0.5,0.3333333333333333,0.7142857142857143,0.6666666666666666,0.0,0.0,0.0,0.0
74,2014,D,black,female,0.3333333333333333,0.8,0.3333333333333333,0.4,0.25,0.0,0.0,0.0,0.0
74,2016,D,black,female,0.8,0.2857142857142857,0.3333333333333333,0.0,0.0,0.0,0.0,0.0,0.0
74,2018,D,black,female,0.5,0.75,0.6666666666666666,1.0,0.6666666666666666,0.0,0.0,,
75,2012,R,hispanic,male,0.75,0.8333333333333334,0.6666666666666666,0.7142857142857143,0.6666666666666666,0.0,0.0,0.0,0.0
75,2014,R,hispanic,male,1.0,1.0,0.6666666666666666,0.8,1.0,0.0,0.0,0.0,0.0
75,2016,R,hispanic,male,0.8,0.5714285714285714,0.7777777777777778,0.75,1.0,0.0,0.0,0.0,0.0
75,2018,R,hispanic,male,0.0,0.5,0.3333333333333333,1.0,0.3333333333333333,0.0,0.0,,
76,2012,0,black,male,0.0,0.0,0.0,0.0,0.0,0.0,0.0,0.0,0.0
76,2014,0,black,male,0.0,0.0,0.0,0.0,0.0,0.0,0.0,0.0,0.0
76,2016,0,black,male,0.0,0.0,0.0,0.0,0.0,0.0,0.0,0.0,0.0
76,2018,0,black,male,0.0,0.0,0.0,0.0,0.0,0.0,0.0,,
77,2012,0,black,male,0.0,0.0,0.0,0.0,0.0,0.0,0.0,0.0,0.0
77,2014,0,black,male,0.0,0.0,0.0,0.0,0.0,0.0,0.0,0.0,0.0
77,2016,0,black,male,0.0,0.0,0.0,0.0,0.0,0.0,0.0,0.0,0.0
77,2018,0,black,male,0.0,0.0,0.0,0.0,0.0,0.0,0.0,,
78,2012,D,black,male,0.0,0.3333333333333333,0.3333333333333333,0.5714285714285714,0.6666666666666666,0.0,0.0,0.0,0.0
78,2014,D,black,male,0.3333333333333333,0.8,0.3333333333333333,0.4,0.25,0.0,0.0,0.0,0.0
78,2016,D,black,male,0.6,0.14285714285714285,0.3333333333333333,0.0,0.0,0.0,0.0,58.0,58.0
78,2018,D,black,male,0.5,0.0,1.0,1.0,1.0,58.0,58.0,,
79,2012,R,white,male,0.75,0.8333333333333334,0.6666666666666666,0.7142857142857143,0.6666666666666666,0.0,0.0,0.0,0.0
79,2014,R,white,male,0.6666666666666666,1.0,0.6666666666666666,0.6,1.0,0.0,0.0,0.0,0.0
79,2016,R,white,male,0.8,0.8571428571428571,0.8888888888888888,1.0,1.0,0.0,0.0,0.0,0.0
79,2018,R,white,male,0.0,0.5,0.3333333333333333,1.0,0.3333333333333333,0.0,0.0,,
80,2012,R,white,male,0.5,0.8333333333333334,0.3333333333333333,0.7142857142857143,0.3333333333333333,0.0,0.0,0.0,0.0
80,2014,R,white,male,0.6666666666666666,0.6,0.6666666666666666,0.8,1.0,0.0,0.0,0.0,0.0
80,2016,R,white,male,0.8,0.8571428571428571,0.8888888888888888,1.0,1.0,0.0,0.0,0.0,0.0
80,2018,R,white,male,0.0,0.5,0.3333333333333333,1.0,0.3333333333333333,0.0,0.0,,
81,2012,R,white,male,0.75,0.8333333333333334,0.6666666666666666,0.5714285714285714,0.6666666666666666,0.0,0.0,0.0,0.0
81,2014,R,white,male,0.6666666666666666,0.8,0.6666666666666666,0.8,1.0,0.0,0.0,0.0,0.0
81,2016,R,white,male,0.8,0.8571428571428571,0.8888888888888888,1.0,1.0,0.0,0.0,0.0,0.0
81,2018,R,white,male,0.0,0.5,0.3333333333333333,1.0,0.3333333333333333,0.0,0.0,,
82,2012,D,black,male,0.5,0.5,0.6666666666666666,0.7142857142857143,0.6666666666666666,0.0,0.0,0.0,0.0
82,2014,D,black,male,0.6666666666666666,0.8,0.3333333333333333,0.8,1.0,0.0,0.0,0.0,0.0
82,2016,D,black,male,0.8,0.42857142857142855,0.6666666666666666,0.25,0.3333333333333333,0.0,0.0,0.0,0.0
82,2018,D,black,male,1.0,1.0,1.0,1.0,1.0,0.0,0.0,,
83,2012,R,white,male,0.75,0.8333333333333334,0.6666666666666666,0.7142857142857143,0.3333333333333333,0.0,0.0,0.0,0.0
83,2014,R,white,male,0.6666666666666666,0.8,0.6666666666666666,0.8,1.0,0.0,0.0,0.0,0.0
83,2016,R,white,male,0.8,0.8571428571428571,0.7777777777777778,1.0,1.0,0.0,0.0,0.0,0.0
83,2018,R,white,male,0.0,0.0,0.3333333333333333,1.0,0.3333333333333333,0.0,0.0,,
84,2012,D,islander,female,0.0,0.5,0.3333333333333333,0.5714285714285714,0.6666666666666666,0.0,0.0,0.0,0.0
84,2014,D,islander,female,0.3333333333333333,0.8,0.3333333333333333,0.4,0.25,0.0,0.0,0.0,0.0
84,2016,D,islander,female,0.8,0.2857142857142857,0.3333333333333333,0.0,0.0,0.0,0.0,0.0,0.0
84,2018,D,islander,female,1.0,0.5,0.6666666666666666,1.0,1.0,0.0,0.0,,
85,2012,R,white,male,0.75,0.8333333333333334,0.6666666666666666,0.7142857142857143,0.6666666666666666,0.0,0.0,0.0,0.0
85,2014,R,white,male,0.6666666666666666,1.0,0.3333333333333333,0.8,1.0,0.0,0.0,0.0,0.0
85,2016,R,white,male,0.6,0.7142857142857143,0.6666666666666666,1.0,1.0,0.0,0.0,0.0,0.0
85,2018,R,white,male,0.0,0.5,0.6666666666666666,1.0,0.6666666666666666,0.0,0.0,,
86,2012,D,black,male,0.0,0.3333333333333333,0.3333333333333333,0.7142857142857143,0.3333333333333333,0.0,0.0,0.0,0.0
86,2014,D,black,male,0.3333333333333333,0.8,0.3333333333333333,0.6,0.25,0.0,0.0,0.0,0.0
86,2016,D,black,male,0.6,0.42857142857142855,0.2222222222222222,0.0,0.0,0.0,0.0,0.0,0.0
86,2018,D,black,male,1.0,1.0,1.0,1.0,1.0,0.0,0.0,,
87,2012,D,black,female,0.25,0.3333333333333333,0.3333333333333333,0.5714285714285714,0.6666666666666666,0.0,0.0,0.0,0.0
87,2014,D,black,female,0.6666666666666666,0.8,0.3333333333333333,0.4,0.25,0.0,0.0,0.0,0.0
87,2016,D,black,female,0.8,0.2857142857142857,0.3333333333333333,0.0,0.0,0.0,0.0,0.0,0.0
87,2018,D,black,female,1.0,1.0,1.0,1.0,1.0,0.0,0.0,,
88,2012,0,white,male,0.0,0.0,0.0,0.0,0.0,0.0,0.0,0.0,0.0
88,2014,0,white,male,0.0,0.0,0.0,0.0,0.0,0.0,0.0,0.0,0.0
88,2016,0,white,male,0.0,0.0,0.0,0.0,0.0,0.0,0.0,0.0,0.0
88,2018,0,white,male,0.0,0.0,0.0,0.0,0.0,0.0,0.0,,
89,2012,0,white,male,0.0,0.0,0.0,0.0,0.0,0.0,0.0,0.0,0.0
89,2014,0,white,male,0.0,0.0,0.0,0.0,0.0,0.0,0.0,0.0,0.0
89,2016,0,white,male,0.0,0.0,0.0,0.0,0.0,0.0,0.0,0.0,0.0
89,2018,0,white,male,0.0,0.0,0.0,0.0,0.0,0.0,0.0,,
90,2012,D,black,male,0.0,0.16666666666666666,0.3333333333333333,0.5714285714285714,0.6666666666666666,0.0,0.0,0.0,0.0
90,2014,D,black,male,0.0,0.8,0.3333333333333333,0.4,0.25,0.0,0.0,0.0,0.0
90,2016,D,black,male,0.2,0.2857142857142857,0.4444444444444444,0.0,0.0,0.0,0.0,0.0,0.0
90,2018,D,black,male,1.0,1.0,1.0,1.0,1.0,0.0,0.0,,
91,2012,D,white,female,0.0,0.3333333333333333,0.3333333333333333,0.5714285714285714,0.6666666666666666,0.0,0.0,0.0,0.0
91,2014,D,white,female,0.3333333333333333,0.8,0.3333333333333333,0.4,0.25,0.0,0.0,0.0,0.0
91,2016,D,white,female,0.6,0.14285714285714285,0.3333333333333333,0.0,0.0,0.0,0.0,0.0,0.0
91,2018,D,white,female,1.0,1.0,1.0,1.0,1.0,0.0,0.0,,
92,2012,D,white,male,0.5,0.6666666666666666,0.6666666666666666,0.7142857142857143,0.6666666666666666,0.0,0.0,0.0,0.0
92,2014,D,white,male,0.3333333333333333,0.8,0.3333333333333333,0.6,0.5,0.0,0.0,0.0,0.0
92,2016,D,white,male,0.8,0.42857142857142855,0.6666666666666666,0.0,0.3333333333333333,0.0,0.0,0.0,0.0
92,2018,D,white,male,1.0,1.0,1.0,1.0,1.0,0.0,0.0,,
93,2012,R,white,male,0.75,0.8333333333333334,0.6666666666666666,0.7142857142857143,0.6666666666666666,0.0,0.0,0.0,0.0
93,2014,R,white,male,0.6666666666666666,1.0,0.6666666666666666,0.8,1.0,0.0,0.0,0.0,0.0
93,2016,R,white,male,0.8,0.8571428571428571,0.8888888888888888,1.0,1.0,0.0,0.0,0.0,0.0
93,2018,R,white,male,0.0,0.5,0.3333333333333333,1.0,0.3333333333333333,0.0,0.0,,
94,2012,R,white,male,0.75,0.8333333333333334,0.6666666666666666,0.7142857142857143,0.6666666666666666,0.0,0.0,0.0,0.0
94,2014,R,white,male,0.6666666666666666,1.0,0.6666666666666666,0.8,1.0,0.0,0.0,0.0,0.0
94,2016,R,white,male,0.8,0.7142857142857143,0.7777777777777778,1.0,1.0,0.0,0.0,0.0,0.0
94,2018,R,white,male,0.0,0.5,0.3333333333333333,1.0,0.3333333333333333,0.0,0.0,,
95,2012,R,white,male,0.75,0.8333333333333334,0.6666666666666666,0.7142857142857143,0.6666666666666666,0.0,0.0,0.0,0.0
95,2014,R,white,male,0.6666666666666666,1.0,0.6666666666666666,0.8,1.0,0.0,0.0,0.0,0.0
95,2016,R,white,male,0.8,0.7142857142857143,0.8888888888888888,1.0,1.0,0.0,0.0,0.0,0.0
95,2018,R,white,male,0.0,0.5,0.6666666666666666,1.0,0.6666666666666666,0.0,0.0,,
96,2012,D,white,female,0.75,0.8333333333333334,0.6666666666666666,0.7142857142857143,0.6666666666666666,0.0,0.0,0.0,0.0
96,2014,D,white,female,0.3333333333333333,0.8,0.3333333333333333,0.6,0.75,0.0,0.0,0.0,0.0
96,2016,D,white,female,0.8,0.2857142857142857,0.4444444444444444,0.0,0.3333333333333333,0.0,0.0,404.0,404.0
96,2018,D,white,female,1.0,1.0,1.0,1.0,1.0,404.0,404.0,,
97,2012,D,white,male,0.25,0.3333333333333333,0.3333333333333333,0.7142857142857143,0.6666666666666666,0.0,0.0,0.0,0.0
97,2014,D,white,male,0.3333333333333333,0.8,0.3333333333333333,0.4,0.25,0.0,0.0,0.0,0.0
97,2016,D,white,male,0.6,0.14285714285714285,0.3333333333333333,0.0,0.0,0.0,0.0,0.0,0.0
97,2018,D,white,male,1.0,1.0,1.0,1.0,1.0,0.0,0.0,,
98,2012,R,white,female,0.75,0.8333333333333334,0.6666666666666666,0.7142857142857143,0.6666666666666666,0.0,0.0,0.0,0.0
98,2014,R,white,female,0.6666666666666666,1.0,0.6666666666666666,0.8,0.75,0.0,0.0,0.0,0.0
98,2016,R,white,female,0.8,0.8571428571428571,0.8888888888888888,1.0,1.0,0.0,0.0,0.0,0.0
98,2018,R,white,female,0.0,0.5,0.3333333333333333,1.0,0.3333333333333333,0.0,0.0,,
99,2012,R,white,female,0.75,0.8333333333333334,0.6666666666666666,0.7142857142857143,0.6666666666666666,0.0,0.0,0.0,0.0
99,2014,R,white,female,0.6666666666666666,1.0,0.6666666666666666,0.8,1.0,0.0,0.0,0.0,0.0
99,2016,R,white,female,0.8,0.8571428571428571,0.8888888888888888,1.0,1.0,0.0,0.0,0.0,0.0
99,2018,R,white,female,0.0,0.0,0.3333333333333333,1.0,0.3333333333333333,0.0,0.0,,
100,2012,D,black,male,0.25,0.3333333333333333,0.3333333333333333,0.5714285714285714,0.6666666666666666,0.0,0.0,0.0,0.0
100,2014,D,black,male,0.3333333333333333,0.8,0.3333333333333333,0.4,0.25,0.0,0.0,0.0,0.0
100,2016,D,black,male,0.8,0.42857142857142855,0.4444444444444444,0.0,0.0,0.0,0.0,0.0,0.0
100,2018,D,black,male,1.0,1.0,1.0,1.0,1.0,0.0,0.0,,
101,2012,R,white,male,0.75,0.8333333333333334,0.6666666666666666,0.7142857142857143,0.6666666666666666,0.0,0.0,0.0,0.0
101,2014,R,white,male,0.6666666666666666,1.0,0.6666666666666666,0.8,1.0,0.0,0.0,0.0,0.0
101,2016,R,white,male,0.8,0.8571428571428571,0.8888888888888888,1.0,1.0,0.0,0.0,0.0,0.0
101,2018,R,white,male,0.0,0.5,0.3333333333333333,1.0,0.3333333333333333,0.0,0.0,,
102,2012,D,white,male,0.5,0.5,0.3333333333333333,0.7142857142857143,0.6666666666666666,0.0,0.0,0.0,0.0
102,2014,D,white,male,0.3333333333333333,0.8,0.3333333333333333,0.6,0.75,0.0,0.0,0.0,0.0
102,2016,D,white,male,0.8,0.2857142857142857,0.5555555555555556,0.0,0.3333333333333333,0.0,0.0,0.0,0.0
102,2018,D,white,male,1.0,1.0,1.0,1.0,1.0,0.0,0.0,,
103,2012,R,white,male,0.5,0.8333333333333334,0.6666666666666666,0.7142857142857143,0.6666666666666666,0.0,0.0,0.0,0.0
103,2014,R,white,male,0.3333333333333333,0.6,0.3333333333333333,0.6,0.75,0.0,0.0,0.0,0.0
103,2016,R,white,male,0.6,0.8571428571428571,0.8888888888888888,1.0,1.0,0.0,0.0,0.0,0.0
103,2018,R,white,male,0.0,0.25,0.3333333333333333,1.0,0.3333333333333333,0.0,0.0,,
104,2012,R,white,male,0.75,0.8333333333333334,0.6666666666666666,0.7142857142857143,0.6666666666666666,0.0,0.0,0.0,0.0
104,2014,R,white,male,0.6666666666666666,0.8,0.6666666666666666,0.8,1.0,0.0,0.0,0.0,0.0
104,2016,R,white,male,0.8,0.8571428571428571,0.8888888888888888,1.0,1.0,0.0,0.0,0.0,0.0
104,2018,R,white,male,0.0,0.5,0.3333333333333333,1.0,0.3333333333333333,0.0,0.0,,
105,2012,D,white,male,0.25,0.16666666666666666,0.3333333333333333,0.7142857142857143,0.6666666666666666,0.0,0.0,0.0,0.0
105,2014,D,white,male,0.3333333333333333,0.8,0.3333333333333333,0.6,0.25,0.0,0.0,0.0,0.0
105,2016,D,white,male,0.6,0.2857142857142857,0.3333333333333333,0.0,0.0,0.0,0.0,0.0,0.0
105,2018,D,white,male,1.0,1.0,1.0,1.0,1.0,0.0,0.0,,
106,2012,R,white,male,0.25,0.5,0.3333333333333333,0.5714285714285714,0.3333333333333333,0.0,0.0,0.0,0.0
106,2014,R,white,male,0.3333333333333333,0.2,0.3333333333333333,0.4,0.75,0.0,0.0,0.0,0.0
106,2016,R,white,male,0.0,0.8571428571428571,0.6666666666666666,0.75,0.6666666666666666,0.0,0.0,0.0,0.0
106,2018,R,white,male,0.0,0.0,0.3333333333333333,1.0,0.0,0.0,0.0,,
107,2012,0,white,male,0.0,0.0,0.0,0.0,0.0,0.0,0.0,0.0,0.0
107,2014,0,white,male,0.0,0.0,0.0,0.0,0.0,0.0,0.0,0.0,0.0
107,2016,0,white,male,0.0,0.0,0.0,0.0,0.0,0.0,0.0,0.0,0.0
107,2018,0,white,male,0.0,0.0,0.0,0.0,0.0,0.0,0.0,,
108,2012,0,white,male,0.0,0.0,0.0,0.0,0.0,0.0,0.0,0.0,0.0
108,2014,0,white,male,0.0,0.0,0.0,0.0,0.0,0.0,0.0,0.0,0.0
108,2016,0,white,male,0.0,0.0,0.0,0.0,0.0,0.0,0.0,0.0,0.0
108,2018,0,white,male,0.0,0.0,0.0,0.0,0.0,0.0,0.0,,
109,2012,R,white,male,0.75,0.8333333333333334,0.6666666666666666,0.7142857142857143,0.3333333333333333,0.0,0.0,0.0,0.0
109,2014,R,white,male,0.6666666666666666,0.8,0.6666666666666666,0.8,1.0,0.0,0.0,0.0,0.0
109,2016,R,white,male,0.8,0.7142857142857143,0.5555555555555556,0.75,0.6666666666666666,0.0,0.0,1000.0,1000.0
109,2018,R,white,male,0.0,0.5,0.3333333333333333,1.0,0.3333333333333333,1000.0,1000.0,,
110,2012,D,black,male,0.5,0.3333333333333333,0.3333333333333333,0.5714285714285714,1.0,0.0,0.0,0.0,0.0
110,2014,D,black,male,0.3333333333333333,0.8,0.3333333333333333,0.4,0.5,0.0,0.0,0.0,0.0
110,2016,D,black,male,0.6,0.2857142857142857,0.5555555555555556,0.0,0.3333333333333333,0.0,0.0,0.0,0.0
110,2018,D,black,male,1.0,1.0,1.0,1.0,1.0,0.0,0.0,,
111,2012,D,white,female,0.0,0.3333333333333333,0.0,0.5714285714285714,0.6666666666666666,0.0,0.0,0.0,0.0
111,2014,D,white,female,0.3333333333333333,0.8,0.3333333333333333,0.4,0.5,0.0,0.0,0.0,0.0
111,2016,D,white,female,0.6,0.2857142857142857,0.3333333333333333,0.0,0.0,0.0,0.0,0.0,0.0
111,2018,D,white,female,1.0,1.0,1.0,1.0,1.0,0.0,0.0,,
112,2012,0,white,male,0.0,0.0,0.0,0.0,0.0,0.0,0.0,0.0,0.0
112,2014,0,white,male,0.0,0.0,0.0,0.0,0.0,0.0,0.0,0.0,0.0
112,2016,0,white,male,0.0,0.0,0.0,0.0,0.0,0.0,0.0,0.0,0.0
112,2018,0,white,male,0.0,0.0,0.0,0.0,0.0,0.0,0.0,,
113,2012,0,white,male,0.0,0.0,0.0,0.0,0.0,0.0,0.0,0.0,0.0
113,2014,0,white,male,0.0,0.0,0.0,0.0,0.0,0.0,0.0,0.0,0.0
113,2016,0,white,male,0.0,0.0,0.0,0.0,0.0,0.0,0.0,0.0,0.0
113,2018,0,white,male,0.0,0.0,0.0,0.0,0.0,0.0,0.0,,
114,2012,D,white,male,0.0,0.3333333333333333,0.3333333333333333,0.42857142857142855,0.6666666666666666,0.0,0.0,0.0,0.0
114,2014,D,white,male,0.3333333333333333,0.8,0.3333333333333333,0.4,0.25,0.0,0.0,0.0,0.0
114,2016,D,white,male,0.8,0.2857142857142857,0.3333333333333333,0.0,0.0,0.0,0.0,0.0,0.0
114,2018,D,white,male,1.0,1.0,1.0,1.0,1.0,0.0,0.0,,
115,2012,D,white,male,0.5,0.5,0.6666666666666666,0.7142857142857143,0.6666666666666666,0.0,0.0,0.0,0.0
115,2014,D,white,male,0.6666666666666666,0.8,0.3333333333333333,0.4,0.25,0.0,0.0,0.0,0.0
115,2016,D,white,male,0.6,0.2857142857142857,0.2222222222222222,0.0,0.0,0.0,0.0,0.0,0.0
115,2018,D,white,male,1.0,1.0,1.0,1.0,1.0,0.0,0.0,,
116,2012,D,black,male,0.25,0.3333333333333333,0.3333333333333333,0.5714285714285714,0.6666666666666666,0.0,0.0,0.0,0.0
116,2014,D,black,male,0.3333333333333333,0.8,0.3333333333333333,0.4,0.25,0.0,0.0,0.0,0.0
116,2016,D,black,male,0.4,0.14285714285714285,0.3333333333333333,0.25,0.3333333333333333,0.0,0.0,0.0,0.0
116,2018,D,black,male,0.0,0.0,1.0,1.0,1.0,0.0,0.0,,
117,2012,D,black,male,0.0,0.3333333333333333,0.3333333333333333,0.5714285714285714,0.6666666666666666,0.0,0.0,0.0,0.0
117,2014,D,black,male,0.0,0.8,0.3333333333333333,0.4,0.25,0.0,0.0,0.0,0.0
117,2016,D,black,male,0.0,0.14285714285714285,0.3333333333333333,0.25,0.3333333333333333,0.0,0.0,0.0,0.0
117,2018,D,black,male,0.0,0.0,1.0,1.0,1.0,0.0,0.0,,
118,2012,D,white,male,0.0,0.5,0.3333333333333333,0.5714285714285714,0.6666666666666666,0.0,0.0,0.0,0.0
118,2014,D,white,male,0.3333333333333333,0.8,0.3333333333333333,0.4,0.5,0.0,0.0,0.0,0.0
118,2016,D,white,male,0.8,0.2857142857142857,0.4444444444444444,0.0,0.0,0.0,0.0,0.0,0.0
118,2018,D,white,male,1.0,1.0,0.6666666666666666,1.0,0.6666666666666666,0.0,0.0,,
119,2012,0,white,male,0.0,0.0,0.0,0.0,0.0,0.0,0.0,0.0,0.0
119,2014,0,white,male,0.0,0.0,0.0,0.0,0.0,0.0,0.0,0.0,0.0
119,2016,0,white,male,0.0,0.0,0.0,0.0,0.0,0.0,0.0,0.0,0.0
119,2018,0,white,male,0.0,0.0,0.0,0.0,0.0,0.0,0.0,,
120,2012,D,white,male,0.0,0.3333333333333333,0.3333333333333333,0.5714285714285714,0.6666666666666666,0.0,0.0,0.0,0.0
120,2014,D,white,male,0.3333333333333333,0.6,0.0,0.2,0.0,0.0,0.0,0.0,0.0
120,2016,D,white,male,0.6,0.42857142857142855,0.3333333333333333,0.25,0.0,0.0,0.0,0.0,0.0
120,2018,D,white,male,1.0,1.0,1.0,1.0,1.0,0.0,0.0,,
121,2012,D,white,female,0.0,0.0,0.0,0.0,0.0,0.0,0.0,0.0,0.0
121,2014,D,white,female,0.3333333333333333,0.8,0.3333333333333333,0.4,0.25,0.0,0.0,0.0,0.0
121,2016,D,white,female,0.6,0.2857142857142857,0.4444444444444444,0.0,0.0,0.0,0.0,0.0,0.0
121,2018,D,white,female,1.0,1.0,1.0,1.0,1.0,0.0,0.0,,
122,2012,D,white,male,0.25,0.5,0.3333333333333333,0.5714285714285714,1.0,0.0,0.0,0.0,0.0
122,2014,D,white,male,0.3333333333333333,0.8,0.3333333333333333,0.4,0.25,0.0,0.0,0.0,0.0
122,2016,D,white,male,0.8,0.2857142857142857,0.3333333333333333,0.0,0.0,0.0,0.0,0.0,0.0
122,2018,D,white,male,1.0,1.0,1.0,1.0,1.0,0.0,0.0,,
123,2012,D,white,male,0.25,0.5,0.6666666666666666,0.7142857142857143,0.6666666666666666,0.0,0.0,0.0,0.0
123,2014,D,white,male,0.3333333333333333,0.8,0.3333333333333333,0.4,0.5,0.0,0.0,0.0,0.0
123,2016,D,white,male,0.6,0.2857142857142857,0.4444444444444444,0.0,0.0,0.0,0.0,0.0,0.0
123,2018,D,white,male,1.0,1.0,1.0,1.0,1.0,0.0,0.0,,
124,2012,R,white,male,0.75,0.8333333333333334,0.6666666666666666,0.7142857142857143,0.6666666666666666,0.0,0.0,0.0,0.0
124,2014,R,white,male,0.6666666666666666,0.6,0.6666666666666666,0.8,1.0,0.0,0.0,0.0,0.0
124,2016,R,white,male,0.8,0.8571428571428571,0.8888888888888888,1.0,1.0,0.0,0.0,0.0,0.0
124,2018,R,white,male,0.0,0.5,0.3333333333333333,1.0,0.3333333333333333,0.0,0.0,,
125,2012,R,white,male,0.25,0.5,0.3333333333333333,0.5714285714285714,0.3333333333333333,0.0,0.0,0.0,0.0
125,2014,R,white,male,0.3333333333333333,0.2,0.3333333333333333,0.4,0.5,0.0,0.0,0.0,0.0
125,2016,R,white,male,0.2,0.5714285714285714,0.6666666666666666,0.75,0.6666666666666666,0.0,0.0,0.0,0.0
125,2018,R,white,male,0.0,0.0,0.0,1.0,0.0,0.0,0.0,,
126,2012,R,white,male,0.0,0.5,0.3333333333333333,0.5714285714285714,0.3333333333333333,0.0,0.0,0.0,0.0
126,2014,R,white,male,0.0,0.2,0.3333333333333333,0.4,0.5,0.0,0.0,0.0,0.0
126,2016,R,white,male,0.0,0.5714285714285714,0.6666666666666666,0.75,0.6666666666666666,0.0,0.0,0.0,0.0
126,2018,R,white,male,0.0,0.0,0.0,1.0,0.0,0.0,0.0,,
127,2012,0,white,male,0.0,0.0,0.0,0.0,0.0,0.0,0.0,0.0,0.0
127,2014,0,white,male,0.0,0.0,0.0,0.0,0.0,0.0,0.0,0.0,0.0
127,2016,0,white,male,0.0,0.0,0.0,0.0,0.0,0.0,0.0,0.0,0.0
127,2018,0,white,male,0.0,0.0,0.0,0.0,0.0,0.0,0.0,,
128,2012,R,white,male,0.75,0.8333333333333334,0.6666666666666666,0.7142857142857143,0.6666666666666666,0.0,0.0,0.0,0.0
128,2014,R,white,male,0.6666666666666666,1.0,0.6666666666666666,0.8,1.0,0.0,0.0,0.0,0.0
128,2016,R,white,male,0.8,0.7142857142857143,1.0,1.0,1.0,0.0,0.0,0.0,0.0
128,2018,R,white,male,0.0,0.5,1.0,1.0,1.0,0.0,0.0,,
129,2012,R,white,male,0.75,0.8333333333333334,0.6666666666666666,0.7142857142857143,0.6666666666666666,0.0,0.0,0.0,0.0
129,2014,R,white,male,0.6666666666666666,0.8,0.6666666666666666,0.8,1.0,0.0,0.0,0.0,0.0
129,2016,R,white,male,0.8,0.8571428571428571,0.8888888888888888,1.0,1.0,0.0,0.0,0.0,0.0
129,2018,R,white,male,0.0,0.5,0.3333333333333333,1.0,0.3333333333333333,0.0,0.0,,
130,2012,D,white,female,0.0,0.3333333333333333,0.3333333333333333,0.7142857142857143,0.6666666666666666,0.0,0.0,0.0,0.0
130,2014,D,white,female,0.3333333333333333,0.8,0.3333333333333333,0.4,0.25,0.0,0.0,0.0,0.0
130,2016,D,white,female,0.8,0.2857142857142857,0.3333333333333333,0.0,0.0,0.0,0.0,0.0,0.0
130,2018,D,white,female,1.0,1.0,1.0,1.0,1.0,0.0,0.0,,
131,2012,D,white,male,0.5,0.8333333333333334,0.3333333333333333,0.7142857142857143,0.6666666666666666,0.0,0.0,0.0,0.0
131,2014,D,white,male,0.6666666666666666,1.0,0.3333333333333333,0.6,1.0,0.0,0.0,0.0,0.0
131,2016,D,white,male,0.6,0.7142857142857143,0.8888888888888888,0.25,0.6666666666666666,0.0,0.0,0.0,0.0
131,2018,D,white,male,1.0,0.75,1.0,1.0,1.0,0.0,0.0,,
132,2012,D,black,male,0.5,0.3333333333333333,0.3333333333333333,0.5714285714285714,0.6666666666666666,0.0,0.0,0.0,0.0
132,2014,D,black,male,0.3333333333333333,0.6,0.0,0.2,0.0,0.0,0.0,0.0,0.0
132,2016,D,black,male,0.6,0.42857142857142855,0.2222222222222222,0.25,0.0,0.0,0.0,25.0,25.0
132,2018,D,black,male,1.0,1.0,1.0,1.0,1.0,25.0,25.0,,
133,2012,R,white,male,0.5,0.8333333333333334,0.6666666666666666,0.7142857142857143,0.6666666666666666,0.0,0.0,0.0,0.0
133,2014,R,white,male,0.6666666666666666,1.0,0.6666666666666666,0.8,1.0,0.0,0.0,0.0,0.0
133,2016,R,white,male,0.6,0.5714285714285714,0.8888888888888888,1.0,1.0,0.0,0.0,0.0,0.0
133,2018,R,white,male,0.0,0.5,0.3333333333333333,1.0,0.3333333333333333,0.0,0.0,,
134,2012,0,white,male,0.0,0.0,0.0,0.0,0.0,0.0,0.0,0.0,0.0
134,2014,0,white,male,0.0,0.0,0.0,0.0,0.0,0.0,0.0,0.0,0.0
134,2016,0,white,male,0.0,0.0,0.0,0.0,0.0,0.0,0.0,0.0,0.0
134,2018,0,white,male,0.0,0.0,0.0,0.0,0.0,0.0,0.0,,
135,2012,R,white,female,0.75,0.8333333333333334,0.6666666666666666,0.7142857142857143,0.6666666666666666,0.0,0.0,0.0,0.0
135,2014,R,white,female,0.6666666666666666,1.0,0.6666666666666666,0.8,1.0,0.0,0.0,0.0,0.0
135,2016,R,white,female,0.8,0.8571428571428571,0.8888888888888888,1.0,1.0,0.0,0.0,0.0,0.0
135,2018,R,white,female,0.0,0.5,0.3333333333333333,1.0,0.3333333333333333,0.0,0.0,,
136,2012,R,white,male,0.75,0.8333333333333334,0.6666666666666666,0.7142857142857143,0.6666666666666666,0.0,0.0,0.0,0.0
136,2014,R,white,male,0.3333333333333333,1.0,1.0,0.8,1.0,0.0,0.0,0.0,0.0
136,2016,R,white,male,0.8,0.8571428571428571,0.7777777777777778,1.0,1.0,0.0,0.0,0.0,0.0
136,2018,R,white,male,0.0,0.5,0.3333333333333333,1.0,0.3333333333333333,0.0,0.0,,
137,2012,R,white,female,0.5,0.8333333333333334,0.6666666666666666,0.7142857142857143,0.6666666666666666,0.0,0.0,0.0,0.0
137,2014,R,white,female,0.6666666666666666,1.0,0.6666666666666666,0.8,1.0,0.0,0.0,0.0,0.0
137,2016,R,white,female,0.6,0.8571428571428571,0.8888888888888888,1.0,1.0,0.0,0.0,0.0,0.0
137,2018,R,white,female,0.0,0.5,0.3333333333333333,1.0,0.3333333333333333,0.0,0.0,,
138,2012,0,black,male,0.0,0.0,0.0,0.0,0.0,0.0,0.0,0.0,0.0
138,2014,0,black,male,0.0,0.0,0.0,0.0,0.0,0.0,0.0,0.0,0.0
138,2016,0,black,male,0.0,0.0,0.0,0.0,0.0,0.0,0.0,0.0,0.0
138,2018,0,black,male,0.0,0.0,0.0,0.0,0.0,0.0,0.0,,
139,2012,R,white,male,0.75,0.8333333333333334,0.3333333333333333,0.7142857142857143,1.0,0.0,0.0,0.0,0.0
139,2014,R,white,male,0.6666666666666666,0.8,0.6666666666666666,0.8,1.0,0.0,0.0,0.0,0.0
139,2016,R,white,male,0.6,0.7142857142857143,0.8888888888888888,0.75,1.0,0.0,0.0,0.0,0.0
139,2018,R,white,male,0.0,0.5,0.3333333333333333,1.0,0.3333333333333333,0.0,0.0,,
140,2012,0,white,male,0.0,0.0,0.0,0.0,0.0,0.0,0.0,0.0,0.0
140,2014,0,white,male,0.0,0.0,0.0,0.0,0.0,0.0,0.0,0.0,0.0
140,2016,0,white,male,0.0,0.0,0.0,0.0,0.0,0.0,0.0,0.0,0.0
140,2018,0,white,male,0.0,0.0,0.0,0.0,0.0,0.0,0.0,,
141,2012,R,white,male,0.75,0.8333333333333334,0.6666666666666666,0.7142857142857143,0.6666666666666666,0.0,0.0,0.0,0.0
141,2014,R,white,male,0.6666666666666666,0.8,0.3333333333333333,0.6,0.75,0.0,0.0,0.0,0.0
141,2016,R,white,male,0.6,0.7142857142857143,0.7777777777777778,1.0,1.0,0.0,0.0,0.0,0.0
141,2018,R,white,male,0.0,0.25,0.3333333333333333,1.0,0.3333333333333333,0.0,0.0,,
142,2012,R,white,male,0.75,0.8333333333333334,0.6666666666666666,0.7142857142857143,0.6666666666666666,0.0,0.0,0.0,0.0
142,2014,R,white,male,0.6666666666666666,0.8,0.3333333333333333,0.6,0.75,0.0,0.0,0.0,0.0
142,2016,R,white,male,0.8,0.8571428571428571,0.8888888888888888,1.0,1.0,0.0,0.0,0.0,0.0
142,2018,R,white,male,0.0,0.5,0.3333333333333333,1.0,0.3333333333333333,0.0,0.0,,
143,2012,R,white,male,0.75,0.6666666666666666,0.6666666666666666,0.7142857142857143,0.6666666666666666,0.0,0.0,0.0,0.0
143,2014,R,white,male,0.6666666666666666,0.6,0.0,0.6,0.75,0.0,0.0,0.0,0.0
143,2016,R,white,male,0.8,0.8571428571428571,0.8888888888888888,1.0,1.0,0.0,0.0,0.0,0.0
143,2018,R,white,male,0.0,0.5,0.3333333333333333,1.0,0.3333333333333333,0.0,0.0,,
144,2012,D,white,female,0.25,0.5,0.3333333333333333,0.5714285714285714,0.6666666666666666,0.0,0.0,0.0,0.0
144,2014,D,white,female,0.3333333333333333,0.8,0.3333333333333333,0.4,0.5,0.0,0.0,0.0,0.0
144,2016,D,white,female,0.6,0.42857142857142855,0.3333333333333333,0.0,0.0,0.0,0.0,0.0,0.0
144,2018,D,white,female,1.0,1.0,1.0,1.0,1.0,0.0,0.0,,
145,2012,R,white,male,0.5,0.8333333333333334,0.6666666666666666,0.7142857142857143,0.6666666666666666,0.0,0.0,0.0,0.0
145,2014,R,white,male,0.6666666666666666,0.6,0.3333333333333333,0.6,0.75,0.0,0.0,0.0,0.0
145,2016,R,white,male,0.6,0.8571428571428571,0.8888888888888888,1.0,1.0,0.0,0.0,0.0,0.0
145,2018,R,white,male,0.0,0.5,0.3333333333333333,1.0,0.3333333333333333,0.0,0.0,,
146,2012,D,white,female,0.5,0.5,0.6666666666666666,0.7142857142857143,0.6666666666666666,0.0,0.0,1000.0,1000.0
146,2014,D,white,female,0.3333333333333333,0.8,0.3333333333333333,0.4,0.5,1000.0,1000.0,0.0,0.0
146,2016,D,white,female,0.8,0.42857142857142855,0.5555555555555556,0.0,0.3333333333333333,0.0,0.0,396.0,396.0
146,2018,D,white,female,1.0,1.0,1.0,1.0,1.0,396.0,396.0,,
147,2012,D,white,male,0.0,0.0,0.0,0.0,0.0,0.0,0.0,0.0,0.0
147,2014,D,white,male,0.3333333333333333,0.8,0.3333333333333333,0.4,0.75,0.0,0.0,0.0,0.0
147,2016,D,white,male,0.6,0.2857142857142857,0.4444444444444444,0.0,0.0,0.0,0.0,0.0,0.0
147,2018,D,white,male,1.0,1.0,1.0,1.0,1.0,0.0,0.0,,
148,2012,0,white,male,0.0,0.0,0.0,0.0,0.0,0.0,0.0,0.0,0.0
148,2014,0,white,male,0.0,0.0,0.0,0.0,0.0,0.0,0.0,0.0,0.0
148,2016,0,white,male,0.0,0.0,0.0,0.0,0.0,0.0,0.0,0.0,0.0
148,2018,0,white,male,0.0,0.0,0.0,0.0,0.0,0.0,0.0,,
149,2012,D,white,male,0.0,0.3333333333333333,0.3333333333333333,0.5714285714285714,0.6666666666666666,0.0,0.0,0.0,0.0
149,2014,D,white,male,0.3333333333333333,0.8,0.3333333333333333,0.4,0.25,0.0,0.0,0.0,0.0
149,2016,D,white,male,0.6,0.2857142857142857,0.3333333333333333,0.0,0.0,0.0,0.0,25.0,25.0
149,2018,D,white,male,1.0,1.0,1.0,1.0,1.0,25.0,25.0,,
150,2012,D,hispanic,male,0.0,0.5,0.0,0.7142857142857143,0.3333333333333333,0.0,0.0,0.0,0.0
150,2014,D,hispanic,male,0.3333333333333333,0.8,0.6666666666666666,0.6,0.75,0.0,0.0,0.0,0.0
150,2016,D,hispanic,male,0.8,0.2857142857142857,0.3333333333333333,0.0,0.0,0.0,0.0,0.0,0.0
150,2018,D,hispanic,male,1.0,1.0,1.0,1.0,1.0,0.0,0.0,,
151,2012,D,white,male,0.25,0.3333333333333333,0.3333333333333333,0.5714285714285714,0.6666666666666666,0.0,0.0,0.0,0.0
151,2014,D,white,male,0.3333333333333333,0.8,0.3333333333333333,0.4,0.25,0.0,0.0,0.0,0.0
151,2016,D,white,male,0.8,0.2857142857142857,0.3333333333333333,0.0,0.0,0.0,0.0,0.0,0.0
151,2018,D,white,male,1.0,1.0,1.0,1.0,1.0,0.0,0.0,,
152,2012,D,black,male,0.0,0.3333333333333333,0.3333333333333333,0.5714285714285714,0.6666666666666666,0.0,0.0,0.0,0.0
152,2014,D,black,male,0.3333333333333333,0.6,0.6666666666666666,0.4,0.25,0.0,0.0,0.0,0.0
152,2016,D,black,male,0.6,0.42857142857142855,0.3333333333333333,0.0,0.0,0.0,0.0,0.0,0.0
152,2018,D,black,male,1.0,1.0,0.6666666666666666,1.0,0.6666666666666666,0.0,0.0,,
153,2012,0,hispanic,male,0.0,0.0,0.0,0.0,0.0,0.0,0.0,0.0,0.0
153,2014,0,hispanic,male,0.0,0.0,0.0,0.0,0.0,0.0,0.0,0.0,0.0
153,2016,0,hispanic,male,0.0,0.0,0.0,0.0,0.0,0.0,0.0,0.0,0.0
153,2018,0,hispanic,male,0.0,0.0,0.0,0.0,0.0,0.0,0.0,,
154,2012,R,white,male,0.75,0.8333333333333334,0.6666666666666666,0.7142857142857143,0.6666666666666666,0.0,0.0,0.0,0.0
154,2014,R,white,male,0.6666666666666666,1.0,0.6666666666666666,0.8,1.0,0.0,0.0,0.0,0.0
154,2016,R,white,male,0.8,0.2857142857142857,1.0,0.75,1.0,0.0,0.0,0.0,0.0
154,2018,R,white,male,0.5,0.75,0.6666666666666666,1.0,0.6666666666666666,0.0,0.0,,
155,2012,D,black,male,0.5,0.3333333333333333,0.6666666666666666,0.5714285714285714,0.6666666666666666,0.0,0.0,0.0,0.0
155,2014,D,black,male,0.6666666666666666,0.6,0.3333333333333333,0.4,0.5,0.0,0.0,0.0,0.0
155,2016,D,black,male,1.0,0.2857142857142857,0.4444444444444444,0.0,0.3333333333333333,0.0,0.0,0.0,0.0
155,2018,D,black,male,1.0,1.0,1.0,1.0,1.0,0.0,0.0,,
156,2012,D,asian,female,0.25,0.3333333333333333,0.3333333333333333,0.5714285714285714,0.6666666666666666,500.0,500.0,0.0,0.0
156,2014,D,asian,female,0.3333333333333333,0.8,0.3333333333333333,0.4,0.25,0.0,0.0,0.0,0.0
156,2016,D,asian,female,0.8,0.14285714285714285,0.4444444444444444,0.0,0.0,0.0,0.0,0.0,0.0
156,2018,D,asian,female,1.0,0.75,1.0,1.0,1.0,0.0,0.0,,
157,2012,D,hispanic,female,0.0,0.16666666666666666,0.3333333333333333,0.7142857142857143,0.6666666666666666,0.0,0.0,0.0,0.0
157,2014,D,hispanic,female,0.3333333333333333,0.8,0.3333333333333333,0.4,0.25,0.0,0.0,0.0,0.0
157,2016,D,hispanic,female,0.6,0.2857142857142857,0.3333333333333333,0.0,0.0,0.0,0.0,0.0,0.0
157,2018,D,hispanic,female,1.0,1.0,0.6666666666666666,1.0,0.6666666666666666,0.0,0.0,,
158,2012,D,black,male,0.0,0.3333333333333333,0.3333333333333333,0.5714285714285714,0.6666666666666666,2000.0,2000.0,0.0,0.0
158,2014,D,black,male,0.3333333333333333,0.8,0.3333333333333333,0.4,0.25,0.0,0.0,0.0,0.0
158,2016,D,black,male,0.8,0.2857142857142857,0.2222222222222222,0.0,0.0,0.0,0.0,0.0,0.0
158,2018,D,black,male,1.0,1.0,0.6666666666666666,1.0,0.6666666666666666,0.0,0.0,,
159,2012,D,black,female,0.0,0.16666666666666666,0.3333333333333333,0.5714285714285714,0.6666666666666666,0.0,0.0,0.0,0.0
159,2014,D,black,female,0.3333333333333333,0.8,0.3333333333333333,0.4,0.25,0.0,0.0,0.0,0.0
159,2016,D,black,female,0.6,0.2857142857142857,0.2222222222222222,0.0,0.0,0.0,0.0,0.0,0.0
159,2018,D,black,female,1.0,1.0,1.0,1.0,1.0,0.0,0.0,,
160,2012,D,white,male,0.25,0.3333333333333333,0.3333333333333333,0.42857142857142855,0.6666666666666666,0.0,0.0,1000.0,1000.0
160,2014,D,white,male,0.3333333333333333,0.8,0.3333333333333333,0.4,0.25,1000.0,1000.0,2000.0,2000.0
160,2016,D,white,male,0.8,0.2857142857142857,0.3333333333333333,0.0,0.0,2000.0,2000.0,1000.0,1000.0
160,2018,D,white,male,1.0,1.0,1.0,1.0,1.0,1000.0,1000.0,,
161,2012,D,white,female,0.25,0.5,0.0,0.7142857142857143,0.6666666666666666,0.0,0.0,0.0,0.0
161,2014,D,white,female,0.3333333333333333,0.8,0.3333333333333333,0.4,0.25,0.0,0.0,500.0,500.0
161,2016,D,white,female,0.6,0.2857142857142857,0.3333333333333333,0.25,0.3333333333333333,500.0,500.0,1334.0,1334.0
161,2018,D,white,female,1.0,1.0,1.0,1.0,1.0,1334.0,1334.0,,
162,2012,D,hispanic,male,0.0,0.3333333333333333,0.3333333333333333,0.7142857142857143,0.6666666666666666,0.0,0.0,0.0,0.0
162,2014,D,hispanic,male,0.3333333333333333,0.8,0.3333333333333333,0.4,0.25,0.0,0.0,0.0,0.0
162,2016,D,hispanic,male,0.6,0.2857142857142857,0.3333333333333333,0.0,0.0,0.0,0.0,0.0,0.0
162,2018,D,hispanic,male,0.5,0.5,1.0,1.0,1.0,0.0,0.0,,
163,2012,D,white,male,0.25,0.5,0.3333333333333333,0.7142857142857143,0.6666666666666666,0.0,0.0,0.0,0.0
163,2014,D,white,male,0.3333333333333333,0.8,0.3333333333333333,0.4,0.25,0.0,0.0,0.0,0.0
163,2016,D,white,male,0.4,0.2857142857142857,0.3333333333333333,0.25,0.3333333333333333,0.0,0.0,0.0,0.0
163,2018,D,white,male,1.0,1.0,1.0,1.0,1.0,0.0,0.0,,
164,2012,D,white,female,0.5,0.5,0.6666666666666666,0.7142857142857143,0.6666666666666666,5000.0,5000.0,2600.0,2600.0
164,2014,D,white,female,0.3333333333333333,0.8,0.3333333333333333,0.4,0.25,2600.0,2600.0,10800.0,10800.0
164,2016,D,white,female,0.8,0.2857142857142857,0.3333333333333333,0.0,0.0,10800.0,10800.0,18100.0,18100.0
164,2018,D,white,female,1.0,1.0,1.0,1.0,1.0,18100.0,18100.0,,
165,2012,D,white,male,0.75,0.6666666666666666,0.6666666666666666,0.7142857142857143,0.6666666666666666,750.0,750.0,2000.0,2000.0
165,2014,D,white,male,0.3333333333333333,0.8,0.3333333333333333,0.6,0.75,2000.0,2000.0,21600.0,21600.0
165,2016,D,white,male,0.6,0.42857142857142855,0.6666666666666666,0.0,0.3333333333333333,21600.0,21600.0,16500.0,16500.0
165,2018,D,white,male,1.0,1.0,1.0,1.0,1.0,16500.0,16500.0,,
166,2012,D,white,male,0.25,0.3333333333333333,0.3333333333333333,0.5714285714285714,0.6666666666666666,0.0,0.0,0.0,0.0
166,2014,D,white,male,0.3333333333333333,0.8,0.3333333333333333,0.4,0.25,0.0,0.0,0.0,0.0
166,2016,D,white,male,0.8,0.2857142857142857,0.3333333333333333,0.0,0.0,0.0,0.0,50.0,50.0
166,2018,D,white,male,1.0,1.0,1.0,1.0,1.0,50.0,50.0,,
167,2012,R,white,male,0.75,0.8333333333333334,0.6666666666666666,0.7142857142857143,0.6666666666666666,0.0,0.0,0.0,0.0
167,2014,R,white,male,0.6666666666666666,1.0,0.6666666666666666,0.8,1.0,0.0,0.0,0.0,0.0
167,2016,R,white,male,0.6,0.8571428571428571,0.8888888888888888,1.0,1.0,0.0,0.0,0.0,0.0
167,2018,R,white,male,0.0,0.5,0.3333333333333333,1.0,0.3333333333333333,0.0,0.0,,
168,2012,D,white,male,0.25,0.5,0.3333333333333333,0.7142857142857143,0.3333333333333333,0.0,0.0,0.0,0.0
168,2014,D,white,male,0.3333333333333333,0.8,0.3333333333333333,0.4,0.25,0.0,0.0,0.0,0.0
168,2016,D,white,male,0.8,0.14285714285714285,0.4444444444444444,0.0,0.0,0.0,0.0,0.0,0.0
168,2018,D,white,male,1.0,1.0,1.0,1.0,1.0,0.0,0.0,,
169,2012,R,white,male,0.75,0.8333333333333334,0.6666666666666666,0.7142857142857143,0.6666666666666666,0.0,0.0,0.0,0.0
169,2014,R,white,male,0.6666666666666666,1.0,0.6666666666666666,0.8,1.0,0.0,0.0,0.0,0.0
169,2016,R,white,male,0.8,0.8571428571428571,0.8888888888888888,1.0,1.0,0.0,0.0,0.0,0.0
169,2018,R,white,male,0.0,0.0,0.3333333333333333,1.0,0.3333333333333333,0.0,0.0,,
170,2012,R,white,male,0.0,0.8333333333333334,0.6666666666666666,0.7142857142857143,0.6666666666666666,0.0,0.0,0.0,0.0
170,2014,R,white,male,0.0,1.0,0.6666666666666666,0.8,1.0,0.0,0.0,0.0,0.0
170,2016,R,white,male,0.0,0.8571428571428571,0.8888888888888888,1.0,1.0,0.0,0.0,0.0,0.0
170,2018,R,white,male,0.0,0.0,0.3333333333333333,1.0,0.3333333333333333,0.0,0.0,,
171,2012,0,black,male,0.0,0.0,0.0,0.0,0.0,0.0,0.0,0.0,0.0
171,2014,0,black,male,0.0,0.0,0.0,0.0,0.0,0.0,0.0,0.0,0.0
171,2016,0,black,male,0.0,0.0,0.0,0.0,0.0,0.0,0.0,0.0,0.0
171,2018,0,black,male,0.0,0.0,0.0,0.0,0.0,0.0,0.0,,
172,2012,R,white,male,0.25,0.5,0.3333333333333333,0.42857142857142855,0.3333333333333333,0.0,0.0,0.0,0.0
172,2014,R,white,male,0.3333333333333333,0.2,0.0,0.0,0.5,0.0,0.0,0.0,0.0
172,2016,R,white,male,0.6,0.2857142857142857,0.0,0.0,0.0,0.0,0.0,0.0,0.0
172,2018,R,white,male,0.0,0.0,0.0,1.0,0.0,0.0,0.0,,
173,2012,D,white,male,0.5,0.3333333333333333,0.6666666666666666,0.5714285714285714,0.6666666666666666,0.0,0.0,0.0,0.0
173,2014,D,white,male,0.3333333333333333,0.8,0.3333333333333333,0.4,0.25,0.0,0.0,0.0,0.0
173,2016,D,white,male,0.8,0.2857142857142857,0.3333333333333333,0.0,0.0,0.0,0.0,0.0,0.0
173,2018,D,white,male,1.0,1.0,1.0,1.0,1.0,0.0,0.0,,
174,2012,R,white,female,0.75,0.8333333333333334,0.6666666666666666,0.7142857142857143,0.6666666666666666,0.0,0.0,0.0,0.0
174,2014,R,white,female,0.6666666666666666,0.6,0.6666666666666666,0.8,1.0,0.0,0.0,0.0,0.0
174,2016,R,white,female,0.6,0.7142857142857143,0.8888888888888888,1.0,1.0,0.0,0.0,0.0,0.0
174,2018,R,white,female,0.0,0.25,0.3333333333333333,1.0,0.3333333333333333,0.0,0.0,,
175,2012,R,white,male,0.75,0.8333333333333334,0.6666666666666666,0.7142857142857143,0.6666666666666666,0.0,0.0,0.0,0.0
175,2014,R,white,male,0.6666666666666666,0.4,0.3333333333333333,0.6,0.5,0.0,0.0,0.0,0.0
175,2016,R,white,male,0.8,0.7142857142857143,0.8888888888888888,1.0,1.0,0.0,0.0,0.0,0.0
175,2018,R,white,male,0.0,0.5,0.0,1.0,0.3333333333333333,0.0,0.0,,
176,2012,R,white,male,0.75,0.8333333333333334,0.6666666666666666,0.7142857142857143,0.6666666666666666,0.0,0.0,0.0,0.0
176,2014,R,white,male,0.6666666666666666,0.8,0.6666666666666666,0.8,1.0,0.0,0.0,0.0,0.0
176,2016,R,white,male,0.8,0.8571428571428571,0.8888888888888888,1.0,1.0,0.0,0.0,0.0,0.0
176,2018,R,white,male,0.0,0.75,0.3333333333333333,1.0,0.3333333333333333,0.0,0.0,,
177,2012,R,white,male,0.5,0.8333333333333334,0.3333333333333333,0.7142857142857143,1.0,0.0,0.0,0.0,0.0
177,2014,R,white,male,0.6666666666666666,0.6,0.3333333333333333,0.6,0.75,0.0,0.0,0.0,0.0
177,2016,R,white,male,0.2,0.8571428571428571,0.8888888888888888,1.0,1.0,0.0,0.0,0.0,0.0
177,2018,R,white,male,0.0,0.0,0.0,1.0,0.3333333333333333,0.0,0.0,,
178,2012,R,white,male,0.0,0.8333333333333334,0.3333333333333333,0.7142857142857143,1.0,0.0,0.0,0.0,0.0
178,2014,R,white,male,0.0,0.6,0.3333333333333333,0.6,0.75,0.0,0.0,0.0,0.0
178,2016,R,white,male,0.0,0.8571428571428571,0.8888888888888888,1.0,1.0,0.0,0.0,0.0,0.0
178,2018,R,white,male,0.0,0.0,0.0,1.0,0.3333333333333333,0.0,0.0,,
179,2012,D,black,female,0.0,0.0,0.0,0.0,0.0,0.0,0.0,0.0,0.0
179,2014,D,black,female,0.3333333333333333,0.8,0.3333333333333333,0.4,0.25,0.0,0.0,0.0,0.0
179,2016,D,black,female,0.8,0.2857142857142857,0.3333333333333333,0.0,0.0,0.0,0.0,0.0,0.0
179,2018,D,black,female,1.0,1.0,1.0,1.0,1.0,0.0,0.0,,
180,2012,R,white,male,0.75,0.8333333333333334,0.6666666666666666,0.7142857142857143,0.6666666666666666,0.0,0.0,0.0,0.0
180,2014,R,white,male,0.6666666666666666,0.4,0.3333333333333333,0.6,0.75,0.0,0.0,0.0,0.0
180,2016,R,white,male,0.0,0.0,0.0,0.0,0.0,0.0,0.0,0.0,0.0
180,2018,R,white,male,0.0,0.0,0.0,1.0,0.0,0.0,0.0,,
181,2012,R,white,male,0.0,0.8333333333333334,0.6666666666666666,0.7142857142857143,0.6666666666666666,0.0,0.0,0.0,0.0
181,2014,R,white,male,0.0,0.4,0.3333333333333333,0.6,0.75,0.0,0.0,0.0,0.0
181,2016,R,white,male,0.4,0.0,0.0,0.0,0.0,0.0,0.0,0.0,0.0
181,2018,R,white,male,0.0,0.0,0.0,1.0,0.0,0.0,0.0,,
182,2012,R,white,male,0.75,0.0,0.0,0.0,0.0,0.0,0.0,0.0,0.0
182,2014,R,white,male,0.6666666666666666,0.0,0.0,0.0,0.0,0.0,0.0,0.0,0.0
182,2016,R,white,male,0.0,0.8571428571428571,0.8888888888888888,1.0,1.0,0.0,0.0,0.0,0.0
182,2018,R,white,male,0.0,0.75,0.3333333333333333,1.0,0.3333333333333333,0.0,0.0,,
183,2012,R,white,male,0.0,0.0,0.0,0.0,0.0,0.0,0.0,0.0,0.0
183,2014,R,white,male,0.0,0.0,0.0,0.0,0.0,0.0,0.0,0.0,0.0
183,2016,R,white,male,0.4,0.8571428571428571,0.8888888888888888,1.0,1.0,0.0,0.0,0.0,0.0
183,2018,R,white,male,0.0,0.75,0.3333333333333333,1.0,0.3333333333333333,0.0,0.0,,
184,2012,R,white,male,0.75,0.8333333333333334,0.6666666666666666,0.7142857142857143,0.6666666666666666,0.0,0.0,0.0,0.0
184,2014,R,white,male,0.6666666666666666,0.8,0.6666666666666666,0.8,1.0,0.0,0.0,0.0,0.0
184,2016,R,white,male,0.6,0.8571428571428571,0.8888888888888888,1.0,1.0,0.0,0.0,0.0,0.0
184,2018,R,white,male,0.0,0.5,0.3333333333333333,1.0,0.3333333333333333,0.0,0.0,,
185,2012,R,white,male,0.75,0.8333333333333334,0.6666666666666666,0.7142857142857143,0.6666666666666666,0.0,0.0,0.0,0.0
185,2014,R,white,male,0.6666666666666666,0.6,0.6666666666666666,0.8,1.0,0.0,0.0,0.0,0.0
185,2016,R,white,male,0.8,0.7142857142857143,0.8888888888888888,1.0,1.0,0.0,0.0,0.0,0.0
185,2018,R,white,male,0.0,0.5,0.3333333333333333,1.0,0.3333333333333333,0.0,0.0,,
186,2012,D,black,female,0.25,0.5,0.3333333333333333,0.5714285714285714,0.6666666666666666,0.0,0.0,0.0,0.0
186,2014,D,black,female,0.3333333333333333,0.8,0.3333333333333333,0.4,0.25,0.0,0.0,0.0,0.0
186,2016,D,black,female,0.8,0.14285714285714285,0.6666666666666666,0.0,0.0,0.0,0.0,0.0,0.0
186,2018,D,black,female,1.0,1.0,1.0,1.0,1.0,0.0,0.0,,
187,2012,R,white,male,0.5,0.8333333333333334,0.3333333333333333,0.7142857142857143,0.6666666666666666,0.0,0.0,0.0,0.0
187,2014,R,white,male,0.6666666666666666,0.4,0.3333333333333333,0.6,0.75,0.0,0.0,0.0,0.0
187,2016,R,white,male,0.4,0.8571428571428571,0.8888888888888888,1.0,1.0,0.0,0.0,0.0,0.0
187,2018,R,white,male,0.0,0.0,0.3333333333333333,1.0,0.3333333333333333,0.0,0.0,,
188,2012,0,white,male,0.0,0.0,0.0,0.0,0.0,0.0,0.0,0.0,0.0
188,2014,0,white,male,0.0,0.0,0.0,0.0,0.0,0.0,0.0,0.0,0.0
188,2016,0,white,male,0.0,0.0,0.0,0.0,0.0,0.0,0.0,0.0,0.0
188,2018,0,white,male,0.0,0.0,0.0,0.0,0.0,0.0,0.0,,
189,2012,R,white,male,0.75,0.8333333333333334,0.6666666666666666,0.7142857142857143,0.6666666666666666,0.0,0.0,0.0,0.0
189,2014,R,white,male,0.6666666666666666,1.0,0.6666666666666666,0.8,1.0,0.0,0.0,0.0,0.0
189,2016,R,white,male,0.8,0.8571428571428571,0.8888888888888888,1.0,1.0,0.0,0.0,0.0,0.0
189,2018,R,white,male,0.0,0.5,0.3333333333333333,1.0,0.3333333333333333,0.0,0.0,,
190,2012,R,white,male,0.75,0.8333333333333334,0.6666666666666666,0.7142857142857143,0.6666666666666666,0.0,0.0,0.0,0.0
190,2014,R,white,male,0.6666666666666666,0.8,0.3333333333333333,0.6,0.75,0.0,0.0,0.0,0.0
190,2016,R,white,male,0.8,0.8571428571428571,0.8888888888888888,1.0,1.0,0.0,0.0,0.0,0.0
190,2018,R,white,male,0.0,0.5,0.3333333333333333,1.0,0.3333333333333333,0.0,0.0,,
191,2012,D,white,female,0.5,0.3333333333333333,0.6666666666666666,0.5714285714285714,0.6666666666666666,0.0,0.0,0.0,0.0
191,2014,D,white,female,0.3333333333333333,0.8,0.3333333333333333,0.4,0.25,0.0,0.0,0.0,0.0
191,2016,D,white,female,0.8,0.14285714285714285,0.3333333333333333,0.0,0.0,0.0,0.0,0.0,0.0
191,2018,D,white,female,1.0,1.0,1.0,1.0,1.0,0.0,0.0,,
192,2012,0,white,male,0.0,0.0,0.0,0.0,0.0,0.0,0.0,0.0,0.0
192,2014,0,white,male,0.0,0.0,0.0,0.0,0.0,0.0,0.0,0.0,0.0
192,2016,0,white,male,0.0,0.0,0.0,0.0,0.0,0.0,0.0,0.0,0.0
192,2018,0,white,male,0.0,0.0,0.0,0.0,0.0,0.0,0.0,,
193,2012,D,black,female,0.25,0.3333333333333333,0.3333333333333333,0.5714285714285714,0.6666666666666666,0.0,0.0,0.0,0.0
193,2014,D,black,female,0.3333333333333333,0.8,0.3333333333333333,0.4,0.25,0.0,0.0,0.0,0.0
193,2016,D,black,female,0.8,0.2857142857142857,0.4444444444444444,0.0,0.3333333333333333,0.0,0.0,0.0,0.0
193,2018,D,black,female,1.0,1.0,1.0,1.0,1.0,0.0,0.0,,
194,2012,D,white,male,0.5,0.16666666666666666,0.3333333333333333,0.5714285714285714,0.6666666666666666,0.0,0.0,0.0,0.0
194,2014,D,white,male,0.3333333333333333,0.8,0.3333333333333333,0.4,0.5,0.0,0.0,0.0,0.0
194,2016,D,white,male,0.8,0.2857142857142857,0.3333333333333333,0.0,0.0,0.0,0.0,0.0,0.0
194,2018,D,white,male,1.0,1.0,1.0,1.0,1.0,0.0,0.0,,
195,2012,R,white,male,0.75,0.8333333333333334,0.6666666666666666,0.7142857142857143,0.6666666666666666,0.0,0.0,0.0,0.0
195,2014,R,white,male,0.6666666666666666,1.0,0.6666666666666666,0.8,1.0,0.0,0.0,0.0,0.0
195,2016,R,white,male,0.8,0.7142857142857143,0.8888888888888888,1.0,1.0,0.0,0.0,0.0,0.0
195,2018,R,white,male,0.0,0.5,0.3333333333333333,1.0,0.3333333333333333,0.0,0.0,,
196,2012,R,white,male,0.75,0.8333333333333334,0.6666666666666666,0.7142857142857143,0.6666666666666666,0.0,0.0,0.0,0.0
196,2014,R,white,male,0.6666666666666666,1.0,0.6666666666666666,0.8,1.0,0.0,0.0,0.0,0.0
196,2016,R,white,male,0.8,0.7142857142857143,0.7777777777777778,1.0,0.6666666666666666,0.0,0.0,0.0,0.0
196,2018,R,white,male,0.5,0.5,0.3333333333333333,1.0,0.3333333333333333,0.0,0.0,,
197,2012,R,native,male,0.75,0.8333333333333334,0.6666666666666666,0.8571428571428571,0.6666666666666666,0.0,0.0,0.0,0.0
197,2014,R,native,male,0.6666666666666666,1.0,0.6666666666666666,0.8,1.0,0.0,0.0,0.0,0.0
197,2016,R,native,male,0.6,0.7142857142857143,0.8888888888888888,1.0,1.0,0.0,0.0,0.0,0.0
197,2018,R,native,male,0.0,0.5,0.3333333333333333,1.0,0.3333333333333333,0.0,0.0,,
198,2012,R,white,male,0.75,0.8333333333333334,0.6666666666666666,0.7142857142857143,0.6666666666666666,0.0,0.0,0.0,0.0
198,2014,R,white,male,0.6666666666666666,1.0,0.6666666666666666,0.8,1.0,0.0,0.0,0.0,0.0
198,2016,R,white,male,0.8,0.7142857142857143,0.8888888888888888,1.0,1.0,0.0,0.0,0.0,0.0
198,2018,R,white,male,0.0,0.5,0.3333333333333333,1.0,0.3333333333333333,0.0,0.0,,
199,2012,R,native,male,0.75,0.8333333333333334,0.6666666666666666,0.7142857142857143,0.6666666666666666,0.0,0.0,0.0,0.0
199,2014,R,native,male,0.6666666666666666,1.0,0.6666666666666666,0.8,1.0,0.0,0.0,0.0,0.0
199,2016,R,native,male,0.8,0.8571428571428571,0.7777777777777778,1.0,1.0,0.0,0.0,0.0,0.0
199,2018,R,native,male,0.0,0.5,0.3333333333333333,1.0,0.3333333333333333,0.0,0.0,,
200,2012,D,white,female,0.0,0.3333333333333333,0.3333333333333333,0.5714285714285714,0.6666666666666666,0.0,0.0,0.0,0.0
200,2014,D,white,female,0.3333333333333333,0.8,0.3333333333333333,0.4,0.25,0.0,0.0,0.0,0.0
200,2016,D,white,female,0.8,0.14285714285714285,0.3333333333333333,0.0,0.0,0.0,0.0,0.0,0.0
200,2018,D,white,female,1.0,1.0,1.0,1.0,1.0,0.0,0.0,,
201,2012,R,white,male,0.75,0.8333333333333334,0.6666666666666666,0.7142857142857143,0.6666666666666666,0.0,0.0,0.0,0.0
201,2014,R,white,male,0.6666666666666666,1.0,0.6666666666666666,0.8,1.0,0.0,0.0,0.0,0.0
201,2016,R,white,male,0.8,0.7142857142857143,1.0,1.0,1.0,0.0,0.0,0.0,0.0
201,2018,R,white,male,0.0,0.5,1.0,1.0,1.0,0.0,0.0,,
202,2012,D,white,male,0.0,0.3333333333333333,0.3333333333333333,0.5714285714285714,0.6666666666666666,0.0,0.0,0.0,0.0
202,2014,D,white,male,0.3333333333333333,0.8,0.3333333333333333,0.4,0.5,0.0,0.0,0.0,0.0
202,2016,D,white,male,0.4,0.42857142857142855,0.2222222222222222,0.0,0.0,0.0,0.0,0.0,0.0
202,2018,D,white,male,1.0,1.0,1.0,1.0,1.0,0.0,0.0,,
203,2012,D,white,male,0.0,0.3333333333333333,0.3333333333333333,0.5714285714285714,0.6666666666666666,0.0,0.0,0.0,0.0
203,2014,D,white,male,0.3333333333333333,0.8,0.3333333333333333,0.4,0.75,0.0,0.0,0.0,0.0
203,2016,D,white,male,0.8,0.2857142857142857,0.4444444444444444,0.25,0.3333333333333333,0.0,0.0,0.0,0.0
203,2018,D,white,male,1.0,1.0,1.0,1.0,1.0,0.0,0.0,,
204,2012,D,white,male,0.5,0.5,0.3333333333333333,0.7142857142857143,0.6666666666666666,0.0,0.0,0.0,0.0
204,2014,D,white,male,0.3333333333333333,0.6,0.0,0.6,0.5,0.0,0.0,0.0,0.0
204,2016,D,white,male,0.8,0.42857142857142855,0.6666666666666666,0.0,0.3333333333333333,0.0,0.0,0.0,0.0
204,2018,D,white,male,0.5,0.5,1.0,1.0,1.0,0.0,0.0,,
205,2012,R,white,male,0.75,0.8333333333333334,0.6666666666666666,0.7142857142857143,0.6666666666666666,0.0,0.0,0.0,0.0
205,2014,R,white,male,0.6666666666666666,0.8,0.3333333333333333,0.6,0.75,0.0,0.0,0.0,0.0
205,2016,R,white,male,0.6,0.8571428571428571,0.8888888888888888,1.0,1.0,0.0,0.0,0.0,0.0
205,2018,R,white,male,0.0,0.0,0.0,1.0,0.0,0.0,0.0,,
206,2012,R,white,male,0.0,0.8333333333333334,0.6666666666666666,0.7142857142857143,0.6666666666666666,0.0,0.0,0.0,0.0
206,2014,R,white,male,0.0,0.8,0.3333333333333333,0.6,0.75,0.0,0.0,0.0,0.0
206,2016,R,white,male,0.0,0.8571428571428571,0.8888888888888888,1.0,1.0,0.0,0.0,0.0,0.0
206,2018,R,white,male,0.0,0.0,0.0,1.0,0.0,0.0,0.0,,
207,2012,R,white,male,0.75,0.0,0.0,0.0,0.0,0.0,0.0,0.0,0.0
207,2014,R,white,male,0.6666666666666666,0.0,0.0,0.0,0.0,0.0,0.0,0.0,0.0
207,2016,R,white,male,0.6,0.0,0.8888888888888888,0.0,0.0,0.0,0.0,0.0,0.0
207,2018,R,white,male,0.0,0.5,0.3333333333333333,0.0,0.3333333333333333,0.0,0.0,,
208,2012,R,white,male,0.0,0.0,0.0,0.0,0.0,0.0,0.0,0.0,0.0
208,2014,R,white,male,0.0,0.0,0.0,0.0,0.0,0.0,0.0,0.0,0.0
208,2016,R,white,male,0.0,0.0,0.8888888888888888,0.0,0.0,0.0,0.0,0.0,0.0
208,2018,R,white,male,0.0,0.5,0.3333333333333333,0.0,0.3333333333333333,0.0,0.0,,
209,2012,R,white,male,0.5,0.8333333333333334,0.3333333333333333,0.7142857142857143,0.3333333333333333,0.0,0.0,0.0,0.0
209,2014,R,white,male,0.6666666666666666,0.6,0.3333333333333333,0.6,0.75,0.0,0.0,0.0,0.0
209,2016,R,white,male,0.4,0.8571428571428571,0.8888888888888888,1.0,1.0,0.0,0.0,0.0,0.0
209,2018,R,white,male,0.0,0.0,0.0,1.0,0.0,0.0,0.0,,
210,2012,R,white,male,0.0,0.8333333333333334,0.3333333333333333,0.7142857142857143,0.3333333333333333,0.0,0.0,0.0,0.0
210,2014,R,white,male,0.0,0.6,0.3333333333333333,0.6,0.75,0.0,0.0,0.0,0.0
210,2016,R,white,male,0.0,0.8571428571428571,0.8888888888888888,1.0,1.0,0.0,0.0,0.0,0.0
210,2018,R,white,male,0.0,0.0,0.0,1.0,0.0,0.0,0.0,,
211,2012,R,white,male,0.5,0.0,0.0,0.0,0.0,0.0,0.0,0.0,0.0
211,2014,R,white,male,0.6666666666666666,0.0,0.0,0.0,0.0,0.0,0.0,0.0,0.0
211,2016,R,white,male,0.4,0.0,0.8888888888888888,0.0,0.0,0.0,0.0,0.0,0.0
211,2018,R,white,male,0.0,0.25,0.3333333333333333,0.0,0.3333333333333333,0.0,0.0,,
212,2012,R,white,male,0.0,0.0,0.0,0.0,0.0,0.0,0.0,0.0,0.0
212,2014,R,white,male,0.0,0.0,0.0,0.0,0.0,0.0,0.0,0.0,0.0
212,2016,R,white,male,0.0,0.0,0.8888888888888888,0.0,0.0,0.0,0.0,0.0,0.0
212,2018,R,white,male,0.0,0.25,0.3333333333333333,0.0,0.3333333333333333,0.0,0.0,,
213,2012,R,white,male,0.75,0.8333333333333334,0.6666666666666666,0.7142857142857143,0.6666666666666666,0.0,0.0,0.0,0.0
213,2014,R,white,male,0.6666666666666666,1.0,0.6666666666666666,0.8,1.0,0.0,0.0,0.0,0.0
213,2016,R,white,male,0.8,0.8571428571428571,0.8888888888888888,1.0,1.0,0.0,0.0,0.0,0.0
213,2018,R,white,male,0.0,0.0,0.0,1.0,0.0,0.0,0.0,,
214,2012,R,white,male,0.0,0.8333333333333334,0.6666666666666666,0.7142857142857143,0.6666666666666666,0.0,0.0,0.0,0.0
214,2014,R,white,male,0.0,1.0,0.6666666666666666,0.8,1.0,0.0,0.0,0.0,0.0
214,2016,R,white,male,0.0,0.8571428571428571,0.8888888888888888,1.0,1.0,0.0,0.0,0.0,0.0
214,2018,R,white,male,0.0,0.0,0.0,1.0,0.0,0.0,0.0,,
215,2012,R,white,male,0.75,0.0,0.0,0.0,0.0,0.0,0.0,0.0,0.0
215,2014,R,white,male,0.6666666666666666,0.0,0.0,0.0,0.0,0.0,0.0,0.0,0.0
215,2016,R,white,male,0.8,0.0,0.8888888888888888,0.0,0.0,0.0,0.0,0.0,0.0
215,2018,R,white,male,0.0,0.5,0.3333333333333333,0.0,0.3333333333333333,0.0,0.0,,
216,2012,R,white,male,0.0,0.0,0.0,0.0,0.0,0.0,0.0,0.0,0.0
216,2014,R,white,male,0.0,0.0,0.0,0.0,0.0,0.0,0.0,0.0,0.0
216,2016,R,white,male,0.0,0.0,0.8888888888888888,0.0,0.0,0.0,0.0,0.0,0.0
216,2018,R,white,male,0.0,0.5,0.3333333333333333,0.0,0.3333333333333333,0.0,0.0,,
217,2012,R,white,male,0.75,0.8333333333333334,0.6666666666666666,0.7142857142857143,0.6666666666666666,0.0,0.0,0.0,0.0
217,2014,R,white,male,0.6666666666666666,0.8,0.3333333333333333,0.6,0.75,0.0,0.0,0.0,0.0
217,2016,R,white,male,0.8,0.8571428571428571,0.7777777777777778,0.75,0.6666666666666666,0.0,0.0,0.0,0.0
217,2018,R,white,male,0.0,0.0,0.0,1.0,0.0,0.0,0.0,,
218,2012,D,white,male,0.5,0.5,0.3333333333333333,0.5714285714285714,1.0,0.0,0.0,0.0,0.0
218,2014,D,white,male,0.3333333333333333,0.8,0.3333333333333333,0.4,0.5,0.0,0.0,0.0,0.0
218,2016,D,white,male,0.8,0.2857142857142857,0.3333333333333333,0.0,0.0,0.0,0.0,0.0,0.0
218,2018,D,white,male,0.0,0.0,0.0,1.0,0.0,0.0,0.0,,
219,2012,D,white,male,0.0,0.5,0.3333333333333333,0.5714285714285714,1.0,0.0,0.0,0.0,0.0
219,2014,D,white,male,0.0,0.8,0.3333333333333333,0.4,0.5,0.0,0.0,0.0,0.0
219,2016,D,white,male,0.0,0.2857142857142857,0.3333333333333333,0.0,0.0,0.0,0.0,0.0,0.0
219,2018,D,white,male,1.0,0.0,0.0,1.0,0.0,0.0,0.0,,
220,2012,D,white,male,0.5,0.0,0.0,0.0,0.0,0.0,0.0,0.0,0.0
220,2014,D,white,male,0.3333333333333333,0.0,0.0,0.0,0.0,0.0,0.0,0.0,0.0
220,2016,D,white,male,0.8,0.0,0.3333333333333333,0.0,0.0,0.0,0.0,0.0,0.0
220,2018,D,white,male,0.0,1.0,1.0,0.0,1.0,0.0,0.0,,
221,2012,D,white,male,0.0,0.0,0.0,0.0,0.0,0.0,0.0,0.0,0.0
221,2014,D,white,male,0.0,0.0,0.0,0.0,0.0,0.0,0.0,0.0,0.0
221,2016,D,white,male,0.0,0.0,0.3333333333333333,0.0,0.0,0.0,0.0,0.0,0.0
221,2018,D,white,male,1.0,1.0,1.0,0.0,1.0,0.0,0.0,,
222,2012,0,white,male,0.0,0.0,0.0,0.0,0.0,0.0,0.0,0.0,0.0
222,2014,0,white,male,0.0,0.0,0.0,0.0,0.0,0.0,0.0,0.0,0.0
222,2016,0,white,male,0.0,0.0,0.0,0.0,0.0,0.0,0.0,0.0,0.0
222,2018,0,white,male,0.0,0.0,0.0,0.0,0.0,0.0,0.0,,
223,2012,D,white,male,0.0,0.3333333333333333,0.6666666666666666,0.7142857142857143,0.6666666666666666,500.0,500.0,0.0,0.0
223,2014,D,white,male,0.3333333333333333,0.8,0.3333333333333333,0.4,0.25,0.0,0.0,0.0,0.0
223,2016,D,white,male,0.8,0.2857142857142857,0.3333333333333333,0.0,0.0,0.0,0.0,0.0,0.0
223,2018,D,white,male,1.0,1.0,1.0,1.0,0.6666666666666666,0.0,0.0,,
224,2012,D,white,male,0.25,0.3333333333333333,0.3333333333333333,0.7142857142857143,0.6666666666666666,0.0,0.0,0.0,0.0
224,2014,D,white,male,0.3333333333333333,0.8,0.3333333333333333,0.4,0.25,0.0,0.0,0.0,0.0
224,2016,D,white,male,0.8,0.2857142857142857,0.3333333333333333,0.0,0.0,0.0,0.0,0.0,0.0
224,2018,D,white,male,1.0,1.0,1.0,1.0,1.0,0.0,0.0,,
225,2012,R,white,male,0.75,0.8333333333333334,0.6666666666666666,0.7142857142857143,0.6666666666666666,0.0,0.0,0.0,0.0
225,2014,R,white,male,0.6666666666666666,0.8,0.6666666666666666,0.8,1.0,0.0,0.0,0.0,0.0
225,2016,R,white,male,0.8,0.8571428571428571,0.7777777777777778,1.0,1.0,0.0,0.0,0.0,0.0
225,2018,R,white,male,0.0,0.25,0.3333333333333333,1.0,0.3333333333333333,0.0,0.0,,
226,2012,R,white,male,0.5,0.8333333333333334,0.3333333333333333,0.7142857142857143,0.3333333333333333,0.0,0.0,0.0,0.0
226,2014,R,white,male,0.6666666666666666,0.4,0.0,0.6,0.5,0.0,0.0,0.0,0.0
226,2016,R,white,male,0.4,0.8571428571428571,0.8888888888888888,1.0,0.6666666666666666,0.0,0.0,0.0,0.0
226,2018,R,white,male,0.0,0.25,0.3333333333333333,1.0,0.3333333333333333,0.0,0.0,,
227,2012,D,black,male,0.5,0.5,0.6666666666666666,0.5714285714285714,0.6666666666666666,0.0,0.0,0.0,0.0
227,2014,D,black,male,0.6666666666666666,0.8,0.3333333333333333,0.4,0.5,0.0,0.0,0.0,0.0
227,2016,D,black,male,0.6,0.2857142857142857,0.4444444444444444,0.25,0.3333333333333333,0.0,0.0,0.0,0.0
227,2018,D,black,male,1.0,1.0,1.0,1.0,0.6666666666666666,0.0,0.0,,
228,2012,R,white,male,0.5,0.8333333333333334,0.3333333333333333,0.7142857142857143,0.6666666666666666,0.0,0.0,0.0,0.0
228,2014,R,white,male,0.6666666666666666,1.0,0.6666666666666666,0.8,1.0,0.0,0.0,0.0,0.0
228,2016,R,white,male,0.6,0.8571428571428571,0.8888888888888888,1.0,1.0,0.0,0.0,0.0,0.0
228,2018,R,white,male,0.0,0.5,0.3333333333333333,1.0,0.3333333333333333,0.0,0.0,,
229,2012,0,white,male,0.0,0.0,0.0,0.0,0.0,0.0,0.0,0.0,0.0
229,2014,0,white,male,0.0,0.0,0.0,0.0,0.0,0.0,0.0,0.0,0.0
229,2016,0,white,male,0.0,0.0,0.0,0.0,0.0,0.0,0.0,0.0,0.0
229,2018,0,white,male,0.0,0.0,0.0,0.0,0.0,0.0,0.0,,
230,2012,0,white,male,0.0,0.0,0.0,0.0,0.0,0.0,0.0,0.0,0.0
230,2014,0,white,male,0.0,0.0,0.0,0.0,0.0,0.0,0.0,0.0,0.0
230,2016,0,white,male,0.0,0.0,0.0,0.0,0.0,0.0,0.0,0.0,0.0
230,2018,0,white,male,0.0,0.0,0.0,0.0,0.0,0.0,0.0,,
231,2012,R,white,male,0.5,0.6666666666666666,0.3333333333333333,0.5714285714285714,1.0,0.0,0.0,0.0,0.0
231,2014,R,white,male,0.6666666666666666,0.4,0.3333333333333333,0.6,0.75,0.0,0.0,0.0,0.0
231,2016,R,white,male,0.6,0.8571428571428571,0.8888888888888888,1.0,1.0,0.0,0.0,0.0,0.0
231,2018,R,white,male,0.0,0.25,0.3333333333333333,1.0,0.3333333333333333,0.0,0.0,,
232,2012,D,white,male,0.25,0.5,0.6666666666666666,0.7142857142857143,0.6666666666666666,0.0,0.0,0.0,0.0
232,2014,D,white,male,1.0,0.8,0.3333333333333333,0.4,1.0,0.0,0.0,0.0,0.0
232,2016,D,white,male,0.8,0.42857142857142855,0.5555555555555556,0.0,0.3333333333333333,0.0,0.0,0.0,0.0
232,2018,D,white,male,1.0,1.0,0.6666666666666666,1.0,1.0,0.0,0.0,,
233,2012,D,white,male,0.25,0.16666666666666666,0.3333333333333333,0.5714285714285714,0.6666666666666666,0.0,0.0,0.0,0.0
233,2014,D,white,male,0.3333333333333333,0.8,0.3333333333333333,0.4,0.25,0.0,0.0,0.0,0.0
233,2016,D,white,male,0.6,0.2857142857142857,0.4444444444444444,0.0,0.0,0.0,0.0,0.0,0.0
233,2018,D,white,male,1.0,1.0,1.0,1.0,1.0,0.0,0.0,,
234,2012,R,white,male,0.5,0.6666666666666666,0.3333333333333333,0.7142857142857143,0.3333333333333333,0.0,0.0,0.0,0.0
234,2014,R,white,male,0.6666666666666666,0.4,0.3333333333333333,0.6,0.75,0.0,0.0,0.0,0.0
234,2016,R,white,male,0.2,0.7142857142857143,0.8888888888888888,1.0,1.0,0.0,0.0,0.0,0.0
234,2018,R,white,male,0.0,0.0,0.3333333333333333,1.0,0.3333333333333333,0.0,0.0,,
235,2012,R,white,male,0.5,0.8333333333333334,0.6666666666666666,0.7142857142857143,0.3333333333333333,0.0,0.0,0.0,0.0
235,2014,R,white,male,0.6666666666666666,1.0,0.6666666666666666,0.8,1.0,0.0,0.0,0.0,0.0
235,2016,R,white,male,0.8,0.8571428571428571,0.8888888888888888,1.0,1.0,0.0,0.0,0.0,0.0
235,2018,R,white,male,0.0,0.25,0.3333333333333333,1.0,0.3333333333333333,0.0,0.0,,
236,2012,D,black,male,0.0,0.3333333333333333,0.0,0.5714285714285714,0.6666666666666666,0.0,0.0,0.0,0.0
236,2014,D,black,male,0.3333333333333333,0.8,0.3333333333333333,0.4,0.5,0.0,0.0,0.0,0.0
236,2016,D,black,male,0.8,0.14285714285714285,0.3333333333333333,0.0,0.0,0.0,0.0,0.0,0.0
236,2018,D,black,male,1.0,1.0,1.0,1.0,1.0,0.0,0.0,,
237,2012,R,white,male,0.75,0.8333333333333334,0.6666666666666666,0.7142857142857143,0.6666666666666666,0.0,0.0,0.0,0.0
237,2014,R,white,male,0.6666666666666666,0.8,0.6666666666666666,0.8,1.0,0.0,0.0,0.0,0.0
237,2016,R,white,male,0.8,0.8571428571428571,0.8888888888888888,1.0,1.0,0.0,0.0,0.0,0.0
237,2018,R,white,male,0.0,0.5,0.3333333333333333,1.0,0.3333333333333333,0.0,0.0,,
238,2012,0,white,male,0.0,0.0,0.0,0.0,0.0,0.0,0.0,0.0,0.0
238,2014,0,white,male,0.0,0.0,0.0,0.0,0.0,0.0,0.0,0.0,0.0
238,2016,0,white,male,0.0,0.0,0.0,0.0,0.0,0.0,0.0,0.0,0.0
238,2018,0,white,male,0.0,0.0,0.0,0.0,0.0,0.0,0.0,,
239,2012,R,white,female,0.75,0.6666666666666666,0.6666666666666666,0.5714285714285714,0.3333333333333333,0.0,0.0,0.0,0.0
239,2014,R,white,female,0.6666666666666666,0.8,0.6666666666666666,1.0,0.75,0.0,0.0,0.0,0.0
239,2016,R,white,female,0.8,0.8571428571428571,0.8888888888888888,1.0,1.0,0.0,0.0,0.0,0.0
239,2018,R,white,female,0.0,0.5,0.3333333333333333,1.0,0.3333333333333333,0.0,0.0,,
240,2012,R,white,male,0.75,0.8333333333333334,0.6666666666666666,0.7142857142857143,0.3333333333333333,0.0,0.0,0.0,0.0
240,2014,R,white,male,0.6666666666666666,1.0,0.6666666666666666,0.8,1.0,0.0,0.0,0.0,0.0
240,2016,R,white,male,0.8,0.8571428571428571,0.8888888888888888,1.0,1.0,0.0,0.0,0.0,0.0
240,2018,R,white,male,0.0,0.5,0.3333333333333333,1.0,0.3333333333333333,0.0,0.0,,
241,2012,0,white,male,0.0,0.0,0.0,0.0,0.0,0.0,0.0,0.0,0.0
241,2014,0,white,male,0.0,0.0,0.0,0.0,0.0,0.0,0.0,0.0,0.0
241,2016,0,white,male,0.0,0.0,0.0,0.0,0.0,0.0,0.0,0.0,0.0
241,2018,0,white,male,0.0,0.0,0.0,0.0,0.0,0.0,0.0,,
242,2012,R,hispanic,male,0.5,0.8333333333333334,0.3333333333333333,0.7142857142857143,0.6666666666666666,0.0,0.0,0.0,0.0
242,2014,R,hispanic,male,0.6666666666666666,0.6,0.6666666666666666,0.8,1.0,0.0,0.0,0.0,0.0
242,2016,R,hispanic,male,0.8,0.8571428571428571,0.8888888888888888,1.0,1.0,0.0,0.0,0.0,0.0
242,2018,R,hispanic,male,0.0,0.5,0.3333333333333333,1.0,0.3333333333333333,0.0,0.0,,
243,2012,0,black,female,0.0,0.0,0.0,0.0,0.0,0.0,0.0,0.0,0.0
243,2014,0,black,female,0.0,0.0,0.0,0.0,0.0,0.0,0.0,0.0,0.0
243,2016,0,black,female,0.0,0.0,0.0,0.0,0.0,0.0,0.0,0.0,0.0
243,2018,0,black,female,0.0,0.0,0.0,0.0,0.0,0.0,0.0,,
244,2012,D,hispanic,male,0.0,0.5,0.3333333333333333,0.5714285714285714,0.6666666666666666,0.0,0.0,0.0,0.0
244,2014,D,hispanic,male,0.3333333333333333,0.8,0.3333333333333333,0.6,0.25,0.0,0.0,0.0,0.0
244,2016,D,hispanic,male,0.6,0.2857142857142857,0.3333333333333333,0.0,0.0,0.0,0.0,0.0,0.0
244,2018,D,hispanic,male,1.0,1.0,1.0,1.0,1.0,0.0,0.0,,
245,2012,R,white,male,0.5,0.8333333333333334,0.3333333333333333,0.7142857142857143,0.6666666666666666,0.0,0.0,0.0,0.0
245,2014,R,white,male,0.6666666666666666,0.8,0.6666666666666666,0.8,1.0,0.0,0.0,0.0,0.0
245,2016,R,white,male,0.8,0.7142857142857143,0.8888888888888888,1.0,1.0,0.0,0.0,0.0,0.0
245,2018,R,white,male,0.0,0.5,0.3333333333333333,1.0,0.3333333333333333,0.0,0.0,,
246,2012,R,white,male,0.5,0.8333333333333334,0.0,0.7142857142857143,0.3333333333333333,0.0,0.0,0.0,0.0
246,2014,R,white,male,0.6666666666666666,0.6,0.3333333333333333,0.8,1.0,0.0,0.0,0.0,0.0
246,2016,R,white,male,0.8,0.8571428571428571,0.8888888888888888,1.0,1.0,0.0,0.0,0.0,0.0
246,2018,R,white,male,0.0,0.25,0.3333333333333333,1.0,0.3333333333333333,0.0,0.0,,
247,2012,R,white,male,0.5,0.8333333333333334,0.3333333333333333,0.8571428571428571,0.6666666666666666,0.0,0.0,0.0,0.0
247,2014,R,white,male,0.6666666666666666,0.4,0.3333333333333333,0.6,0.5,0.0,0.0,0.0,0.0
247,2016,R,white,male,0.6,0.7142857142857143,0.8888888888888888,1.0,1.0,0.0,0.0,0.0,0.0
247,2018,R,white,male,0.0,0.5,0.3333333333333333,1.0,0.3333333333333333,0.0,0.0,,
248,2012,R,white,male,0.5,0.8333333333333334,0.3333333333333333,0.7142857142857143,0.6666666666666666,0.0,0.0,0.0,0.0
248,2014,R,white,male,0.6666666666666666,0.6,0.6666666666666666,0.8,1.0,0.0,0.0,0.0,0.0
248,2016,R,white,male,0.8,0.8571428571428571,0.8888888888888888,1.0,1.0,0.0,0.0,0.0,0.0
248,2018,R,white,male,0.0,0.25,0.3333333333333333,1.0,0.3333333333333333,0.0,0.0,,
249,2012,D,hispanic,male,0.75,0.5,0.6666666666666666,0.7142857142857143,0.6666666666666666,0.0,0.0,0.0,0.0
249,2014,D,hispanic,male,0.6666666666666666,0.6,0.3333333333333333,0.6,0.75,0.0,0.0,0.0,0.0
249,2016,D,hispanic,male,0.8,0.42857142857142855,0.7777777777777778,0.25,0.3333333333333333,0.0,0.0,0.0,0.0
249,2018,D,hispanic,male,1.0,1.0,1.0,1.0,1.0,0.0,0.0,,
250,2012,D,black,female,0.25,0.3333333333333333,0.3333333333333333,0.42857142857142855,0.6666666666666666,0.0,0.0,0.0,0.0
250,2014,D,black,female,0.3333333333333333,0.6,0.0,0.2,0.0,0.0,0.0,0.0,0.0
250,2016,D,black,female,0.8,0.2857142857142857,0.3333333333333333,0.0,0.0,0.0,0.0,0.0,0.0
250,2018,D,black,female,0.5,0.75,1.0,1.0,1.0,0.0,0.0,,
251,2012,R,white,male,0.75,0.8333333333333334,0.6666666666666666,0.7142857142857143,0.3333333333333333,0.0,0.0,0.0,0.0
251,2014,R,white,male,0.6666666666666666,0.0,0.6666666666666666,0.0,1.0,0.0,0.0,0.0,0.0
251,2016,R,white,male,0.8,0.8571428571428571,0.8888888888888888,1.0,1.0,0.0,0.0,0.0,0.0
251,2018,R,white,male,0.0,0.0,0.3333333333333333,1.0,0.3333333333333333,0.0,0.0,,
252,2012,D,black,male,0.25,0.5,0.3333333333333333,0.7142857142857143,0.6666666666666666,0.0,0.0,0.0,0.0
252,2014,D,black,male,0.3333333333333333,0.8,0.3333333333333333,0.4,0.75,0.0,0.0,0.0,0.0
252,2016,D,black,male,0.6,0.42857142857142855,0.6666666666666666,0.0,0.3333333333333333,0.0,0.0,0.0,0.0
252,2018,D,black,male,1.0,1.0,1.0,1.0,1.0,0.0,0.0,,
253,2012,D,hispanic,male,0.25,0.5,0.3333333333333333,0.7142857142857143,0.6666666666666666,0.0,0.0,0.0,0.0
253,2014,D,hispanic,male,0.3333333333333333,0.8,0.3333333333333333,0.4,0.5,0.0,0.0,0.0,0.0
253,2016,D,hispanic,male,0.6,0.42857142857142855,0.6666666666666666,0.0,0.3333333333333333,0.0,0.0,0.0,0.0
253,2018,D,hispanic,male,1.0,1.0,1.0,1.0,1.0,0.0,0.0,,
254,2012,D,white,male,0.0,0.3333333333333333,0.3333333333333333,0.5714285714285714,0.6666666666666666,0.0,0.0,0.0,0.0
254,2014,D,white,male,0.3333333333333333,0.6,0.0,0.2,0.0,0.0,0.0,0.0,0.0
254,2016,D,white,male,0.4,0.42857142857142855,0.3333333333333333,0.0,0.0,0.0,0.0,0.0,0.0
254,2018,D,white,male,1.0,1.0,1.0,1.0,1.0,0.0,0.0,,
255,2012,R,white,male,1.0,0.8333333333333334,0.6666666666666666,0.7142857142857143,0.6666666666666666,0.0,0.0,0.0,0.0
255,2014,R,white,male,0.6666666666666666,0.8,0.6666666666666666,0.8,1.0,0.0,0.0,0.0,0.0
255,2016,R,white,male,0.6,0.7142857142857143,0.8888888888888888,1.0,1.0,0.0,0.0,0.0,0.0
255,2018,R,white,male,0.0,0.25,0.3333333333333333,1.0,0.3333333333333333,0.0,0.0,,
256,2012,R,white,male,0.75,0.8333333333333334,0.6666666666666666,0.7142857142857143,0.6666666666666666,0.0,0.0,0.0,0.0
256,2014,R,white,male,0.6666666666666666,0.6,0.6666666666666666,0.8,1.0,0.0,0.0,0.0,0.0
256,2016,R,white,male,0.4,0.7142857142857143,0.8888888888888888,1.0,1.0,0.0,0.0,0.0,0.0
256,2018,R,white,male,0.0,0.25,0.3333333333333333,1.0,0.3333333333333333,0.0,0.0,,
257,2012,D,white,male,0.25,0.16666666666666666,0.3333333333333333,0.5714285714285714,0.6666666666666666,0.0,0.0,0.0,0.0
257,2014,D,white,male,0.3333333333333333,0.6,0.0,0.2,0.0,0.0,0.0,0.0,0.0
257,2016,D,white,male,0.8,0.2857142857142857,0.3333333333333333,0.0,0.0,0.0,0.0,0.0,0.0
257,2018,D,white,male,1.0,1.0,1.0,1.0,1.0,0.0,0.0,,
258,2012,0,white,male,0.0,0.0,0.0,0.0,0.0,0.0,0.0,0.0,0.0
258,2014,0,white,male,0.0,0.0,0.0,0.0,0.0,0.0,0.0,0.0,0.0
258,2016,0,white,male,0.0,0.0,0.0,0.0,0.0,0.0,0.0,0.0,0.0
258,2018,0,white,male,0.0,0.0,0.0,0.0,0.0,0.0,0.0,,
259,2012,D,asian,male,0.25,0.3333333333333333,0.3333333333333333,0.5714285714285714,0.6666666666666666,0.0,0.0,0.0,0.0
259,2014,D,asian,male,0.3333333333333333,0.8,0.3333333333333333,0.4,0.25,0.0,0.0,0.0,0.0
259,2016,D,asian,male,0.8,0.2857142857142857,0.3333333333333333,0.0,0.0,0.0,0.0,0.0,0.0
259,2018,D,asian,male,1.0,1.0,1.0,1.0,1.0,0.0,0.0,,
260,2012,R,white,male,0.5,0.3333333333333333,0.3333333333333333,0.7142857142857143,0.3333333333333333,0.0,0.0,0.0,0.0
260,2014,R,white,male,0.6666666666666666,0.8,0.3333333333333333,0.6,0.75,0.0,0.0,0.0,0.0
260,2016,R,white,male,0.6,0.8571428571428571,0.8888888888888888,1.0,1.0,0.0,0.0,0.0,0.0
260,2018,R,white,male,0.0,0.25,0.3333333333333333,1.0,0.3333333333333333,0.0,0.0,,
261,2012,0,white,male,0.0,0.0,0.0,0.0,0.0,0.0,0.0,0.0,0.0
261,2014,0,white,male,0.0,0.0,0.0,0.0,0.0,0.0,0.0,751.0,751.0
261,2016,0,white,male,0.0,0.0,0.0,0.0,0.0,751.0,751.0,6.0,6.0
261,2018,0,white,male,0.0,0.0,0.0,0.0,0.0,6.0,6.0,,
262,2012,D,white,female,0.25,0.6666666666666666,0.3333333333333333,0.7142857142857143,0.6666666666666666,0.0,0.0,0.0,0.0
262,2014,D,white,female,0.3333333333333333,0.8,0.3333333333333333,0.6,0.5,0.0,0.0,0.0,0.0
262,2016,D,white,female,0.8,0.2857142857142857,0.4444444444444444,0.0,0.3333333333333333,0.0,0.0,0.0,0.0
262,2018,D,white,female,1.0,1.0,1.0,1.0,1.0,0.0,0.0,,
263,2012,D,white,male,0.25,0.5,0.3333333333333333,0.7142857142857143,0.6666666666666666,0.0,0.0,0.0,0.0
263,2014,D,white,male,0.3333333333333333,0.8,0.3333333333333333,0.6,0.5,0.0,0.0,0.0,0.0
263,2016,D,white,male,0.8,0.42857142857142855,0.6666666666666666,0.0,0.3333333333333333,0.0,0.0,0.0,0.0
263,2018,D,white,male,1.0,1.0,1.0,1.0,1.0,0.0,0.0,,
264,2012,R,hispanic,female,0.75,0.3333333333333333,1.0,0.7142857142857143,0.3333333333333333,0.0,0.0,0.0,0.0
264,2014,R,hispanic,female,0.6666666666666666,1.0,1.0,1.0,1.0,0.0,0.0,0.0,0.0
264,2016,R,hispanic,female,0.8,0.7142857142857143,0.8888888888888888,1.0,1.0,0.0,0.0,0.0,0.0
264,2018,R,hispanic,female,0.0,0.5,0.6666666666666666,1.0,0.6666666666666666,0.0,0.0,,
265,2012,0,white,female,0.0,0.0,0.0,0.0,0.0,0.0,0.0,0.0,0.0
265,2014,0,white,female,0.0,0.0,0.0,0.0,0.0,0.0,0.0,0.0,0.0
265,2016,0,white,female,0.0,0.0,0.0,0.0,0.0,0.0,0.0,0.0,0.0
265,2018,0,white,female,0.0,0.0,0.0,0.0,0.0,0.0,0.0,,
266,2012,D,white,male,0.5,0.6666666666666666,0.3333333333333333,0.7142857142857143,0.6666666666666666,0.0,0.0,0.0,0.0
266,2014,D,white,male,0.3333333333333333,0.8,0.3333333333333333,0.6,0.5,0.0,0.0,0.0,0.0
266,2016,D,white,male,0.8,0.2857142857142857,0.5555555555555556,0.0,0.3333333333333333,0.0,0.0,0.0,0.0
266,2018,D,white,male,1.0,1.0,1.0,1.0,1.0,0.0,0.0,,
267,2012,D,white,male,0.0,0.16666666666666666,0.0,0.5714285714285714,0.6666666666666666,0.0,0.0,0.0,0.0
267,2014,D,white,male,0.6666666666666666,0.8,0.3333333333333333,0.4,0.25,0.0,0.0,0.0,0.0
267,2016,D,white,male,0.6,0.2857142857142857,0.3333333333333333,0.0,0.0,0.0,0.0,0.0,0.0
267,2018,D,white,male,1.0,1.0,1.0,1.0,1.0,0.0,0.0,,
268,2012,0,white,male,0.0,0.0,0.0,0.0,0.0,0.0,0.0,0.0,0.0
268,2014,0,white,male,0.0,0.0,0.0,0.0,0.0,0.0,0.0,0.0,0.0
268,2016,0,white,male,0.0,0.0,0.0,0.0,0.0,0.0,0.0,0.0,0.0
268,2018,0,white,male,0.0,0.0,0.0,0.0,0.0,0.0,0.0,,
269,2012,R,white,male,0.5,0.8333333333333334,0.3333333333333333,0.7142857142857143,0.6666666666666666,0.0,0.0,0.0,0.0
269,2014,R,white,male,0.6666666666666666,0.6,0.3333333333333333,0.6,0.75,0.0,0.0,0.0,0.0
269,2016,R,white,male,0.8,0.8571428571428571,0.8888888888888888,1.0,1.0,0.0,0.0,0.0,0.0
269,2018,R,white,male,0.0,0.5,0.3333333333333333,1.0,0.3333333333333333,0.0,0.0,,
270,2012,D,white,male,0.0,0.3333333333333333,0.3333333333333333,0.5714285714285714,0.6666666666666666,0.0,0.0,0.0,0.0
270,2014,D,white,male,0.3333333333333333,0.6,0.0,0.2,0.0,0.0,0.0,0.0,0.0
270,2016,D,white,male,0.6,0.42857142857142855,0.3333333333333333,0.25,0.0,0.0,0.0,0.0,0.0
270,2018,D,white,male,1.0,1.0,1.0,1.0,1.0,0.0,0.0,,
271,2012,D,white,male,0.5,0.5,0.3333333333333333,0.7142857142857143,0.3333333333333333,0.0,0.0,0.0,0.0
271,2014,D,white,male,0.3333333333333333,1.0,0.3333333333333333,0.6,0.75,0.0,0.0,0.0,0.0
271,2016,D,white,male,0.2,0.42857142857142855,0.6666666666666666,0.0,0.3333333333333333,0.0,0.0,0.0,0.0
271,2018,D,white,male,1.0,1.0,0.6666666666666666,1.0,1.0,0.0,0.0,,
272,2012,D,black,female,0.0,0.3333333333333333,0.3333333333333333,0.5714285714285714,0.6666666666666666,0.0,0.0,0.0,0.0
272,2014,D,black,female,0.3333333333333333,0.8,0.3333333333333333,0.4,0.25,0.0,0.0,0.0,0.0
272,2016,D,black,female,0.4,0.2857142857142857,0.3333333333333333,0.0,0.0,0.0,0.0,0.0,0.0
272,2018,D,black,female,1.0,1.0,1.0,1.0,1.0,0.0,0.0,,
273,2012,R,white,male,0.25,0.6666666666666666,0.3333333333333333,0.5714285714285714,0.6666666666666666,0.0,0.0,0.0,0.0
273,2014,R,white,male,0.6666666666666666,0.6,0.6666666666666666,0.6,1.0,0.0,0.0,0.0,0.0
273,2016,R,white,male,0.4,0.7142857142857143,0.7777777777777778,0.75,0.6666666666666666,0.0,0.0,0.0,0.0
273,2018,R,white,male,0.0,0.0,0.3333333333333333,1.0,0.3333333333333333,0.0,0.0,,
274,2012,R,white,male,0.75,0.8333333333333334,0.6666666666666666,0.7142857142857143,0.3333333333333333,0.0,0.0,0.0,0.0
274,2014,R,white,male,0.3333333333333333,0.6,0.6666666666666666,0.8,1.0,0.0,0.0,0.0,0.0
274,2016,R,white,male,0.6,0.8571428571428571,0.8888888888888888,1.0,1.0,0.0,0.0,0.0,0.0
274,2018,R,white,male,0.0,0.0,0.3333333333333333,1.0,0.3333333333333333,0.0,0.0,,
275,2012,R,white,male,0.0,0.8333333333333334,0.6666666666666666,0.7142857142857143,0.3333333333333333,0.0,0.0,0.0,0.0
275,2014,R,white,male,0.0,0.6,0.6666666666666666,0.8,1.0,0.0,0.0,0.0,0.0
275,2016,R,white,male,0.0,0.8571428571428571,0.8888888888888888,1.0,1.0,0.0,0.0,0.0,0.0
275,2018,R,white,male,0.0,0.0,0.3333333333333333,1.0,0.3333333333333333,0.0,0.0,,
276,2012,0,black,female,0.0,0.0,0.0,0.0,0.0,0.0,0.0,0.0,0.0
276,2014,0,black,female,0.0,0.0,0.0,0.0,0.0,0.0,0.0,0.0,0.0
276,2016,0,black,female,0.0,0.0,0.0,0.0,0.0,0.0,0.0,0.0,0.0
276,2018,0,black,female,0.0,0.0,0.0,0.0,0.0,0.0,0.0,,
277,2012,0,islander,male,0.0,0.0,0.0,0.0,0.0,0.0,0.0,0.0,0.0
277,2014,0,islander,male,0.0,0.0,0.0,0.0,0.0,0.0,0.0,0.0,0.0
277,2016,0,islander,male,0.0,0.0,0.0,0.0,0.0,0.0,0.0,0.0,0.0
277,2018,0,islander,male,0.0,0.0,0.0,0.0,0.0,0.0,0.0,,
