person,VoteAlongRatio_Film,VoteAlongRatio_FS_IIR,VoteAlongRatio_FS_FSS,VoteAlongRatio_FS_CM,VoteAlongRatio_FS_REB,sex_female,sex_male,ethnicity_asian,ethnicity_black,ethnicity_hispanic,ethnicity_islander,ethnicity_native,ethnicity_white,party_short_D,party_short_R,MODELING_GROUP,Bloomberg_Donations_Diff,Citadel_Donations_Diff,Year_2012,Year_2014,Year_2016
0,0.75,0.0,0.0,0.0,0.0,0,1,0,0,0,0,0,1,0,1,TESTING,0.0,0.0,1,0,0
0,0.6666666666666666,0.8,0.3333333333333333,0.6,0.75,0,1,0,0,0,0,0,1,0,1,TESTING,0.0,0.0,0,1,0
0,0.8,0.8571428571428571,0.8888888888888888,1.0,1.0,0,1,0,0,0,0,0,1,0,1,TESTING,0.0,0.0,0,0,1
1,0.75,0.8333333333333334,0.6666666666666666,0.7142857142857143,0.3333333333333333,1,0,0,0,0,0,0,1,0,1,TRAINING,0.0,0.0,1,0,0
1,1.0,0.8,0.3333333333333333,0.6,0.75,1,0,0,0,0,0,0,1,0,1,TRAINING,0.0,0.0,0,1,0
1,0.6,0.8571428571428571,0.7777777777777778,1.0,1.0,1,0,0,0,0,0,0,1,0,1,TRAINING,0.0,0.0,0,0,1
2,0.6,0.8571428571428571,0.8888888888888888,1.0,1.0,0,1,0,0,0,0,0,1,0,1,TRAINING,0.0,0.0,0,0,1
2,0.5,0.8333333333333334,0.3333333333333333,0.7142857142857143,0.6666666666666666,0,1,0,0,0,0,0,1,0,1,TRAINING,0.0,0.0,1,0,0
2,1.0,0.8,0.3333333333333333,0.6,0.75,0,1,0,0,0,0,0,1,0,1,TRAINING,0.0,0.0,0,1,0
3,0.75,0.8333333333333334,0.6666666666666666,0.7142857142857143,0.6666666666666666,0,1,0,0,0,0,0,1,0,1,TRAINING,0.0,0.0,1,0,0
3,0.0,0.0,0.0,0.0,0.0,0,1,0,0,0,0,0,1,0,1,TRAINING,0.0,0.0,0,1,0
3,0.0,0.0,0.0,0.0,0.0,0,1,0,0,0,0,0,1,0,1,TRAINING,0.0,0.0,0,0,1
4,0.8,0.8571428571428571,0.7777777777777778,1.0,1.0,0,1,0,0,0,0,0,1,0,1,TESTING,0.0,0.0,0,0,1
4,1.0,1.0,1.0,0.5714285714285714,1.0,0,1,0,0,0,0,0,1,0,1,TESTING,0.0,0.0,1,0,0
4,0.6666666666666666,1.0,0.6666666666666666,0.8,1.0,0,1,0,0,0,0,0,1,0,1,TESTING,0.0,0.0,0,1,0
5,0.5,0.8333333333333334,0.3333333333333333,0.7142857142857143,0.6666666666666666,0,1,0,0,0,0,0,1,0,1,TESTING,0.0,0.0,1,0,0
5,0.3333333333333333,0.6,0.3333333333333333,0.6,0.75,0,1,0,0,0,0,0,1,0,1,TESTING,0.0,0.0,0,1,0
5,0.6,0.5714285714285714,0.6666666666666666,0.5,0.6666666666666666,0,1,0,0,0,0,0,1,0,1,TESTING,0.0,0.0,0,0,1
6,0.75,0.5,0.6666666666666666,0.7142857142857143,0.6666666666666666,1,0,0,1,0,0,0,0,1,0,TRAINING,0.0,0.0,1,0,0
6,0.3333333333333333,0.8,0.3333333333333333,0.6,0.75,1,0,0,1,0,0,0,0,1,0,TRAINING,0.0,0.0,0,1,0
6,0.8,0.42857142857142855,0.5555555555555556,0.0,0.3333333333333333,1,0,0,1,0,0,0,0,1,0,TRAINING,0.0,0.0,0,0,1
7,0.75,0.8333333333333334,0.6666666666666666,0.7142857142857143,0.3333333333333333,0,1,0,0,0,0,0,1,0,1,TRAINING,0.0,0.0,1,0,0
7,0.3333333333333333,0.0,0.6666666666666666,0.0,1.0,0,1,0,0,0,0,0,1,0,1,TRAINING,0.0,0.0,0,1,0
7,0.8,0.7142857142857143,0.8888888888888888,1.0,1.0,0,1,0,0,0,0,0,1,0,1,TRAINING,0.0,0.0,0,0,1
8,0.4,0.0,0.3333333333333333,0.0,0.0,0,1,0,0,1,0,0,0,1,0,TESTING,0.0,0.0,0,0,1
8,0.0,0.3333333333333333,0.0,0.5714285714285714,0.6666666666666666,0,1,0,0,1,0,0,0,1,0,TESTING,0.0,0.0,1,0,0
8,0.3333333333333333,0.6,0.0,0.2,0.0,0,1,0,0,1,0,0,0,1,0,TESTING,0.0,0.0,0,1,0
9,0.25,0.8333333333333334,0.3333333333333333,0.7142857142857143,0.3333333333333333,0,1,0,0,0,0,0,1,0,1,TESTING,0.0,0.0,1,0,0
9,0.3333333333333333,0.4,0.3333333333333333,0.6,0.75,0,1,0,0,0,0,0,1,0,1,TESTING,0.0,0.0,0,1,0
9,0.4,0.7142857142857143,0.8888888888888888,0.75,1.0,0,1,0,0,0,0,0,1,0,1,TESTING,0.0,0.0,0,0,1
10,0.5,0.8333333333333334,0.3333333333333333,0.7142857142857143,0.6666666666666666,0,1,0,0,0,0,0,1,0,1,TRAINING,0.0,0.0,1,0,0
10,0.6666666666666666,0.4,0.3333333333333333,0.6,0.75,0,1,0,0,0,0,0,1,0,1,TRAINING,0.0,0.0,0,1,0
10,0.4,0.8571428571428571,0.8888888888888888,1.0,1.0,0,1,0,0,0,0,0,1,0,1,TRAINING,0.0,0.0,0,0,1
11,0.0,0.0,0.0,0.0,0.0,0,1,0,0,0,0,0,1,0,0,TRAINING,0.0,0.0,1,0,0
11,0.0,0.0,0.0,0.0,0.0,0,1,0,0,0,0,0,1,0,0,TRAINING,0.0,0.0,0,1,0
11,0.0,0.0,0.0,0.0,0.0,0,1,0,0,0,0,0,1,0,0,TRAINING,0.0,0.0,0,0,1
12,0.8,0.8571428571428571,0.8888888888888888,1.0,1.0,0,1,0,0,0,0,0,1,0,1,TESTING,0.0,0.0,0,0,1
12,0.75,0.8333333333333334,0.6666666666666666,0.7142857142857143,0.6666666666666666,0,1,0,0,0,0,0,1,0,1,TESTING,0.0,0.0,1,0,0
12,0.6666666666666666,1.0,0.6666666666666666,0.8,1.0,0,1,0,0,0,0,0,1,0,1,TESTING,0.0,0.0,0,1,0
13,0.5,0.8333333333333334,0.3333333333333333,0.7142857142857143,0.6666666666666666,0,1,0,0,0,0,0,1,0,1,TRAINING,0.0,0.0,1,0,0
13,0.6666666666666666,0.6,0.3333333333333333,0.6,0.75,0,1,0,0,0,0,0,1,0,1,TRAINING,0.0,0.0,0,1,0
13,0.6,0.8571428571428571,0.8888888888888888,1.0,1.0,0,1,0,0,0,0,0,1,0,1,TRAINING,0.0,0.0,0,0,1
14,0.6,0.2857142857142857,0.3333333333333333,0.0,0.0,0,1,0,0,0,0,0,1,1,0,TRAINING,0.0,0.0,0,0,1
14,0.0,0.3333333333333333,0.0,0.5714285714285714,0.6666666666666666,0,1,0,0,0,0,0,1,1,0,TRAINING,0.0,0.0,1,0,0
14,0.3333333333333333,0.8,0.3333333333333333,0.4,0.25,0,1,0,0,0,0,0,1,1,0,TRAINING,0.0,0.0,0,1,0
15,0.75,0.5,0.6666666666666666,0.5714285714285714,0.6666666666666666,0,1,0,0,1,0,0,0,1,0,TRAINING,0.0,0.0,1,0,0
15,0.3333333333333333,0.8,0.3333333333333333,0.6,0.5,0,1,0,0,1,0,0,0,1,0,TRAINING,0.0,0.0,0,1,0
15,0.8,0.2857142857142857,0.3333333333333333,0.0,0.0,0,1,0,0,1,0,0,0,1,0,TRAINING,0.0,0.0,0,0,1
16,0.3333333333333333,0.2,0.3333333333333333,0.4,0.75,0,1,0,0,0,0,0,1,0,1,TESTING,0.0,0.0,0,1,0
16,0.2,0.8571428571428571,0.7777777777777778,1.0,1.0,0,1,0,0,0,0,0,1,0,1,TESTING,0.0,0.0,0,0,1
16,0.25,0.6666666666666666,0.3333333333333333,0.5714285714285714,0.3333333333333333,0,1,0,0,0,0,0,1,0,1,TESTING,0.0,0.0,1,0,0
17,0.6,0.2857142857142857,0.4444444444444444,0.0,0.0,0,1,0,0,0,0,0,1,1,0,TRAINING,0.0,0.0,0,0,1
17,0.5,0.5,0.0,0.7142857142857143,0.6666666666666666,0,1,0,0,0,0,0,1,1,0,TRAINING,0.0,0.0,1,0,0
17,0.3333333333333333,0.8,0.3333333333333333,0.4,0.25,0,1,0,0,0,0,0,1,1,0,TRAINING,0.0,0.0,0,1,0
18,0.25,0.5,0.3333333333333333,0.7142857142857143,0.6666666666666666,1,0,1,0,0,0,0,0,1,0,TRAINING,0.0,0.0,1,0,0
18,0.3333333333333333,0.8,0.3333333333333333,0.4,0.25,1,0,1,0,0,0,0,0,1,0,TRAINING,0.0,0.0,0,1,0
18,0.6,0.2857142857142857,0.3333333333333333,0.0,0.0,1,0,1,0,0,0,0,0,1,0,TRAINING,0.0,0.0,0,0,1
19,0.5,0.5,0.6666666666666666,0.7142857142857143,0.6666666666666666,0,1,1,0,0,0,0,0,1,0,TRAINING,0.0,0.0,1,0,0
19,0.6666666666666666,0.8,0.3333333333333333,0.6,0.5,0,1,1,0,0,0,0,0,1,0,TRAINING,0.0,0.0,0,1,0
19,0.8,0.42857142857142855,0.6666666666666666,0.0,0.3333333333333333,0,1,1,0,0,0,0,0,1,0,TRAINING,1000.0,1000.0,0,0,1
20,0.75,0.8333333333333334,0.6666666666666666,0.7142857142857143,0.6666666666666666,0,1,0,0,0,0,0,1,0,1,TESTING,0.0,0.0,1,0,0
20,1.0,1.0,0.6666666666666666,0.8,1.0,0,1,0,0,0,0,0,1,0,1,TESTING,0.0,0.0,0,1,0
20,0.8,0.8571428571428571,0.8888888888888888,1.0,1.0,0,1,0,0,0,0,0,1,0,1,TESTING,0.0,0.0,0,0,1
21,0.6,0.2857142857142857,0.3333333333333333,0.0,0.0,0,1,0,0,0,0,0,1,1,0,TESTING,0.0,0.0,0,0,1
21,0.3333333333333333,0.8,0.3333333333333333,0.4,0.25,0,1,0,0,0,0,0,1,1,0,TESTING,0.0,0.0,0,1,0
21,0.25,0.5,0.0,0.7142857142857143,0.6666666666666666,0,1,0,0,0,0,0,1,1,0,TESTING,0.0,0.0,1,0,0
22,0.25,0.3333333333333333,0.6666666666666666,0.42857142857142855,0.6666666666666666,1,0,0,0,0,0,0,1,1,0,TESTING,0.0,0.0,1,0,0
22,0.3333333333333333,0.8,0.3333333333333333,0.4,0.25,1,0,0,0,0,0,0,1,1,0,TESTING,200.0,200.0,0,1,0
22,0.6,0.14285714285714285,0.3333333333333333,0.0,0.0,1,0,0,0,0,0,0,1,1,0,TESTING,-200.0,-200.0,0,0,1
23,0.0,0.3333333333333333,0.0,0.5714285714285714,0.6666666666666666,1,0,0,0,0,0,0,1,1,0,TRAINING,0.0,0.0,1,0,0
23,0.3333333333333333,0.8,0.3333333333333333,0.4,0.25,1,0,0,0,0,0,0,1,1,0,TRAINING,0.0,0.0,0,1,0
23,0.6,0.14285714285714285,0.3333333333333333,0.0,0.0,1,0,0,0,0,0,0,1,1,0,TRAINING,0.0,0.0,0,0,1
24,0.0,0.3333333333333333,0.0,0.7142857142857143,0.6666666666666666,1,0,0,0,0,0,0,1,1,0,TESTING,0.0,0.0,1,0,0
24,0.3333333333333333,0.8,0.3333333333333333,0.4,0.25,1,0,0,0,0,0,0,1,1,0,TESTING,0.0,0.0,0,1,0
24,0.4,0.2857142857142857,0.4444444444444444,0.0,0.3333333333333333,1,0,0,0,0,0,0,1,1,0,TESTING,0.0,0.0,0,0,1
25,0.6,0.2857142857142857,0.3333333333333333,0.0,0.0,0,1,0,0,0,0,0,1,1,0,TRAINING,-45.0,-45.0,0,0,1
25,0.3333333333333333,0.8,0.3333333333333333,0.4,0.25,0,1,0,0,0,0,0,1,1,0,TRAINING,50.0,50.0,0,1,0
25,0.0,0.5,0.0,0.7142857142857143,0.6666666666666666,0,1,0,0,0,0,0,1,1,0,TRAINING,0.0,0.0,1,0,0
26,0.75,0.5,0.3333333333333333,0.7142857142857143,0.3333333333333333,0,1,0,0,0,0,0,1,1,0,TRAINING,0.0,0.0,1,0,0
26,0.6666666666666666,0.0,0.3333333333333333,0.0,1.0,0,1,0,0,0,0,0,1,1,0,TRAINING,0.0,0.0,0,1,0
26,0.8,0.2857142857142857,0.8888888888888888,0.25,0.3333333333333333,0,1,0,0,0,0,0,1,1,0,TRAINING,0.0,0.0,0,0,1
27,0.0,0.5,0.3333333333333333,0.7142857142857143,0.6666666666666666,1,0,0,0,0,0,0,1,1,0,TESTING,0.0,0.0,1,0,0
27,0.3333333333333333,0.8,0.3333333333333333,0.4,0.25,1,0,0,0,0,0,0,1,1,0,TESTING,0.0,0.0,0,1,0
27,0.8,0.2857142857142857,0.3333333333333333,0.0,0.0,1,0,0,0,0,0,0,1,1,0,TESTING,0.0,0.0,0,0,1
28,0.0,0.3333333333333333,0.3333333333333333,0.2857142857142857,0.6666666666666666,1,0,0,0,0,0,0,1,1,0,TESTING,0.0,0.0,1,0,0
28,0.3333333333333333,0.6,0.0,0.2,0.0,1,0,0,0,0,0,0,1,1,0,TESTING,0.0,0.0,0,1,0
28,0.4,0.2857142857142857,0.3333333333333333,0.0,0.0,1,0,0,0,0,0,0,1,1,0,TESTING,0.0,0.0,0,0,1
29,0.8,0.8571428571428571,0.8888888888888888,1.0,1.0,0,1,0,0,0,0,0,1,0,1,TRAINING,0.0,0.0,0,0,1
29,0.6666666666666666,1.0,0.6666666666666666,0.8,1.0,0,1,0,0,0,0,0,1,0,1,TRAINING,0.0,0.0,0,1,0
29,0.75,0.8333333333333334,0.6666666666666666,0.7142857142857143,0.6666666666666666,0,1,0,0,0,0,0,1,0,1,TRAINING,0.0,0.0,1,0,0
30,0.75,0.8333333333333334,0.6666666666666666,0.7142857142857143,0.6666666666666666,0,1,0,0,0,0,0,1,0,1,TRAINING,0.0,0.0,1,0,0
30,0.6666666666666666,0.8,0.6666666666666666,0.8,1.0,0,1,0,0,0,0,0,1,0,1,TRAINING,0.0,0.0,0,1,0
30,0.8,0.8571428571428571,0.8888888888888888,1.0,1.0,0,1,0,0,0,0,0,1,0,1,TRAINING,0.0,0.0,0,0,1
31,0.5,0.8333333333333334,0.6666666666666666,0.7142857142857143,0.6666666666666666,1,0,0,0,0,0,0,1,1,0,TRAINING,0.0,0.0,1,0,0
31,0.3333333333333333,0.8,0.3333333333333333,0.6,0.5,1,0,0,0,0,0,0,1,1,0,TRAINING,0.0,0.0,0,1,0
31,0.8,0.2857142857142857,0.4444444444444444,0.0,0.0,1,0,0,0,0,0,0,1,1,0,TRAINING,396.0,396.0,0,0,1
32,0.25,0.3333333333333333,0.3333333333333333,0.2857142857142857,0.6666666666666666,1,0,1,0,0,0,0,0,1,0,TRAINING,0.0,0.0,1,0,0
32,0.3333333333333333,0.8,0.3333333333333333,0.4,0.25,1,0,1,0,0,0,0,0,1,0,TRAINING,0.0,0.0,0,1,0
32,0.6,0.2857142857142857,0.3333333333333333,0.0,0.0,1,0,1,0,0,0,0,0,1,0,TRAINING,0.0,0.0,0,0,1
33,0.6,0.2857142857142857,0.3333333333333333,0.0,0.0,0,1,0,0,0,0,0,1,1,0,TRAINING,5.0,5.0,0,0,1
33,0.25,0.5,0.3333333333333333,0.5714285714285714,1.0,0,1,0,0,0,0,0,1,1,0,TRAINING,0.0,0.0,1,0,0
33,0.3333333333333333,0.8,0.3333333333333333,0.4,0.5,0,1,0,0,0,0,0,1,1,0,TRAINING,0.0,0.0,0,1,0
34,0.0,0.0,0.0,0.0,0.0,0,1,0,0,1,0,0,0,0,0,TESTING,0.0,0.0,0,0,1
34,0.0,0.0,0.0,0.0,0.0,0,1,0,0,1,0,0,0,0,0,TESTING,0.0,0.0,0,1,0
34,0.0,0.0,0.0,0.0,0.0,0,1,0,0,1,0,0,0,0,0,TESTING,0.0,0.0,1,0,0
35,0.5,0.5,0.6666666666666666,0.7142857142857143,0.6666666666666666,0,1,0,0,0,0,0,1,1,0,TRAINING,0.0,0.0,1,0,0
35,0.3333333333333333,0.8,0.3333333333333333,0.4,0.75,0,1,0,0,0,0,0,1,1,0,TRAINING,0.0,0.0,0,1,0
35,0.8,0.42857142857142855,0.5555555555555556,0.0,0.3333333333333333,0,1,0,0,0,0,0,1,1,0,TRAINING,0.0,0.0,0,0,1
36,0.0,0.3333333333333333,0.3333333333333333,0.5714285714285714,0.6666666666666666,1,0,0,0,1,0,0,0,1,0,TRAINING,0.0,0.0,1,0,0
36,0.6666666666666666,0.8,0.3333333333333333,0.4,0.25,1,0,0,0,1,0,0,0,1,0,TRAINING,0.0,0.0,0,1,0
36,0.6,0.2857142857142857,0.4444444444444444,0.5,0.6666666666666666,1,0,0,0,1,0,0,0,1,0,TRAINING,0.0,0.0,0,0,1
37,0.5,0.6666666666666666,0.6666666666666666,0.7142857142857143,0.6666666666666666,0,1,0,0,1,0,0,0,1,0,TRAINING,0.0,0.0,1,0,0
37,0.6666666666666666,0.8,0.3333333333333333,0.6,0.25,0,1,0,0,1,0,0,0,1,0,TRAINING,0.0,0.0,0,1,0
37,0.8,0.2857142857142857,0.5555555555555556,0.0,0.0,0,1,0,0,1,0,0,0,1,0,TRAINING,0.0,0.0,0,0,1
38,0.6,0.2857142857142857,0.3333333333333333,0.0,0.0,1,0,0,1,0,0,0,0,1,0,TRAINING,0.0,0.0,0,0,1
38,0.3333333333333333,0.8,0.3333333333333333,0.4,0.25,1,0,0,1,0,0,0,0,1,0,TRAINING,0.0,0.0,0,1,0
38,0.0,0.3333333333333333,0.3333333333333333,0.5714285714285714,0.3333333333333333,1,0,0,1,0,0,0,0,1,0,TRAINING,0.0,0.0,1,0,0
39,0.0,0.3333333333333333,0.6666666666666666,0.5714285714285714,0.6666666666666666,1,0,0,0,1,0,0,0,1,0,TESTING,0.0,0.0,1,0,0
39,0.3333333333333333,0.8,0.3333333333333333,0.4,0.25,1,0,0,0,1,0,0,0,1,0,TESTING,0.0,0.0,0,1,0
39,0.6,0.14285714285714285,0.3333333333333333,0.0,0.0,1,0,0,0,1,0,0,0,1,0,TESTING,0.0,0.0,0,0,1
40,0.0,0.5,0.3333333333333333,0.5714285714285714,0.6666666666666666,1,0,0,0,1,0,0,0,1,0,TRAINING,0.0,0.0,1,0,0
40,0.3333333333333333,0.8,0.3333333333333333,0.4,0.25,1,0,0,0,1,0,0,0,1,0,TRAINING,0.0,0.0,0,1,0
40,0.6,0.2857142857142857,0.3333333333333333,0.0,0.0,1,0,0,0,1,0,0,0,1,0,TRAINING,0.0,0.0,0,0,1
41,0.0,0.3333333333333333,0.3333333333333333,0.5714285714285714,0.6666666666666666,0,1,1,0,0,0,0,0,1,0,TESTING,0.0,0.0,1,0,0
41,0.3333333333333333,0.6,0.0,0.2,0.0,0,1,1,0,0,0,0,0,1,0,TESTING,0.0,0.0,0,1,0
41,0.6,0.2857142857142857,0.3333333333333333,0.0,0.0,0,1,1,0,0,0,0,0,1,0,TESTING,0.0,0.0,0,0,1
42,0.8,0.8571428571428571,0.8888888888888888,1.0,1.0,0,1,0,0,0,0,0,1,0,1,TESTING,0.0,0.0,0,0,1
42,0.75,0.8333333333333334,0.6666666666666666,0.7142857142857143,0.6666666666666666,0,1,0,0,0,0,0,1,0,1,TESTING,0.0,0.0,1,0,0
42,0.6666666666666666,1.0,0.6666666666666666,0.8,1.0,0,1,0,0,0,0,0,1,0,1,TESTING,0.0,0.0,0,1,0
43,0.0,0.3333333333333333,0.3333333333333333,0.5714285714285714,0.6666666666666666,1,0,0,1,0,0,0,0,1,0,TESTING,0.0,0.0,1,0,0
43,0.3333333333333333,0.0,0.0,0.0,0.0,1,0,0,1,0,0,0,0,1,0,TESTING,0.0,0.0,0,1,0
43,0.8,0.2857142857142857,0.3333333333333333,0.0,0.0,1,0,0,1,0,0,0,0,1,0,TESTING,0.0,0.0,0,0,1
44,0.0,0.3333333333333333,0.3333333333333333,0.42857142857142855,0.6666666666666666,0,1,0,0,0,0,0,1,1,0,TRAINING,0.0,0.0,1,0,0
44,0.3333333333333333,0.8,0.3333333333333333,0.4,0.5,0,1,0,0,0,0,0,1,1,0,TRAINING,0.0,0.0,0,1,0
44,0.6,0.2857142857142857,0.3333333333333333,0.0,0.0,0,1,0,0,0,0,0,1,1,0,TRAINING,0.0,0.0,0,0,1
45,0.75,0.8333333333333334,0.6666666666666666,0.7142857142857143,0.6666666666666666,0,1,0,0,0,0,0,1,0,1,TESTING,0.0,0.0,1,0,0
45,0.6666666666666666,0.8,0.3333333333333333,0.6,0.75,0,1,0,0,0,0,0,1,0,1,TESTING,0.0,0.0,0,1,0
45,0.8,0.8571428571428571,0.8888888888888888,1.0,1.0,0,1,0,0,0,0,0,1,0,1,TESTING,0.0,0.0,0,0,1
46,0.0,0.8571428571428571,0.8888888888888888,1.0,1.0,0,1,0,0,0,0,0,1,0,1,TESTING,0.0,0.0,0,0,1
46,0.0,0.8333333333333334,0.6666666666666666,0.7142857142857143,0.6666666666666666,0,1,0,0,0,0,0,1,0,1,TESTING,0.0,0.0,1,0,0
46,0.0,0.8,0.3333333333333333,0.6,0.75,0,1,0,0,0,0,0,1,0,1,TESTING,0.0,0.0,0,1,0
47,0.0,0.5,0.3333333333333333,0.7142857142857143,0.6666666666666666,0,1,0,0,1,0,0,0,1,0,TESTING,0.0,0.0,1,0,0
47,0.3333333333333333,0.8,0.3333333333333333,0.4,0.5,0,1,0,0,1,0,0,0,1,0,TESTING,0.0,0.0,0,1,0
47,0.6,0.2857142857142857,0.4444444444444444,0.0,0.3333333333333333,0,1,0,0,1,0,0,0,1,0,TESTING,0.0,0.0,0,0,1
48,0.8,0.5714285714285714,0.6666666666666666,0.25,0.3333333333333333,0,1,0,0,0,0,0,1,1,0,TRAINING,0.0,0.0,0,0,1
48,0.5,0.8333333333333334,0.6666666666666666,0.7142857142857143,0.6666666666666666,0,1,0,0,0,0,0,1,1,0,TRAINING,0.0,0.0,1,0,0
48,0.6666666666666666,0.8,0.3333333333333333,0.6,0.75,0,1,0,0,0,0,0,1,1,0,TRAINING,0.0,0.0,0,1,0
49,0.5,0.3333333333333333,0.6666666666666666,0.7142857142857143,0.6666666666666666,1,0,0,0,0,0,0,1,1,0,TESTING,0.0,0.0,1,0,0
49,0.3333333333333333,0.8,0.3333333333333333,0.4,0.25,1,0,0,0,0,0,0,1,1,0,TESTING,0.0,0.0,0,1,0
49,0.8,0.2857142857142857,0.4444444444444444,0.0,0.0,1,0,0,0,0,0,0,1,1,0,TESTING,0.0,0.0,0,0,1
50,0.0,0.5,0.3333333333333333,0.7142857142857143,0.6666666666666666,1,0,0,0,0,0,0,1,1,0,TESTING,0.0,0.0,1,0,0
50,0.3333333333333333,0.8,0.3333333333333333,0.4,0.25,1,0,0,0,0,0,0,1,1,0,TESTING,0.0,0.0,0,1,0
50,0.6,0.14285714285714285,0.2222222222222222,0.0,0.0,1,0,0,0,0,0,0,1,1,0,TESTING,0.0,0.0,0,0,1
51,0.8,0.8571428571428571,0.8888888888888888,1.0,1.0,0,1,0,0,0,0,0,1,0,1,TRAINING,0.0,0.0,0,0,1
51,0.75,0.8333333333333334,0.3333333333333333,0.7142857142857143,0.6666666666666666,0,1,0,0,0,0,0,1,0,1,TRAINING,0.0,0.0,1,0,0
51,0.6666666666666666,0.4,0.3333333333333333,0.6,0.75,0,1,0,0,0,0,0,1,0,1,TRAINING,0.0,0.0,0,1,0
52,0.5,0.8333333333333334,0.3333333333333333,0.7142857142857143,0.6666666666666666,0,1,0,0,0,0,0,1,0,1,TESTING,0.0,0.0,1,0,0
52,0.6666666666666666,0.4,0.3333333333333333,0.4,0.75,0,1,0,0,0,0,0,1,0,1,TESTING,0.0,0.0,0,1,0
52,0.6,0.8571428571428571,0.8888888888888888,1.0,1.0,0,1,0,0,0,0,0,1,0,1,TESTING,0.0,0.0,0,0,1
53,0.75,0.5,0.6666666666666666,0.7142857142857143,0.3333333333333333,0,1,0,0,0,0,0,1,1,0,TRAINING,0.0,0.0,1,0,0
53,0.0,0.8,0.3333333333333333,0.4,0.5,0,1,0,0,0,0,0,1,1,0,TRAINING,0.0,0.0,0,1,0
53,0.8,0.2857142857142857,0.4444444444444444,0.0,0.0,0,1,0,0,0,0,0,1,1,0,TRAINING,0.0,0.0,0,0,1
54,0.25,0.3333333333333333,0.3333333333333333,0.5714285714285714,0.3333333333333333,0,1,0,0,0,0,0,1,1,0,TRAINING,0.0,0.0,1,0,0
54,0.3333333333333333,0.6,0.3333333333333333,0.2,0.25,0,1,0,0,0,0,0,1,1,0,TRAINING,0.0,0.0,0,1,0
54,0.8,0.2857142857142857,0.3333333333333333,0.0,0.0,0,1,0,0,0,0,0,1,1,0,TRAINING,0.0,0.0,0,0,1
55,0.8,0.2857142857142857,0.3333333333333333,0.0,0.0,0,1,0,0,0,0,0,1,1,0,TRAINING,0.0,0.0,0,0,1
55,0.3333333333333333,0.8,0.3333333333333333,0.4,0.5,0,1,0,0,0,0,0,1,1,0,TRAINING,0.0,0.0,0,1,0
55,0.0,0.5,0.3333333333333333,0.5714285714285714,0.3333333333333333,0,1,0,0,0,0,0,1,1,0,TRAINING,0.0,0.0,1,0,0
56,0.0,0.3333333333333333,0.3333333333333333,0.5714285714285714,0.3333333333333333,1,0,0,0,0,0,0,1,1,0,TESTING,0.0,0.0,1,0,0
56,0.3333333333333333,0.8,0.3333333333333333,0.4,0.25,1,0,0,0,0,0,0,1,1,0,TESTING,0.0,0.0,0,1,0
56,0.8,0.14285714285714285,0.3333333333333333,0.0,0.0,1,0,0,0,0,0,0,1,1,0,TESTING,0.0,0.0,0,0,1
57,0.0,0.0,0.0,0.0,0.0,0,1,0,0,0,0,0,1,0,0,TRAINING,1000.0,1000.0,1,0,0
57,0.0,0.0,0.0,0.0,0.0,0,1,0,0,0,0,0,1,0,0,TRAINING,-1000.0,-1000.0,0,1,0
57,0.0,0.0,0.0,0.0,0.0,0,1,0,0,0,0,0,1,0,0,TRAINING,0.0,0.0,0,0,1
58,0.75,0.8333333333333334,0.6666666666666666,0.7142857142857143,0.3333333333333333,0,1,0,0,0,0,0,1,0,1,TRAINING,0.0,0.0,1,0,0
58,0.6666666666666666,0.4,0.3333333333333333,0.6,0.75,0,1,0,0,0,0,0,1,0,1,TRAINING,0.0,0.0,0,1,0
58,0.4,0.7142857142857143,0.8888888888888888,0.75,1.0,0,1,0,0,0,0,0,1,0,1,TRAINING,0.0,0.0,0,0,1
59,0.4,0.8571428571428571,0.8888888888888888,0.75,0.6666666666666666,0,1,0,0,0,0,0,1,0,1,TRAINING,0.0,0.0,0,0,1
59,0.5,0.8333333333333334,0.3333333333333333,0.7142857142857143,0.3333333333333333,0,1,0,0,0,0,0,1,0,1,TRAINING,0.0,0.0,1,0,0
59,0.6666666666666666,0.4,0.3333333333333333,0.6,0.75,0,1,0,0,0,0,0,1,0,1,TRAINING,0.0,0.0,0,1,0
60,0.0,0.0,0.0,0.0,0.0,0,1,0,0,0,0,0,1,0,1,TESTING,0.0,0.0,0,0,1
60,0.5,0.8333333333333334,0.3333333333333333,0.7142857142857143,0.6666666666666666,0,1,0,0,0,0,0,1,0,1,TESTING,0.0,0.0,1,0,0
60,0.6666666666666666,0.6,0.3333333333333333,0.6,0.75,0,1,0,0,0,0,0,1,0,1,TESTING,0.0,0.0,0,1,0
61,0.0,0.8333333333333334,0.3333333333333333,0.7142857142857143,0.6666666666666666,0,1,0,0,0,0,0,1,0,1,TESTING,0.0,0.0,1,0,0
61,0.0,0.6,0.3333333333333333,0.6,0.75,0,1,0,0,0,0,0,1,0,1,TESTING,0.0,0.0,0,1,0
61,0.6,0.0,0.0,0.0,0.0,0,1,0,0,0,0,0,1,0,1,TESTING,0.0,0.0,0,0,1
62,0.5,0.0,0.0,0.0,0.0,0,1,0,0,0,0,0,1,0,1,TESTING,0.0,0.0,1,0,0
62,0.6666666666666666,0.0,0.0,0.0,0.0,0,1,0,0,0,0,0,1,0,1,TESTING,0.0,0.0,0,1,0
62,0.0,0.7142857142857143,0.8888888888888888,1.0,1.0,0,1,0,0,0,0,0,1,0,1,TESTING,0.0,0.0,0,0,1
63,0.0,0.0,0.0,0.0,0.0,0,1,0,0,0,0,0,1,0,1,TESTING,0.0,0.0,1,0,0
63,0.0,0.0,0.0,0.0,0.0,0,1,0,0,0,0,0,1,0,1,TESTING,0.0,0.0,0,1,0
63,0.6,0.7142857142857143,0.8888888888888888,1.0,1.0,0,1,0,0,0,0,0,1,0,1,TESTING,0.0,0.0,0,0,1
64,1.0,0.7142857142857143,0.8888888888888888,1.0,1.0,0,1,0,0,0,0,0,1,0,1,TRAINING,0.0,0.0,0,0,1
64,0.6666666666666666,0.8,0.6666666666666666,0.8,1.0,0,1,0,0,0,0,0,1,0,1,TRAINING,0.0,0.0,0,1,0
64,0.75,0.8333333333333334,0.6666666666666666,0.7142857142857143,0.6666666666666666,0,1,0,0,0,0,0,1,0,1,TRAINING,0.0,0.0,1,0,0
65,0.5,0.3333333333333333,0.3333333333333333,0.5714285714285714,0.6666666666666666,1,0,0,0,0,0,0,1,1,0,TRAINING,0.0,0.0,1,0,0
65,0.3333333333333333,0.8,0.3333333333333333,0.4,0.25,1,0,0,0,0,0,0,1,1,0,TRAINING,0.0,0.0,0,1,0
65,0.8,0.2857142857142857,0.3333333333333333,0.0,0.0,1,0,0,0,0,0,0,1,1,0,TRAINING,0.0,0.0,0,0,1
66,0.75,0.8333333333333334,0.6666666666666666,0.7142857142857143,0.3333333333333333,0,1,0,0,0,0,0,1,0,1,TRAINING,0.0,0.0,1,0,0
66,0.6666666666666666,1.0,0.6666666666666666,0.8,1.0,0,1,0,0,0,0,0,1,0,1,TRAINING,0.0,0.0,0,1,0
66,0.6,0.8571428571428571,0.7777777777777778,1.0,0.6666666666666666,0,1,0,0,0,0,0,1,0,1,TRAINING,0.0,0.0,0,0,1
67,0.8,0.42857142857142855,0.4444444444444444,0.0,0.0,0,1,0,1,0,0,0,0,1,0,TESTING,0.0,0.0,0,0,1
67,0.0,0.3333333333333333,0.3333333333333333,0.5714285714285714,0.6666666666666666,0,1,0,1,0,0,0,0,1,0,TESTING,0.0,0.0,1,0,0
67,0.6666666666666666,0.8,0.3333333333333333,0.4,0.25,0,1,0,1,0,0,0,0,1,0,TESTING,0.0,0.0,0,1,0
68,0.0,0.0,0.0,0.0,0.0,0,1,0,0,0,0,0,1,0,0,TESTING,-2600.0,-2600.0,0,1,0
68,0.0,0.0,0.0,0.0,0.0,0,1,0,0,0,0,0,1,0,0,TESTING,0.0,0.0,0,0,1
68,0.0,0.0,0.0,0.0,0.0,0,1,0,0,0,0,0,1,0,0,TESTING,2600.0,2600.0,1,0,0
69,0.0,0.0,0.0,0.0,0.0,1,0,0,0,0,0,0,1,1,0,TRAINING,0.0,0.0,0,0,1
69,0.25,0.3333333333333333,0.3333333333333333,0.5714285714285714,0.0,1,0,0,0,0,0,0,1,1,0,TRAINING,0.0,0.0,1,0,0
69,0.3333333333333333,0.8,0.3333333333333333,0.4,0.25,1,0,0,0,0,0,0,1,1,0,TRAINING,0.0,0.0,0,1,0
70,0.0,0.3333333333333333,0.3333333333333333,0.5714285714285714,0.0,1,0,0,0,0,0,0,1,1,0,TESTING,0.0,0.0,1,0,0
70,0.0,0.8,0.3333333333333333,0.4,0.25,1,0,0,0,0,0,0,1,1,0,TESTING,0.0,0.0,0,1,0
70,0.8,0.0,0.0,0.0,0.0,1,0,0,0,0,0,0,1,1,0,TESTING,0.0,0.0,0,0,1
71,0.25,0.0,0.0,0.0,0.0,1,0,0,0,0,0,0,1,1,0,TESTING,0.0,0.0,1,0,0
71,0.3333333333333333,0.0,0.0,0.0,0.0,1,0,0,0,0,0,0,1,1,0,TESTING,0.0,0.0,0,1,0
71,0.0,0.2857142857142857,0.3333333333333333,0.0,0.0,1,0,0,0,0,0,0,1,1,0,TESTING,0.0,0.0,0,0,1
72,0.8,0.2857142857142857,0.3333333333333333,0.0,0.0,1,0,0,0,0,0,0,1,1,0,TESTING,0.0,0.0,0,0,1
72,0.0,0.0,0.0,0.0,0.0,1,0,0,0,0,0,0,1,1,0,TESTING,0.0,0.0,1,0,0
72,0.0,0.0,0.0,0.0,0.0,1,0,0,0,0,0,0,1,1,0,TESTING,0.0,0.0,0,1,0
73,0.5,0.3333333333333333,0.6666666666666666,0.2857142857142857,0.6666666666666666,1,0,0,0,0,0,0,1,1,0,TESTING,0.0,0.0,1,0,0
73,0.3333333333333333,0.6,0.3333333333333333,0.2,0.25,1,0,0,0,0,0,0,1,1,0,TESTING,550.0,550.0,0,1,0
73,0.8,0.2857142857142857,0.3333333333333333,0.0,0.0,1,0,0,0,0,0,0,1,1,0,TESTING,-50.0,-50.0,0,0,1
74,0.8,0.2857142857142857,0.3333333333333333,0.0,0.0,1,0,0,1,0,0,0,0,1,0,TESTING,0.0,0.0,0,0,1
74,0.25,0.5,0.3333333333333333,0.7142857142857143,0.6666666666666666,1,0,0,1,0,0,0,0,1,0,TESTING,0.0,0.0,1,0,0
74,0.3333333333333333,0.8,0.3333333333333333,0.4,0.25,1,0,0,1,0,0,0,0,1,0,TESTING,0.0,0.0,0,1,0
75,0.75,0.8333333333333334,0.6666666666666666,0.7142857142857143,0.6666666666666666,0,1,0,0,1,0,0,0,0,1,TESTING,0.0,0.0,1,0,0
75,1.0,1.0,0.6666666666666666,0.8,1.0,0,1,0,0,1,0,0,0,0,1,TESTING,0.0,0.0,0,1,0
75,0.8,0.5714285714285714,0.7777777777777778,0.75,1.0,0,1,0,0,1,0,0,0,0,1,TESTING,0.0,0.0,0,0,1
76,0.0,0.0,0.0,0.0,0.0,0,1,0,1,0,0,0,0,0,0,TRAINING,0.0,0.0,1,0,0
76,0.0,0.0,0.0,0.0,0.0,0,1,0,1,0,0,0,0,0,0,TRAINING,0.0,0.0,0,1,0
76,0.0,0.0,0.0,0.0,0.0,0,1,0,1,0,0,0,0,0,0,TRAINING,0.0,0.0,0,0,1
77,0.0,0.0,0.0,0.0,0.0,0,1,0,1,0,0,0,0,0,0,TESTING,0.0,0.0,1,0,0
77,0.0,0.0,0.0,0.0,0.0,0,1,0,1,0,0,0,0,0,0,TESTING,0.0,0.0,0,1,0
77,0.0,0.0,0.0,0.0,0.0,0,1,0,1,0,0,0,0,0,0,TESTING,0.0,0.0,0,0,1
78,0.6,0.14285714285714285,0.3333333333333333,0.0,0.0,0,1,0,1,0,0,0,0,1,0,TRAINING,58.0,58.0,0,0,1
78,0.0,0.3333333333333333,0.3333333333333333,0.5714285714285714,0.6666666666666666,0,1,0,1,0,0,0,0,1,0,TRAINING,0.0,0.0,1,0,0
78,0.3333333333333333,0.8,0.3333333333333333,0.4,0.25,0,1,0,1,0,0,0,0,1,0,TRAINING,0.0,0.0,0,1,0
79,0.75,0.8333333333333334,0.6666666666666666,0.7142857142857143,0.6666666666666666,0,1,0,0,0,0,0,1,0,1,TRAINING,0.0,0.0,1,0,0
79,0.6666666666666666,1.0,0.6666666666666666,0.6,1.0,0,1,0,0,0,0,0,1,0,1,TRAINING,0.0,0.0,0,1,0
79,0.8,0.8571428571428571,0.8888888888888888,1.0,1.0,0,1,0,0,0,0,0,1,0,1,TRAINING,0.0,0.0,0,0,1
80,0.5,0.8333333333333334,0.3333333333333333,0.7142857142857143,0.3333333333333333,0,1,0,0,0,0,0,1,0,1,TESTING,0.0,0.0,1,0,0
80,0.6666666666666666,0.6,0.6666666666666666,0.8,1.0,0,1,0,0,0,0,0,1,0,1,TESTING,0.0,0.0,0,1,0
80,0.8,0.8571428571428571,0.8888888888888888,1.0,1.0,0,1,0,0,0,0,0,1,0,1,TESTING,0.0,0.0,0,0,1
81,0.75,0.8333333333333334,0.6666666666666666,0.5714285714285714,0.6666666666666666,0,1,0,0,0,0,0,1,0,1,TESTING,0.0,0.0,1,0,0
81,0.6666666666666666,0.8,0.6666666666666666,0.8,1.0,0,1,0,0,0,0,0,1,0,1,TESTING,0.0,0.0,0,1,0
81,0.8,0.8571428571428571,0.8888888888888888,1.0,1.0,0,1,0,0,0,0,0,1,0,1,TESTING,0.0,0.0,0,0,1
82,0.8,0.42857142857142855,0.6666666666666666,0.25,0.3333333333333333,0,1,0,1,0,0,0,0,1,0,TESTING,0.0,0.0,0,0,1
82,0.6666666666666666,0.8,0.3333333333333333,0.8,1.0,0,1,0,1,0,0,0,0,1,0,TESTING,0.0,0.0,0,1,0
82,0.5,0.5,0.6666666666666666,0.7142857142857143,0.6666666666666666,0,1,0,1,0,0,0,0,1,0,TESTING,0.0,0.0,1,0,0
83,0.75,0.8333333333333334,0.6666666666666666,0.7142857142857143,0.3333333333333333,0,1,0,0,0,0,0,1,0,1,TESTING,0.0,0.0,1,0,0
83,0.6666666666666666,0.8,0.6666666666666666,0.8,1.0,0,1,0,0,0,0,0,1,0,1,TESTING,0.0,0.0,0,1,0
83,0.8,0.8571428571428571,0.7777777777777778,1.0,1.0,0,1,0,0,0,0,0,1,0,1,TESTING,0.0,0.0,0,0,1
84,0.0,0.5,0.3333333333333333,0.5714285714285714,0.6666666666666666,1,0,0,0,0,1,0,0,1,0,TRAINING,0.0,0.0,1,0,0
84,0.3333333333333333,0.8,0.3333333333333333,0.4,0.25,1,0,0,0,0,1,0,0,1,0,TRAINING,0.0,0.0,0,1,0
84,0.8,0.2857142857142857,0.3333333333333333,0.0,0.0,1,0,0,0,0,1,0,0,1,0,TRAINING,0.0,0.0,0,0,1
85,0.75,0.8333333333333334,0.6666666666666666,0.7142857142857143,0.6666666666666666,0,1,0,0,0,0,0,1,0,1,TRAINING,0.0,0.0,1,0,0
85,0.6666666666666666,1.0,0.3333333333333333,0.8,1.0,0,1,0,0,0,0,0,1,0,1,TRAINING,0.0,0.0,0,1,0
85,0.6,0.7142857142857143,0.6666666666666666,1.0,1.0,0,1,0,0,0,0,0,1,0,1,TRAINING,0.0,0.0,0,0,1
86,0.6,0.42857142857142855,0.2222222222222222,0.0,0.0,0,1,0,1,0,0,0,0,1,0,TRAINING,0.0,0.0,0,0,1
86,0.3333333333333333,0.8,0.3333333333333333,0.6,0.25,0,1,0,1,0,0,0,0,1,0,TRAINING,0.0,0.0,0,1,0
86,0.0,0.3333333333333333,0.3333333333333333,0.7142857142857143,0.3333333333333333,0,1,0,1,0,0,0,0,1,0,TRAINING,0.0,0.0,1,0,0
87,0.25,0.3333333333333333,0.3333333333333333,0.5714285714285714,0.6666666666666666,1,0,0,1,0,0,0,0,1,0,TESTING,0.0,0.0,1,0,0
87,0.6666666666666666,0.8,0.3333333333333333,0.4,0.25,1,0,0,1,0,0,0,0,1,0,TESTING,0.0,0.0,0,1,0
87,0.8,0.2857142857142857,0.3333333333333333,0.0,0.0,1,0,0,1,0,0,0,0,1,0,TESTING,0.0,0.0,0,0,1
88,0.0,0.0,0.0,0.0,0.0,0,1,0,0,0,0,0,1,0,0,TRAINING,0.0,0.0,1,0,0
88,0.0,0.0,0.0,0.0,0.0,0,1,0,0,0,0,0,1,0,0,TRAINING,0.0,0.0,0,1,0
88,0.0,0.0,0.0,0.0,0.0,0,1,0,0,0,0,0,1,0,0,TRAINING,0.0,0.0,0,0,1
89,0.0,0.0,0.0,0.0,0.0,0,1,0,0,0,0,0,1,0,0,TRAINING,0.0,0.0,1,0,0
89,0.0,0.0,0.0,0.0,0.0,0,1,0,0,0,0,0,1,0,0,TRAINING,0.0,0.0,0,1,0
89,0.0,0.0,0.0,0.0,0.0,0,1,0,0,0,0,0,1,0,0,TRAINING,0.0,0.0,0,0,1
90,0.2,0.2857142857142857,0.4444444444444444,0.0,0.0,0,1,0,1,0,0,0,0,1,0,TRAINING,0.0,0.0,0,0,1
90,0.0,0.8,0.3333333333333333,0.4,0.25,0,1,0,1,0,0,0,0,1,0,TRAINING,0.0,0.0,0,1,0
90,0.0,0.16666666666666666,0.3333333333333333,0.5714285714285714,0.6666666666666666,0,1,0,1,0,0,0,0,1,0,TRAINING,0.0,0.0,1,0,0
91,0.0,0.3333333333333333,0.3333333333333333,0.5714285714285714,0.6666666666666666,1,0,0,0,0,0,0,1,1,0,TRAINING,0.0,0.0,1,0,0
91,0.3333333333333333,0.8,0.3333333333333333,0.4,0.25,1,0,0,0,0,0,0,1,1,0,TRAINING,0.0,0.0,0,1,0
91,0.6,0.14285714285714285,0.3333333333333333,0.0,0.0,1,0,0,0,0,0,0,1,1,0,TRAINING,0.0,0.0,0,0,1
92,0.5,0.6666666666666666,0.6666666666666666,0.7142857142857143,0.6666666666666666,0,1,0,0,0,0,0,1,1,0,TESTING,0.0,0.0,1,0,0
92,0.3333333333333333,0.8,0.3333333333333333,0.6,0.5,0,1,0,0,0,0,0,1,1,0,TESTING,0.0,0.0,0,1,0
92,0.8,0.42857142857142855,0.6666666666666666,0.0,0.3333333333333333,0,1,0,0,0,0,0,1,1,0,TESTING,0.0,0.0,0,0,1
93,0.75,0.8333333333333334,0.6666666666666666,0.7142857142857143,0.6666666666666666,0,1,0,0,0,0,0,1,0,1,TRAINING,0.0,0.0,1,0,0
93,0.6666666666666666,1.0,0.6666666666666666,0.8,1.0,0,1,0,0,0,0,0,1,0,1,TRAINING,0.0,0.0,0,1,0
93,0.8,0.8571428571428571,0.8888888888888888,1.0,1.0,0,1,0,0,0,0,0,1,0,1,TRAINING,0.0,0.0,0,0,1
94,0.8,0.7142857142857143,0.7777777777777778,1.0,1.0,0,1,0,0,0,0,0,1,0,1,TESTING,0.0,0.0,0,0,1
94,0.75,0.8333333333333334,0.6666666666666666,0.7142857142857143,0.6666666666666666,0,1,0,0,0,0,0,1,0,1,TESTING,0.0,0.0,1,0,0
94,0.6666666666666666,1.0,0.6666666666666666,0.8,1.0,0,1,0,0,0,0,0,1,0,1,TESTING,0.0,0.0,0,1,0
95,0.75,0.8333333333333334,0.6666666666666666,0.7142857142857143,0.6666666666666666,0,1,0,0,0,0,0,1,0,1,TESTING,0.0,0.0,1,0,0
95,0.6666666666666666,1.0,0.6666666666666666,0.8,1.0,0,1,0,0,0,0,0,1,0,1,TESTING,0.0,0.0,0,1,0
95,0.8,0.7142857142857143,0.8888888888888888,1.0,1.0,0,1,0,0,0,0,0,1,0,1,TESTING,0.0,0.0,0,0,1
96,0.75,0.8333333333333334,0.6666666666666666,0.7142857142857143,0.6666666666666666,1,0,0,0,0,0,0,1,1,0,TRAINING,0.0,0.0,1,0,0
96,0.3333333333333333,0.8,0.3333333333333333,0.6,0.75,1,0,0,0,0,0,0,1,1,0,TRAINING,0.0,0.0,0,1,0
96,0.8,0.2857142857142857,0.4444444444444444,0.0,0.3333333333333333,1,0,0,0,0,0,0,1,1,0,TRAINING,404.0,404.0,0,0,1
97,0.25,0.3333333333333333,0.3333333333333333,0.7142857142857143,0.6666666666666666,0,1,0,0,0,0,0,1,1,0,TESTING,0.0,0.0,1,0,0
97,0.3333333333333333,0.8,0.3333333333333333,0.4,0.25,0,1,0,0,0,0,0,1,1,0,TESTING,0.0,0.0,0,1,0
97,0.6,0.14285714285714285,0.3333333333333333,0.0,0.0,0,1,0,0,0,0,0,1,1,0,TESTING,0.0,0.0,0,0,1
98,0.8,0.8571428571428571,0.8888888888888888,1.0,1.0,1,0,0,0,0,0,0,1,0,1,TRAINING,0.0,0.0,0,0,1
98,0.75,0.8333333333333334,0.6666666666666666,0.7142857142857143,0.6666666666666666,1,0,0,0,0,0,0,1,0,1,TRAINING,0.0,0.0,1,0,0
98,0.6666666666666666,1.0,0.6666666666666666,0.8,0.75,1,0,0,0,0,0,0,1,0,1,TRAINING,0.0,0.0,0,1,0
99,0.75,0.8333333333333334,0.6666666666666666,0.7142857142857143,0.6666666666666666,1,0,0,0,0,0,0,1,0,1,TESTING,0.0,0.0,1,0,0
99,0.6666666666666666,1.0,0.6666666666666666,0.8,1.0,1,0,0,0,0,0,0,1,0,1,TESTING,0.0,0.0,0,1,0
99,0.8,0.8571428571428571,0.8888888888888888,1.0,1.0,1,0,0,0,0,0,0,1,0,1,TESTING,0.0,0.0,0,0,1
100,0.8,0.42857142857142855,0.4444444444444444,0.0,0.0,0,1,0,1,0,0,0,0,1,0,TRAINING,0.0,0.0,0,0,1
100,0.25,0.3333333333333333,0.3333333333333333,0.5714285714285714,0.6666666666666666,0,1,0,1,0,0,0,0,1,0,TRAINING,0.0,0.0,1,0,0
100,0.3333333333333333,0.8,0.3333333333333333,0.4,0.25,0,1,0,1,0,0,0,0,1,0,TRAINING,0.0,0.0,0,1,0
101,0.75,0.8333333333333334,0.6666666666666666,0.7142857142857143,0.6666666666666666,0,1,0,0,0,0,0,1,0,1,TESTING,0.0,0.0,1,0,0
101,0.6666666666666666,1.0,0.6666666666666666,0.8,1.0,0,1,0,0,0,0,0,1,0,1,TESTING,0.0,0.0,0,1,0
101,0.8,0.8571428571428571,0.8888888888888888,1.0,1.0,0,1,0,0,0,0,0,1,0,1,TESTING,0.0,0.0,0,0,1
102,0.8,0.2857142857142857,0.5555555555555556,0.0,0.3333333333333333,0,1,0,0,0,0,0,1,1,0,TESTING,0.0,0.0,0,0,1
102,0.5,0.5,0.3333333333333333,0.7142857142857143,0.6666666666666666,0,1,0,0,0,0,0,1,1,0,TESTING,0.0,0.0,1,0,0
102,0.3333333333333333,0.8,0.3333333333333333,0.6,0.75,0,1,0,0,0,0,0,1,1,0,TESTING,0.0,0.0,0,1,0
103,0.6,0.8571428571428571,0.8888888888888888,1.0,1.0,0,1,0,0,0,0,0,1,0,1,TRAINING,0.0,0.0,0,0,1
103,0.3333333333333333,0.6,0.3333333333333333,0.6,0.75,0,1,0,0,0,0,0,1,0,1,TRAINING,0.0,0.0,0,1,0
103,0.5,0.8333333333333334,0.6666666666666666,0.7142857142857143,0.6666666666666666,0,1,0,0,0,0,0,1,0,1,TRAINING,0.0,0.0,1,0,0
104,0.75,0.8333333333333334,0.6666666666666666,0.7142857142857143,0.6666666666666666,0,1,0,0,0,0,0,1,0,1,TESTING,0.0,0.0,1,0,0
104,0.6666666666666666,0.8,0.6666666666666666,0.8,1.0,0,1,0,0,0,0,0,1,0,1,TESTING,0.0,0.0,0,1,0
104,0.8,0.8571428571428571,0.8888888888888888,1.0,1.0,0,1,0,0,0,0,0,1,0,1,TESTING,0.0,0.0,0,0,1
105,0.25,0.16666666666666666,0.3333333333333333,0.7142857142857143,0.6666666666666666,0,1,0,0,0,0,0,1,1,0,TRAINING,0.0,0.0,1,0,0
105,0.3333333333333333,0.8,0.3333333333333333,0.6,0.25,0,1,0,0,0,0,0,1,1,0,TRAINING,0.0,0.0,0,1,0
105,0.6,0.2857142857142857,0.3333333333333333,0.0,0.0,0,1,0,0,0,0,0,1,1,0,TRAINING,0.0,0.0,0,0,1
106,0.0,0.8571428571428571,0.6666666666666666,0.75,0.6666666666666666,0,1,0,0,0,0,0,1,0,1,TESTING,0.0,0.0,0,0,1
106,0.25,0.5,0.3333333333333333,0.5714285714285714,0.3333333333333333,0,1,0,0,0,0,0,1,0,1,TESTING,0.0,0.0,1,0,0
106,0.3333333333333333,0.2,0.3333333333333333,0.4,0.75,0,1,0,0,0,0,0,1,0,1,TESTING,0.0,0.0,0,1,0
107,0.0,0.0,0.0,0.0,0.0,0,1,0,0,0,0,0,1,0,0,TRAINING,0.0,0.0,1,0,0
107,0.0,0.0,0.0,0.0,0.0,0,1,0,0,0,0,0,1,0,0,TRAINING,0.0,0.0,0,1,0
107,0.0,0.0,0.0,0.0,0.0,0,1,0,0,0,0,0,1,0,0,TRAINING,0.0,0.0,0,0,1
108,0.0,0.0,0.0,0.0,0.0,0,1,0,0,0,0,0,1,0,0,TESTING,0.0,0.0,0,0,1
108,0.0,0.0,0.0,0.0,0.0,0,1,0,0,0,0,0,1,0,0,TESTING,0.0,0.0,1,0,0
108,0.0,0.0,0.0,0.0,0.0,0,1,0,0,0,0,0,1,0,0,TESTING,0.0,0.0,0,1,0
109,0.75,0.8333333333333334,0.6666666666666666,0.7142857142857143,0.3333333333333333,0,1,0,0,0,0,0,1,0,1,TESTING,0.0,0.0,1,0,0
109,0.6666666666666666,0.8,0.6666666666666666,0.8,1.0,0,1,0,0,0,0,0,1,0,1,TESTING,0.0,0.0,0,1,0
109,0.8,0.7142857142857143,0.5555555555555556,0.75,0.6666666666666666,0,1,0,0,0,0,0,1,0,1,TESTING,1000.0,1000.0,0,0,1
110,0.5,0.3333333333333333,0.3333333333333333,0.5714285714285714,1.0,0,1,0,1,0,0,0,0,1,0,TRAINING,0.0,0.0,1,0,0
110,0.3333333333333333,0.8,0.3333333333333333,0.4,0.5,0,1,0,1,0,0,0,0,1,0,TRAINING,0.0,0.0,0,1,0
110,0.6,0.2857142857142857,0.5555555555555556,0.0,0.3333333333333333,0,1,0,1,0,0,0,0,1,0,TRAINING,0.0,0.0,0,0,1
111,0.0,0.3333333333333333,0.0,0.5714285714285714,0.6666666666666666,1,0,0,0,0,0,0,1,1,0,TESTING,0.0,0.0,1,0,0
111,0.3333333333333333,0.8,0.3333333333333333,0.4,0.5,1,0,0,0,0,0,0,1,1,0,TESTING,0.0,0.0,0,1,0
111,0.6,0.2857142857142857,0.3333333333333333,0.0,0.0,1,0,0,0,0,0,0,1,1,0,TESTING,0.0,0.0,0,0,1
112,0.0,0.0,0.0,0.0,0.0,0,1,0,0,0,0,0,1,0,0,TRAINING,0.0,0.0,0,0,1
112,0.0,0.0,0.0,0.0,0.0,0,1,0,0,0,0,0,1,0,0,TRAINING,0.0,0.0,1,0,0
112,0.0,0.0,0.0,0.0,0.0,0,1,0,0,0,0,0,1,0,0,TRAINING,0.0,0.0,0,1,0
113,0.0,0.0,0.0,0.0,0.0,0,1,0,0,0,0,0,1,0,0,TRAINING,0.0,0.0,1,0,0
113,0.0,0.0,0.0,0.0,0.0,0,1,0,0,0,0,0,1,0,0,TRAINING,0.0,0.0,0,1,0
113,0.0,0.0,0.0,0.0,0.0,0,1,0,0,0,0,0,1,0,0,TRAINING,0.0,0.0,0,0,1
114,0.0,0.3333333333333333,0.3333333333333333,0.42857142857142855,0.6666666666666666,0,1,0,0,0,0,0,1,1,0,TESTING,0.0,0.0,1,0,0
114,0.3333333333333333,0.8,0.3333333333333333,0.4,0.25,0,1,0,0,0,0,0,1,1,0,TESTING,0.0,0.0,0,1,0
114,0.8,0.2857142857142857,0.3333333333333333,0.0,0.0,0,1,0,0,0,0,0,1,1,0,TESTING,0.0,0.0,0,0,1
115,0.5,0.5,0.6666666666666666,0.7142857142857143,0.6666666666666666,0,1,0,0,0,0,0,1,1,0,TRAINING,0.0,0.0,1,0,0
115,0.6666666666666666,0.8,0.3333333333333333,0.4,0.25,0,1,0,0,0,0,0,1,1,0,TRAINING,0.0,0.0,0,1,0
115,0.6,0.2857142857142857,0.2222222222222222,0.0,0.0,0,1,0,0,0,0,0,1,1,0,TRAINING,0.0,0.0,0,0,1
116,0.4,0.14285714285714285,0.3333333333333333,0.25,0.3333333333333333,0,1,0,1,0,0,0,0,1,0,TESTING,0.0,0.0,0,0,1
116,0.3333333333333333,0.8,0.3333333333333333,0.4,0.25,0,1,0,1,0,0,0,0,1,0,TESTING,0.0,0.0,0,1,0
116,0.25,0.3333333333333333,0.3333333333333333,0.5714285714285714,0.6666666666666666,0,1,0,1,0,0,0,0,1,0,TESTING,0.0,0.0,1,0,0
117,0.0,0.3333333333333333,0.3333333333333333,0.5714285714285714,0.6666666666666666,0,1,0,1,0,0,0,0,1,0,TESTING,0.0,0.0,1,0,0
117,0.0,0.8,0.3333333333333333,0.4,0.25,0,1,0,1,0,0,0,0,1,0,TESTING,0.0,0.0,0,1,0
117,0.0,0.14285714285714285,0.3333333333333333,0.25,0.3333333333333333,0,1,0,1,0,0,0,0,1,0,TESTING,0.0,0.0,0,0,1
118,0.0,0.5,0.3333333333333333,0.5714285714285714,0.6666666666666666,0,1,0,0,0,0,0,1,1,0,TESTING,0.0,0.0,1,0,0
118,0.3333333333333333,0.8,0.3333333333333333,0.4,0.5,0,1,0,0,0,0,0,1,1,0,TESTING,0.0,0.0,0,1,0
118,0.8,0.2857142857142857,0.4444444444444444,0.0,0.0,0,1,0,0,0,0,0,1,1,0,TESTING,0.0,0.0,0,0,1
119,0.0,0.0,0.0,0.0,0.0,0,1,0,0,0,0,0,1,0,0,TRAINING,0.0,0.0,1,0,0
119,0.0,0.0,0.0,0.0,0.0,0,1,0,0,0,0,0,1,0,0,TRAINING,0.0,0.0,0,1,0
119,0.0,0.0,0.0,0.0,0.0,0,1,0,0,0,0,0,1,0,0,TRAINING,0.0,0.0,0,0,1
120,0.6,0.42857142857142855,0.3333333333333333,0.25,0.0,0,1,0,0,0,0,0,1,1,0,TRAINING,0.0,0.0,0,0,1
120,0.3333333333333333,0.6,0.0,0.2,0.0,0,1,0,0,0,0,0,1,1,0,TRAINING,0.0,0.0,0,1,0
120,0.0,0.3333333333333333,0.3333333333333333,0.5714285714285714,0.6666666666666666,0,1,0,0,0,0,0,1,1,0,TRAINING,0.0,0.0,1,0,0
121,0.0,0.0,0.0,0.0,0.0,1,0,0,0,0,0,0,1,1,0,TRAINING,0.0,0.0,1,0,0
121,0.3333333333333333,0.8,0.3333333333333333,0.4,0.25,1,0,0,0,0,0,0,1,1,0,TRAINING,0.0,0.0,0,1,0
121,0.6,0.2857142857142857,0.4444444444444444,0.0,0.0,1,0,0,0,0,0,0,1,1,0,TRAINING,0.0,0.0,0,0,1
122,0.25,0.5,0.3333333333333333,0.5714285714285714,1.0,0,1,0,0,0,0,0,1,1,0,TESTING,0.0,0.0,1,0,0
122,0.3333333333333333,0.8,0.3333333333333333,0.4,0.25,0,1,0,0,0,0,0,1,1,0,TESTING,0.0,0.0,0,1,0
122,0.8,0.2857142857142857,0.3333333333333333,0.0,0.0,0,1,0,0,0,0,0,1,1,0,TESTING,0.0,0.0,0,0,1
123,0.25,0.5,0.6666666666666666,0.7142857142857143,0.6666666666666666,0,1,0,0,0,0,0,1,1,0,TESTING,0.0,0.0,1,0,0
123,0.3333333333333333,0.8,0.3333333333333333,0.4,0.5,0,1,0,0,0,0,0,1,1,0,TESTING,0.0,0.0,0,1,0
123,0.6,0.2857142857142857,0.4444444444444444,0.0,0.0,0,1,0,0,0,0,0,1,1,0,TESTING,0.0,0.0,0,0,1
124,0.8,0.8571428571428571,0.8888888888888888,1.0,1.0,0,1,0,0,0,0,0,1,0,1,TESTING,0.0,0.0,0,0,1
124,0.6666666666666666,0.6,0.6666666666666666,0.8,1.0,0,1,0,0,0,0,0,1,0,1,TESTING,0.0,0.0,0,1,0
124,0.75,0.8333333333333334,0.6666666666666666,0.7142857142857143,0.6666666666666666,0,1,0,0,0,0,0,1,0,1,TESTING,0.0,0.0,1,0,0
125,0.25,0.5,0.3333333333333333,0.5714285714285714,0.3333333333333333,0,1,0,0,0,0,0,1,0,1,TRAINING,0.0,0.0,1,0,0
125,0.3333333333333333,0.2,0.3333333333333333,0.4,0.5,0,1,0,0,0,0,0,1,0,1,TRAINING,0.0,0.0,0,1,0
125,0.2,0.5714285714285714,0.6666666666666666,0.75,0.6666666666666666,0,1,0,0,0,0,0,1,0,1,TRAINING,0.0,0.0,0,0,1
126,0.0,0.5,0.3333333333333333,0.5714285714285714,0.3333333333333333,0,1,0,0,0,0,0,1,0,1,TESTING,0.0,0.0,1,0,0
126,0.0,0.2,0.3333333333333333,0.4,0.5,0,1,0,0,0,0,0,1,0,1,TESTING,0.0,0.0,0,1,0
126,0.0,0.5714285714285714,0.6666666666666666,0.75,0.6666666666666666,0,1,0,0,0,0,0,1,0,1,TESTING,0.0,0.0,0,0,1
127,0.0,0.0,0.0,0.0,0.0,0,1,0,0,0,0,0,1,0,0,TRAINING,0.0,0.0,1,0,0
127,0.0,0.0,0.0,0.0,0.0,0,1,0,0,0,0,0,1,0,0,TRAINING,0.0,0.0,0,1,0
127,0.0,0.0,0.0,0.0,0.0,0,1,0,0,0,0,0,1,0,0,TRAINING,0.0,0.0,0,0,1
128,0.8,0.7142857142857143,1.0,1.0,1.0,0,1,0,0,0,0,0,1,0,1,TRAINING,0.0,0.0,0,0,1
128,0.75,0.8333333333333334,0.6666666666666666,0.7142857142857143,0.6666666666666666,0,1,0,0,0,0,0,1,0,1,TRAINING,0.0,0.0,1,0,0
128,0.6666666666666666,1.0,0.6666666666666666,0.8,1.0,0,1,0,0,0,0,0,1,0,1,TRAINING,0.0,0.0,0,1,0
129,0.75,0.8333333333333334,0.6666666666666666,0.7142857142857143,0.6666666666666666,0,1,0,0,0,0,0,1,0,1,TESTING,0.0,0.0,1,0,0
129,0.6666666666666666,0.8,0.6666666666666666,0.8,1.0,0,1,0,0,0,0,0,1,0,1,TESTING,0.0,0.0,0,1,0
129,0.8,0.8571428571428571,0.8888888888888888,1.0,1.0,0,1,0,0,0,0,0,1,0,1,TESTING,0.0,0.0,0,0,1
130,0.0,0.3333333333333333,0.3333333333333333,0.7142857142857143,0.6666666666666666,1,0,0,0,0,0,0,1,1,0,TESTING,0.0,0.0,1,0,0
130,0.3333333333333333,0.8,0.3333333333333333,0.4,0.25,1,0,0,0,0,0,0,1,1,0,TESTING,0.0,0.0,0,1,0
130,0.8,0.2857142857142857,0.3333333333333333,0.0,0.0,1,0,0,0,0,0,0,1,1,0,TESTING,0.0,0.0,0,0,1
131,0.5,0.8333333333333334,0.3333333333333333,0.7142857142857143,0.6666666666666666,0,1,0,0,0,0,0,1,1,0,TRAINING,0.0,0.0,1,0,0
131,0.6666666666666666,1.0,0.3333333333333333,0.6,1.0,0,1,0,0,0,0,0,1,1,0,TRAINING,0.0,0.0,0,1,0
131,0.6,0.7142857142857143,0.8888888888888888,0.25,0.6666666666666666,0,1,0,0,0,0,0,1,1,0,TRAINING,0.0,0.0,0,0,1
132,0.6,0.42857142857142855,0.2222222222222222,0.25,0.0,0,1,0,1,0,0,0,0,1,0,TESTING,25.0,25.0,0,0,1
132,0.5,0.3333333333333333,0.3333333333333333,0.5714285714285714,0.6666666666666666,0,1,0,1,0,0,0,0,1,0,TESTING,0.0,0.0,1,0,0
132,0.3333333333333333,0.6,0.0,0.2,0.0,0,1,0,1,0,0,0,0,1,0,TESTING,0.0,0.0,0,1,0
133,0.5,0.8333333333333334,0.6666666666666666,0.7142857142857143,0.6666666666666666,0,1,0,0,0,0,0,1,0,1,TRAINING,0.0,0.0,1,0,0
133,0.6666666666666666,1.0,0.6666666666666666,0.8,1.0,0,1,0,0,0,0,0,1,0,1,TRAINING,0.0,0.0,0,1,0
133,0.6,0.5714285714285714,0.8888888888888888,1.0,1.0,0,1,0,0,0,0,0,1,0,1,TRAINING,0.0,0.0,0,0,1
134,0.0,0.0,0.0,0.0,0.0,0,1,0,0,0,0,0,1,0,0,TESTING,0.0,0.0,0,0,1
134,0.0,0.0,0.0,0.0,0.0,0,1,0,0,0,0,0,1,0,0,TESTING,0.0,0.0,1,0,0
134,0.0,0.0,0.0,0.0,0.0,0,1,0,0,0,0,0,1,0,0,TESTING,0.0,0.0,0,1,0
135,0.75,0.8333333333333334,0.6666666666666666,0.7142857142857143,0.6666666666666666,1,0,0,0,0,0,0,1,0,1,TESTING,0.0,0.0,1,0,0
135,0.6666666666666666,1.0,0.6666666666666666,0.8,1.0,1,0,0,0,0,0,0,1,0,1,TESTING,0.0,0.0,0,1,0
135,0.8,0.8571428571428571,0.8888888888888888,1.0,1.0,1,0,0,0,0,0,0,1,0,1,TESTING,0.0,0.0,0,0,1
136,0.75,0.8333333333333334,0.6666666666666666,0.7142857142857143,0.6666666666666666,0,1,0,0,0,0,0,1,0,1,TESTING,0.0,0.0,1,0,0
136,0.3333333333333333,1.0,1.0,0.8,1.0,0,1,0,0,0,0,0,1,0,1,TESTING,0.0,0.0,0,1,0
136,0.8,0.8571428571428571,0.7777777777777778,1.0,1.0,0,1,0,0,0,0,0,1,0,1,TESTING,0.0,0.0,0,0,1
137,0.6,0.8571428571428571,0.8888888888888888,1.0,1.0,1,0,0,0,0,0,0,1,0,1,TRAINING,0.0,0.0,0,0,1
137,0.5,0.8333333333333334,0.6666666666666666,0.7142857142857143,0.6666666666666666,1,0,0,0,0,0,0,1,0,1,TRAINING,0.0,0.0,1,0,0
137,0.6666666666666666,1.0,0.6666666666666666,0.8,1.0,1,0,0,0,0,0,0,1,0,1,TRAINING,0.0,0.0,0,1,0
138,0.0,0.0,0.0,0.0,0.0,0,1,0,1,0,0,0,0,0,0,TRAINING,0.0,0.0,0,0,1
138,0.0,0.0,0.0,0.0,0.0,0,1,0,1,0,0,0,0,0,0,TRAINING,0.0,0.0,1,0,0
138,0.0,0.0,0.0,0.0,0.0,0,1,0,1,0,0,0,0,0,0,TRAINING,0.0,0.0,0,1,0
139,0.75,0.8333333333333334,0.3333333333333333,0.7142857142857143,1.0,0,1,0,0,0,0,0,1,0,1,TRAINING,0.0,0.0,1,0,0
139,0.6666666666666666,0.8,0.6666666666666666,0.8,1.0,0,1,0,0,0,0,0,1,0,1,TRAINING,0.0,0.0,0,1,0
139,0.6,0.7142857142857143,0.8888888888888888,0.75,1.0,0,1,0,0,0,0,0,1,0,1,TRAINING,0.0,0.0,0,0,1
140,0.0,0.0,0.0,0.0,0.0,0,1,0,0,0,0,0,1,0,0,TRAINING,0.0,0.0,1,0,0
140,0.0,0.0,0.0,0.0,0.0,0,1,0,0,0,0,0,1,0,0,TRAINING,0.0,0.0,0,1,0
140,0.0,0.0,0.0,0.0,0.0,0,1,0,0,0,0,0,1,0,0,TRAINING,0.0,0.0,0,0,1
141,0.6,0.7142857142857143,0.7777777777777778,1.0,1.0,0,1,0,0,0,0,0,1,0,1,TESTING,0.0,0.0,0,0,1
141,0.75,0.8333333333333334,0.6666666666666666,0.7142857142857143,0.6666666666666666,0,1,0,0,0,0,0,1,0,1,TESTING,0.0,0.0,1,0,0
141,0.6666666666666666,0.8,0.3333333333333333,0.6,0.75,0,1,0,0,0,0,0,1,0,1,TESTING,0.0,0.0,0,1,0
142,0.75,0.8333333333333334,0.6666666666666666,0.7142857142857143,0.6666666666666666,0,1,0,0,0,0,0,1,0,1,TESTING,0.0,0.0,1,0,0
142,0.6666666666666666,0.8,0.3333333333333333,0.6,0.75,0,1,0,0,0,0,0,1,0,1,TESTING,0.0,0.0,0,1,0
142,0.8,0.8571428571428571,0.8888888888888888,1.0,1.0,0,1,0,0,0,0,0,1,0,1,TESTING,0.0,0.0,0,0,1
143,0.8,0.8571428571428571,0.8888888888888888,1.0,1.0,0,1,0,0,0,0,0,1,0,1,TRAINING,0.0,0.0,0,0,1
143,0.75,0.6666666666666666,0.6666666666666666,0.7142857142857143,0.6666666666666666,0,1,0,0,0,0,0,1,0,1,TRAINING,0.0,0.0,1,0,0
143,0.6666666666666666,0.6,0.0,0.6,0.75,0,1,0,0,0,0,0,1,0,1,TRAINING,0.0,0.0,0,1,0
144,0.25,0.5,0.3333333333333333,0.5714285714285714,0.6666666666666666,1,0,0,0,0,0,0,1,1,0,TESTING,0.0,0.0,1,0,0
144,0.3333333333333333,0.8,0.3333333333333333,0.4,0.5,1,0,0,0,0,0,0,1,1,0,TESTING,0.0,0.0,0,1,0
144,0.6,0.42857142857142855,0.3333333333333333,0.0,0.0,1,0,0,0,0,0,0,1,1,0,TESTING,0.0,0.0,0,0,1
145,0.5,0.8333333333333334,0.6666666666666666,0.7142857142857143,0.6666666666666666,0,1,0,0,0,0,0,1,0,1,TESTING,0.0,0.0,1,0,0
145,0.6666666666666666,0.6,0.3333333333333333,0.6,0.75,0,1,0,0,0,0,0,1,0,1,TESTING,0.0,0.0,0,1,0
145,0.6,0.8571428571428571,0.8888888888888888,1.0,1.0,0,1,0,0,0,0,0,1,0,1,TESTING,0.0,0.0,0,0,1
146,0.5,0.5,0.6666666666666666,0.7142857142857143,0.6666666666666666,1,0,0,0,0,0,0,1,1,0,TRAINING,1000.0,1000.0,1,0,0
146,0.3333333333333333,0.8,0.3333333333333333,0.4,0.5,1,0,0,0,0,0,0,1,1,0,TRAINING,-1000.0,-1000.0,0,1,0
146,0.8,0.42857142857142855,0.5555555555555556,0.0,0.3333333333333333,1,0,0,0,0,0,0,1,1,0,TRAINING,396.0,396.0,0,0,1
147,0.6,0.2857142857142857,0.4444444444444444,0.0,0.0,0,1,0,0,0,0,0,1,1,0,TRAINING,0.0,0.0,0,0,1
147,0.0,0.0,0.0,0.0,0.0,0,1,0,0,0,0,0,1,1,0,TRAINING,0.0,0.0,1,0,0
147,0.3333333333333333,0.8,0.3333333333333333,0.4,0.75,0,1,0,0,0,0,0,1,1,0,TRAINING,0.0,0.0,0,1,0
148,0.0,0.0,0.0,0.0,0.0,0,1,0,0,0,0,0,1,0,0,TESTING,0.0,0.0,1,0,0
148,0.0,0.0,0.0,0.0,0.0,0,1,0,0,0,0,0,1,0,0,TESTING,0.0,0.0,0,1,0
148,0.0,0.0,0.0,0.0,0.0,0,1,0,0,0,0,0,1,0,0,TESTING,0.0,0.0,0,0,1
149,0.0,0.3333333333333333,0.3333333333333333,0.5714285714285714,0.6666666666666666,0,1,0,0,0,0,0,1,1,0,TRAINING,0.0,0.0,1,0,0
149,0.3333333333333333,0.8,0.3333333333333333,0.4,0.25,0,1,0,0,0,0,0,1,1,0,TRAINING,0.0,0.0,0,1,0
149,0.6,0.2857142857142857,0.3333333333333333,0.0,0.0,0,1,0,0,0,0,0,1,1,0,TRAINING,25.0,25.0,0,0,1
150,0.0,0.5,0.0,0.7142857142857143,0.3333333333333333,0,1,0,0,1,0,0,0,1,0,TRAINING,0.0,0.0,1,0,0
150,0.3333333333333333,0.8,0.6666666666666666,0.6,0.75,0,1,0,0,1,0,0,0,1,0,TRAINING,0.0,0.0,0,1,0
150,0.8,0.2857142857142857,0.3333333333333333,0.0,0.0,0,1,0,0,1,0,0,0,1,0,TRAINING,0.0,0.0,0,0,1
151,0.8,0.2857142857142857,0.3333333333333333,0.0,0.0,0,1,0,0,0,0,0,1,1,0,TESTING,0.0,0.0,0,0,1
151,0.3333333333333333,0.8,0.3333333333333333,0.4,0.25,0,1,0,0,0,0,0,1,1,0,TESTING,0.0,0.0,0,1,0
151,0.25,0.3333333333333333,0.3333333333333333,0.5714285714285714,0.6666666666666666,0,1,0,0,0,0,0,1,1,0,TESTING,0.0,0.0,1,0,0
152,0.0,0.3333333333333333,0.3333333333333333,0.5714285714285714,0.6666666666666666,0,1,0,1,0,0,0,0,1,0,TESTING,0.0,0.0,1,0,0
152,0.3333333333333333,0.6,0.6666666666666666,0.4,0.25,0,1,0,1,0,0,0,0,1,0,TESTING,0.0,0.0,0,1,0
152,0.6,0.42857142857142855,0.3333333333333333,0.0,0.0,0,1,0,1,0,0,0,0,1,0,TESTING,0.0,0.0,0,0,1
153,0.0,0.0,0.0,0.0,0.0,0,1,0,0,1,0,0,0,0,0,TESTING,0.0,0.0,1,0,0
153,0.0,0.0,0.0,0.0,0.0,0,1,0,0,1,0,0,0,0,0,TESTING,0.0,0.0,0,1,0
153,0.0,0.0,0.0,0.0,0.0,0,1,0,0,1,0,0,0,0,0,TESTING,0.0,0.0,0,0,1
154,0.8,0.2857142857142857,1.0,0.75,1.0,0,1,0,0,0,0,0,1,0,1,TRAINING,0.0,0.0,0,0,1
154,0.75,0.8333333333333334,0.6666666666666666,0.7142857142857143,0.6666666666666666,0,1,0,0,0,0,0,1,0,1,TRAINING,0.0,0.0,1,0,0
154,0.6666666666666666,1.0,0.6666666666666666,0.8,1.0,0,1,0,0,0,0,0,1,0,1,TRAINING,0.0,0.0,0,1,0
155,1.0,0.2857142857142857,0.4444444444444444,0.0,0.3333333333333333,0,1,0,1,0,0,0,0,1,0,TESTING,0.0,0.0,0,0,1
155,0.5,0.3333333333333333,0.6666666666666666,0.5714285714285714,0.6666666666666666,0,1,0,1,0,0,0,0,1,0,TESTING,0.0,0.0,1,0,0
155,0.6666666666666666,0.6,0.3333333333333333,0.4,0.5,0,1,0,1,0,0,0,0,1,0,TESTING,0.0,0.0,0,1,0
156,0.8,0.14285714285714285,0.4444444444444444,0.0,0.0,1,0,1,0,0,0,0,0,1,0,TESTING,0.0,0.0,0,0,1
156,0.25,0.3333333333333333,0.3333333333333333,0.5714285714285714,0.6666666666666666,1,0,1,0,0,0,0,0,1,0,TESTING,-500.0,-500.0,1,0,0
156,0.3333333333333333,0.8,0.3333333333333333,0.4,0.25,1,0,1,0,0,0,0,0,1,0,TESTING,0.0,0.0,0,1,0
157,0.0,0.16666666666666666,0.3333333333333333,0.7142857142857143,0.6666666666666666,1,0,0,0,1,0,0,0,1,0,TESTING,0.0,0.0,1,0,0
157,0.3333333333333333,0.8,0.3333333333333333,0.4,0.25,1,0,0,0,1,0,0,0,1,0,TESTING,0.0,0.0,0,1,0
157,0.6,0.2857142857142857,0.3333333333333333,0.0,0.0,1,0,0,0,1,0,0,0,1,0,TESTING,0.0,0.0,0,0,1
158,0.0,0.3333333333333333,0.3333333333333333,0.5714285714285714,0.6666666666666666,0,1,0,1,0,0,0,0,1,0,TESTING,-2000.0,-2000.0,1,0,0
158,0.3333333333333333,0.8,0.3333333333333333,0.4,0.25,0,1,0,1,0,0,0,0,1,0,TESTING,0.0,0.0,0,1,0
158,0.8,0.2857142857142857,0.2222222222222222,0.0,0.0,0,1,0,1,0,0,0,0,1,0,TESTING,0.0,0.0,0,0,1
159,0.0,0.16666666666666666,0.3333333333333333,0.5714285714285714,0.6666666666666666,1,0,0,1,0,0,0,0,1,0,TESTING,0.0,0.0,1,0,0
159,0.3333333333333333,0.8,0.3333333333333333,0.4,0.25,1,0,0,1,0,0,0,0,1,0,TESTING,0.0,0.0,0,1,0
159,0.6,0.2857142857142857,0.2222222222222222,0.0,0.0,1,0,0,1,0,0,0,0,1,0,TESTING,0.0,0.0,0,0,1
160,0.8,0.2857142857142857,0.3333333333333333,0.0,0.0,0,1,0,0,0,0,0,1,1,0,TESTING,-1000.0,-1000.0,0,0,1
160,0.25,0.3333333333333333,0.3333333333333333,0.42857142857142855,0.6666666666666666,0,1,0,0,0,0,0,1,1,0,TESTING,1000.0,1000.0,1,0,0
160,0.3333333333333333,0.8,0.3333333333333333,0.4,0.25,0,1,0,0,0,0,0,1,1,0,TESTING,1000.0,1000.0,0,1,0
161,0.6,0.2857142857142857,0.3333333333333333,0.25,0.3333333333333333,1,0,0,0,0,0,0,1,1,0,TESTING,834.0,834.0,0,0,1
161,0.25,0.5,0.0,0.7142857142857143,0.6666666666666666,1,0,0,0,0,0,0,1,1,0,TESTING,0.0,0.0,1,0,0
161,0.3333333333333333,0.8,0.3333333333333333,0.4,0.25,1,0,0,0,0,0,0,1,1,0,TESTING,500.0,500.0,0,1,0
162,0.0,0.3333333333333333,0.3333333333333333,0.7142857142857143,0.6666666666666666,0,1,0,0,1,0,0,0,1,0,TRAINING,0.0,0.0,1,0,0
162,0.3333333333333333,0.8,0.3333333333333333,0.4,0.25,0,1,0,0,1,0,0,0,1,0,TRAINING,0.0,0.0,0,1,0
162,0.6,0.2857142857142857,0.3333333333333333,0.0,0.0,0,1,0,0,1,0,0,0,1,0,TRAINING,0.0,0.0,0,0,1
163,0.25,0.5,0.3333333333333333,0.7142857142857143,0.6666666666666666,0,1,0,0,0,0,0,1,1,0,TRAINING,0.0,0.0,1,0,0
163,0.3333333333333333,0.8,0.3333333333333333,0.4,0.25,0,1,0,0,0,0,0,1,1,0,TRAINING,0.0,0.0,0,1,0
163,0.4,0.2857142857142857,0.3333333333333333,0.25,0.3333333333333333,0,1,0,0,0,0,0,1,1,0,TRAINING,0.0,0.0,0,0,1
164,0.8,0.2857142857142857,0.3333333333333333,0.0,0.0,1,0,0,0,0,0,0,1,1,0,TRAINING,7300.0,7300.0,0,0,1
164,0.3333333333333333,0.8,0.3333333333333333,0.4,0.25,1,0,0,0,0,0,0,1,1,0,TRAINING,8200.0,8200.0,0,1,0
164,0.5,0.5,0.6666666666666666,0.7142857142857143,0.6666666666666666,1,0,0,0,0,0,0,1,1,0,TRAINING,-2400.0,-2400.0,1,0,0
165,0.6,0.42857142857142855,0.6666666666666666,0.0,0.3333333333333333,0,1,0,0,0,0,0,1,1,0,TRAINING,-5100.0,-5100.0,0,0,1
165,0.75,0.6666666666666666,0.6666666666666666,0.7142857142857143,0.6666666666666666,0,1,0,0,0,0,0,1,1,0,TRAINING,1250.0,1250.0,1,0,0
165,0.3333333333333333,0.8,0.3333333333333333,0.6,0.75,0,1,0,0,0,0,0,1,1,0,TRAINING,19600.0,19600.0,0,1,0
166,0.25,0.3333333333333333,0.3333333333333333,0.5714285714285714,0.6666666666666666,0,1,0,0,0,0,0,1,1,0,TESTING,0.0,0.0,1,0,0
166,0.3333333333333333,0.8,0.3333333333333333,0.4,0.25,0,1,0,0,0,0,0,1,1,0,TESTING,0.0,0.0,0,1,0
166,0.8,0.2857142857142857,0.3333333333333333,0.0,0.0,0,1,0,0,0,0,0,1,1,0,TESTING,50.0,50.0,0,0,1
167,0.75,0.8333333333333334,0.6666666666666666,0.7142857142857143,0.6666666666666666,0,1,0,0,0,0,0,1,0,1,TRAINING,0.0,0.0,1,0,0
167,0.6666666666666666,1.0,0.6666666666666666,0.8,1.0,0,1,0,0,0,0,0,1,0,1,TRAINING,0.0,0.0,0,1,0
167,0.6,0.8571428571428571,0.8888888888888888,1.0,1.0,0,1,0,0,0,0,0,1,0,1,TRAINING,0.0,0.0,0,0,1
168,0.25,0.5,0.3333333333333333,0.7142857142857143,0.3333333333333333,0,1,0,0,0,0,0,1,1,0,TRAINING,0.0,0.0,1,0,0
168,0.3333333333333333,0.8,0.3333333333333333,0.4,0.25,0,1,0,0,0,0,0,1,1,0,TRAINING,0.0,0.0,0,1,0
168,0.8,0.14285714285714285,0.4444444444444444,0.0,0.0,0,1,0,0,0,0,0,1,1,0,TRAINING,0.0,0.0,0,0,1
169,0.8,0.8571428571428571,0.8888888888888888,1.0,1.0,0,1,0,0,0,0,0,1,0,1,TRAINING,0.0,0.0,0,0,1
169,0.6666666666666666,1.0,0.6666666666666666,0.8,1.0,0,1,0,0,0,0,0,1,0,1,TRAINING,0.0,0.0,0,1,0
169,0.75,0.8333333333333334,0.6666666666666666,0.7142857142857143,0.6666666666666666,0,1,0,0,0,0,0,1,0,1,TRAINING,0.0,0.0,1,0,0
170,0.0,0.8333333333333334,0.6666666666666666,0.7142857142857143,0.6666666666666666,0,1,0,0,0,0,0,1,0,1,TRAINING,0.0,0.0,1,0,0
170,0.0,1.0,0.6666666666666666,0.8,1.0,0,1,0,0,0,0,0,1,0,1,TRAINING,0.0,0.0,0,1,0
170,0.0,0.8571428571428571,0.8888888888888888,1.0,1.0,0,1,0,0,0,0,0,1,0,1,TRAINING,0.0,0.0,0,0,1
171,0.0,0.0,0.0,0.0,0.0,0,1,0,1,0,0,0,0,0,0,TRAINING,0.0,0.0,1,0,0
171,0.0,0.0,0.0,0.0,0.0,0,1,0,1,0,0,0,0,0,0,TRAINING,0.0,0.0,0,1,0
171,0.0,0.0,0.0,0.0,0.0,0,1,0,1,0,0,0,0,0,0,TRAINING,0.0,0.0,0,0,1
172,0.25,0.5,0.3333333333333333,0.42857142857142855,0.3333333333333333,0,1,0,0,0,0,0,1,0,1,TESTING,0.0,0.0,1,0,0
172,0.3333333333333333,0.2,0.0,0.0,0.5,0,1,0,0,0,0,0,1,0,1,TESTING,0.0,0.0,0,1,0
172,0.6,0.2857142857142857,0.0,0.0,0.0,0,1,0,0,0,0,0,1,0,1,TESTING,0.0,0.0,0,0,1
173,0.8,0.2857142857142857,0.3333333333333333,0.0,0.0,0,1,0,0,0,0,0,1,1,0,TRAINING,0.0,0.0,0,0,1
173,0.3333333333333333,0.8,0.3333333333333333,0.4,0.25,0,1,0,0,0,0,0,1,1,0,TRAINING,0.0,0.0,0,1,0
173,0.5,0.3333333333333333,0.6666666666666666,0.5714285714285714,0.6666666666666666,0,1,0,0,0,0,0,1,1,0,TRAINING,0.0,0.0,1,0,0
174,0.75,0.8333333333333334,0.6666666666666666,0.7142857142857143,0.6666666666666666,1,0,0,0,0,0,0,1,0,1,TRAINING,0.0,0.0,1,0,0
174,0.6666666666666666,0.6,0.6666666666666666,0.8,1.0,1,0,0,0,0,0,0,1,0,1,TRAINING,0.0,0.0,0,1,0
174,0.6,0.7142857142857143,0.8888888888888888,1.0,1.0,1,0,0,0,0,0,0,1,0,1,TRAINING,0.0,0.0,0,0,1
175,0.75,0.8333333333333334,0.6666666666666666,0.7142857142857143,0.6666666666666666,0,1,0,0,0,0,0,1,0,1,TESTING,0.0,0.0,1,0,0
175,0.6666666666666666,0.4,0.3333333333333333,0.6,0.5,0,1,0,0,0,0,0,1,0,1,TESTING,0.0,0.0,0,1,0
175,0.8,0.7142857142857143,0.8888888888888888,1.0,1.0,0,1,0,0,0,0,0,1,0,1,TESTING,0.0,0.0,0,0,1
176,0.75,0.8333333333333334,0.6666666666666666,0.7142857142857143,0.6666666666666666,0,1,0,0,0,0,0,1,0,1,TESTING,0.0,0.0,1,0,0
176,0.6666666666666666,0.8,0.6666666666666666,0.8,1.0,0,1,0,0,0,0,0,1,0,1,TESTING,0.0,0.0,0,1,0
176,0.8,0.8571428571428571,0.8888888888888888,1.0,1.0,0,1,0,0,0,0,0,1,0,1,TESTING,0.0,0.0,0,0,1
177,0.2,0.8571428571428571,0.8888888888888888,1.0,1.0,0,1,0,0,0,0,0,1,0,1,TRAINING,0.0,0.0,0,0,1
177,0.5,0.8333333333333334,0.3333333333333333,0.7142857142857143,1.0,0,1,0,0,0,0,0,1,0,1,TRAINING,0.0,0.0,1,0,0
177,0.6666666666666666,0.6,0.3333333333333333,0.6,0.75,0,1,0,0,0,0,0,1,0,1,TRAINING,0.0,0.0,0,1,0
178,0.0,0.8333333333333334,0.3333333333333333,0.7142857142857143,1.0,0,1,0,0,0,0,0,1,0,1,TRAINING,0.0,0.0,1,0,0
178,0.0,0.6,0.3333333333333333,0.6,0.75,0,1,0,0,0,0,0,1,0,1,TRAINING,0.0,0.0,0,1,0
178,0.0,0.8571428571428571,0.8888888888888888,1.0,1.0,0,1,0,0,0,0,0,1,0,1,TRAINING,0.0,0.0,0,0,1
179,0.8,0.2857142857142857,0.3333333333333333,0.0,0.0,1,0,0,1,0,0,0,0,1,0,TRAINING,0.0,0.0,0,0,1
179,0.0,0.0,0.0,0.0,0.0,1,0,0,1,0,0,0,0,1,0,TRAINING,0.0,0.0,1,0,0
179,0.3333333333333333,0.8,0.3333333333333333,0.4,0.25,1,0,0,1,0,0,0,0,1,0,TRAINING,0.0,0.0,0,1,0
180,0.75,0.8333333333333334,0.6666666666666666,0.7142857142857143,0.6666666666666666,0,1,0,0,0,0,0,1,0,1,TRAINING,0.0,0.0,1,0,0
180,0.6666666666666666,0.4,0.3333333333333333,0.6,0.75,0,1,0,0,0,0,0,1,0,1,TRAINING,0.0,0.0,0,1,0
180,0.0,0.0,0.0,0.0,0.0,0,1,0,0,0,0,0,1,0,1,TRAINING,0.0,0.0,0,0,1
181,0.0,0.8333333333333334,0.6666666666666666,0.7142857142857143,0.6666666666666666,0,1,0,0,0,0,0,1,0,1,TRAINING,0.0,0.0,1,0,0
181,0.0,0.4,0.3333333333333333,0.6,0.75,0,1,0,0,0,0,0,1,0,1,TRAINING,0.0,0.0,0,1,0
181,0.4,0.0,0.0,0.0,0.0,0,1,0,0,0,0,0,1,0,1,TRAINING,0.0,0.0,0,0,1
182,0.0,0.8571428571428571,0.8888888888888888,1.0,1.0,0,1,0,0,0,0,0,1,0,1,TESTING,0.0,0.0,0,0,1
182,0.75,0.0,0.0,0.0,0.0,0,1,0,0,0,0,0,1,0,1,TESTING,0.0,0.0,1,0,0
182,0.6666666666666666,0.0,0.0,0.0,0.0,0,1,0,0,0,0,0,1,0,1,TESTING,0.0,0.0,0,1,0
183,0.0,0.0,0.0,0.0,0.0,0,1,0,0,0,0,0,1,0,1,TESTING,0.0,0.0,1,0,0
183,0.0,0.0,0.0,0.0,0.0,0,1,0,0,0,0,0,1,0,1,TESTING,0.0,0.0,0,1,0
183,0.4,0.8571428571428571,0.8888888888888888,1.0,1.0,0,1,0,0,0,0,0,1,0,1,TESTING,0.0,0.0,0,0,1
184,0.75,0.8333333333333334,0.6666666666666666,0.7142857142857143,0.6666666666666666,0,1,0,0,0,0,0,1,0,1,TESTING,0.0,0.0,1,0,0
184,0.6666666666666666,0.8,0.6666666666666666,0.8,1.0,0,1,0,0,0,0,0,1,0,1,TESTING,0.0,0.0,0,1,0
184,0.6,0.8571428571428571,0.8888888888888888,1.0,1.0,0,1,0,0,0,0,0,1,0,1,TESTING,0.0,0.0,0,0,1
185,0.75,0.8333333333333334,0.6666666666666666,0.7142857142857143,0.6666666666666666,0,1,0,0,0,0,0,1,0,1,TESTING,0.0,0.0,1,0,0
185,0.6666666666666666,0.6,0.6666666666666666,0.8,1.0,0,1,0,0,0,0,0,1,0,1,TESTING,0.0,0.0,0,1,0
185,0.8,0.7142857142857143,0.8888888888888888,1.0,1.0,0,1,0,0,0,0,0,1,0,1,TESTING,0.0,0.0,0,0,1
186,0.8,0.14285714285714285,0.6666666666666666,0.0,0.0,1,0,0,1,0,0,0,0,1,0,TRAINING,0.0,0.0,0,0,1
186,0.3333333333333333,0.8,0.3333333333333333,0.4,0.25,1,0,0,1,0,0,0,0,1,0,TRAINING,0.0,0.0,0,1,0
186,0.25,0.5,0.3333333333333333,0.5714285714285714,0.6666666666666666,1,0,0,1,0,0,0,0,1,0,TRAINING,0.0,0.0,1,0,0
187,0.5,0.8333333333333334,0.3333333333333333,0.7142857142857143,0.6666666666666666,0,1,0,0,0,0,0,1,0,1,TRAINING,0.0,0.0,1,0,0
187,0.6666666666666666,0.4,0.3333333333333333,0.6,0.75,0,1,0,0,0,0,0,1,0,1,TRAINING,0.0,0.0,0,1,0
187,0.4,0.8571428571428571,0.8888888888888888,1.0,1.0,0,1,0,0,0,0,0,1,0,1,TRAINING,0.0,0.0,0,0,1
188,0.0,0.0,0.0,0.0,0.0,0,1,0,0,0,0,0,1,0,0,TRAINING,0.0,0.0,1,0,0
188,0.0,0.0,0.0,0.0,0.0,0,1,0,0,0,0,0,1,0,0,TRAINING,0.0,0.0,0,1,0
188,0.0,0.0,0.0,0.0,0.0,0,1,0,0,0,0,0,1,0,0,TRAINING,0.0,0.0,0,0,1
189,0.75,0.8333333333333334,0.6666666666666666,0.7142857142857143,0.6666666666666666,0,1,0,0,0,0,0,1,0,1,TESTING,0.0,0.0,1,0,0
189,0.6666666666666666,1.0,0.6666666666666666,0.8,1.0,0,1,0,0,0,0,0,1,0,1,TESTING,0.0,0.0,0,1,0
189,0.8,0.8571428571428571,0.8888888888888888,1.0,1.0,0,1,0,0,0,0,0,1,0,1,TESTING,0.0,0.0,0,0,1
190,0.8,0.8571428571428571,0.8888888888888888,1.0,1.0,0,1,0,0,0,0,0,1,0,1,TESTING,0.0,0.0,0,0,1
190,0.75,0.8333333333333334,0.6666666666666666,0.7142857142857143,0.6666666666666666,0,1,0,0,0,0,0,1,0,1,TESTING,0.0,0.0,1,0,0
190,0.6666666666666666,0.8,0.3333333333333333,0.6,0.75,0,1,0,0,0,0,0,1,0,1,TESTING,0.0,0.0,0,1,0
191,0.8,0.14285714285714285,0.3333333333333333,0.0,0.0,1,0,0,0,0,0,0,1,1,0,TESTING,0.0,0.0,0,0,1
191,0.5,0.3333333333333333,0.6666666666666666,0.5714285714285714,0.6666666666666666,1,0,0,0,0,0,0,1,1,0,TESTING,0.0,0.0,1,0,0
191,0.3333333333333333,0.8,0.3333333333333333,0.4,0.25,1,0,0,0,0,0,0,1,1,0,TESTING,0.0,0.0,0,1,0
192,0.0,0.0,0.0,0.0,0.0,0,1,0,0,0,0,0,1,0,0,TRAINING,0.0,0.0,1,0,0
192,0.0,0.0,0.0,0.0,0.0,0,1,0,0,0,0,0,1,0,0,TRAINING,0.0,0.0,0,1,0
192,0.0,0.0,0.0,0.0,0.0,0,1,0,0,0,0,0,1,0,0,TRAINING,0.0,0.0,0,0,1
193,0.25,0.3333333333333333,0.3333333333333333,0.5714285714285714,0.6666666666666666,1,0,0,1,0,0,0,0,1,0,TRAINING,0.0,0.0,1,0,0
193,0.3333333333333333,0.8,0.3333333333333333,0.4,0.25,1,0,0,1,0,0,0,0,1,0,TRAINING,0.0,0.0,0,1,0
193,0.8,0.2857142857142857,0.4444444444444444,0.0,0.3333333333333333,1,0,0,1,0,0,0,0,1,0,TRAINING,0.0,0.0,0,0,1
194,0.5,0.16666666666666666,0.3333333333333333,0.5714285714285714,0.6666666666666666,0,1,0,0,0,0,0,1,1,0,TRAINING,0.0,0.0,1,0,0
194,0.3333333333333333,0.8,0.3333333333333333,0.4,0.5,0,1,0,0,0,0,0,1,1,0,TRAINING,0.0,0.0,0,1,0
194,0.8,0.2857142857142857,0.3333333333333333,0.0,0.0,0,1,0,0,0,0,0,1,1,0,TRAINING,0.0,0.0,0,0,1
195,0.8,0.7142857142857143,0.8888888888888888,1.0,1.0,0,1,0,0,0,0,0,1,0,1,TRAINING,0.0,0.0,0,0,1
195,0.6666666666666666,1.0,0.6666666666666666,0.8,1.0,0,1,0,0,0,0,0,1,0,1,TRAINING,0.0,0.0,0,1,0
195,0.75,0.8333333333333334,0.6666666666666666,0.7142857142857143,0.6666666666666666,0,1,0,0,0,0,0,1,0,1,TRAINING,0.0,0.0,1,0,0
196,0.75,0.8333333333333334,0.6666666666666666,0.7142857142857143,0.6666666666666666,0,1,0,0,0,0,0,1,0,1,TESTING,0.0,0.0,1,0,0
196,0.6666666666666666,1.0,0.6666666666666666,0.8,1.0,0,1,0,0,0,0,0,1,0,1,TESTING,0.0,0.0,0,1,0
196,0.8,0.7142857142857143,0.7777777777777778,1.0,0.6666666666666666,0,1,0,0,0,0,0,1,0,1,TESTING,0.0,0.0,0,0,1
197,0.75,0.8333333333333334,0.6666666666666666,0.8571428571428571,0.6666666666666666,0,1,0,0,0,0,1,0,0,1,TRAINING,0.0,0.0,1,0,0
197,0.6666666666666666,1.0,0.6666666666666666,0.8,1.0,0,1,0,0,0,0,1,0,0,1,TRAINING,0.0,0.0,0,1,0
197,0.6,0.7142857142857143,0.8888888888888888,1.0,1.0,0,1,0,0,0,0,1,0,0,1,TRAINING,0.0,0.0,0,0,1
198,0.75,0.8333333333333334,0.6666666666666666,0.7142857142857143,0.6666666666666666,0,1,0,0,0,0,0,1,0,1,TRAINING,0.0,0.0,1,0,0
198,0.6666666666666666,1.0,0.6666666666666666,0.8,1.0,0,1,0,0,0,0,0,1,0,1,TRAINING,0.0,0.0,0,1,0
198,0.8,0.7142857142857143,0.8888888888888888,1.0,1.0,0,1,0,0,0,0,0,1,0,1,TRAINING,0.0,0.0,0,0,1
199,0.8,0.8571428571428571,0.7777777777777778,1.0,1.0,0,1,0,0,0,0,1,0,0,1,TESTING,0.0,0.0,0,0,1
199,0.6666666666666666,1.0,0.6666666666666666,0.8,1.0,0,1,0,0,0,0,1,0,0,1,TESTING,0.0,0.0,0,1,0
199,0.75,0.8333333333333334,0.6666666666666666,0.7142857142857143,0.6666666666666666,0,1,0,0,0,0,1,0,0,1,TESTING,0.0,0.0,1,0,0
200,0.0,0.3333333333333333,0.3333333333333333,0.5714285714285714,0.6666666666666666,1,0,0,0,0,0,0,1,1,0,TRAINING,0.0,0.0,1,0,0
200,0.3333333333333333,0.8,0.3333333333333333,0.4,0.25,1,0,0,0,0,0,0,1,1,0,TRAINING,0.0,0.0,0,1,0
200,0.8,0.14285714285714285,0.3333333333333333,0.0,0.0,1,0,0,0,0,0,0,1,1,0,TRAINING,0.0,0.0,0,0,1
201,0.75,0.8333333333333334,0.6666666666666666,0.7142857142857143,0.6666666666666666,0,1,0,0,0,0,0,1,0,1,TESTING,0.0,0.0,1,0,0
201,0.6666666666666666,1.0,0.6666666666666666,0.8,1.0,0,1,0,0,0,0,0,1,0,1,TESTING,0.0,0.0,0,1,0
201,0.8,0.7142857142857143,1.0,1.0,1.0,0,1,0,0,0,0,0,1,0,1,TESTING,0.0,0.0,0,0,1
202,0.0,0.3333333333333333,0.3333333333333333,0.5714285714285714,0.6666666666666666,0,1,0,0,0,0,0,1,1,0,TRAINING,0.0,0.0,1,0,0
202,0.3333333333333333,0.8,0.3333333333333333,0.4,0.5,0,1,0,0,0,0,0,1,1,0,TRAINING,0.0,0.0,0,1,0
202,0.4,0.42857142857142855,0.2222222222222222,0.0,0.0,0,1,0,0,0,0,0,1,1,0,TRAINING,0.0,0.0,0,0,1
203,0.8,0.2857142857142857,0.4444444444444444,0.25,0.3333333333333333,0,1,0,0,0,0,0,1,1,0,TESTING,0.0,0.0,0,0,1
203,0.3333333333333333,0.8,0.3333333333333333,0.4,0.75,0,1,0,0,0,0,0,1,1,0,TESTING,0.0,0.0,0,1,0
203,0.0,0.3333333333333333,0.3333333333333333,0.5714285714285714,0.6666666666666666,0,1,0,0,0,0,0,1,1,0,TESTING,0.0,0.0,1,0,0
204,0.5,0.5,0.3333333333333333,0.7142857142857143,0.6666666666666666,0,1,0,0,0,0,0,1,1,0,TRAINING,0.0,0.0,1,0,0
204,0.3333333333333333,0.6,0.0,0.6,0.5,0,1,0,0,0,0,0,1,1,0,TRAINING,0.0,0.0,0,1,0
204,0.8,0.42857142857142855,0.6666666666666666,0.0,0.3333333333333333,0,1,0,0,0,0,0,1,1,0,TRAINING,0.0,0.0,0,0,1
205,0.75,0.8333333333333334,0.6666666666666666,0.7142857142857143,0.6666666666666666,0,1,0,0,0,0,0,1,0,1,TESTING,0.0,0.0,1,0,0
205,0.6666666666666666,0.8,0.3333333333333333,0.6,0.75,0,1,0,0,0,0,0,1,0,1,TESTING,0.0,0.0,0,1,0
205,0.6,0.8571428571428571,0.8888888888888888,1.0,1.0,0,1,0,0,0,0,0,1,0,1,TESTING,0.0,0.0,0,0,1
206,0.0,0.8333333333333334,0.6666666666666666,0.7142857142857143,0.6666666666666666,0,1,0,0,0,0,0,1,0,1,TESTING,0.0,0.0,1,0,0
206,0.0,0.8,0.3333333333333333,0.6,0.75,0,1,0,0,0,0,0,1,0,1,TESTING,0.0,0.0,0,1,0
206,0.0,0.8571428571428571,0.8888888888888888,1.0,1.0,0,1,0,0,0,0,0,1,0,1,TESTING,0.0,0.0,0,0,1
207,0.6666666666666666,0.0,0.0,0.0,0.0,0,1,0,0,0,0,0,1,0,1,TESTING,0.0,0.0,0,1,0
207,0.6,0.0,0.8888888888888888,0.0,0.0,0,1,0,0,0,0,0,1,0,1,TESTING,0.0,0.0,0,0,1
207,0.75,0.0,0.0,0.0,0.0,0,1,0,0,0,0,0,1,0,1,TESTING,0.0,0.0,1,0,0
208,0.0,0.0,0.8888888888888888,0.0,0.0,0,1,0,0,0,0,0,1,0,1,TRAINING,0.0,0.0,0,0,1
208,0.0,0.0,0.0,0.0,0.0,0,1,0,0,0,0,0,1,0,1,TRAINING,0.0,0.0,1,0,0
208,0.0,0.0,0.0,0.0,0.0,0,1,0,0,0,0,0,1,0,1,TRAINING,0.0,0.0,0,1,0
209,0.5,0.8333333333333334,0.3333333333333333,0.7142857142857143,0.3333333333333333,0,1,0,0,0,0,0,1,0,1,TRAINING,0.0,0.0,1,0,0
209,0.6666666666666666,0.6,0.3333333333333333,0.6,0.75,0,1,0,0,0,0,0,1,0,1,TRAINING,0.0,0.0,0,1,0
209,0.4,0.8571428571428571,0.8888888888888888,1.0,1.0,0,1,0,0,0,0,0,1,0,1,TRAINING,0.0,0.0,0,0,1
210,0.0,0.8333333333333334,0.3333333333333333,0.7142857142857143,0.3333333333333333,0,1,0,0,0,0,0,1,0,1,TESTING,0.0,0.0,1,0,0
210,0.0,0.6,0.3333333333333333,0.6,0.75,0,1,0,0,0,0,0,1,0,1,TESTING,0.0,0.0,0,1,0
210,0.0,0.8571428571428571,0.8888888888888888,1.0,1.0,0,1,0,0,0,0,0,1,0,1,TESTING,0.0,0.0,0,0,1
211,0.5,0.0,0.0,0.0,0.0,0,1,0,0,0,0,0,1,0,1,TRAINING,0.0,0.0,1,0,0
211,0.6666666666666666,0.0,0.0,0.0,0.0,0,1,0,0,0,0,0,1,0,1,TRAINING,0.0,0.0,0,1,0
211,0.4,0.0,0.8888888888888888,0.0,0.0,0,1,0,0,0,0,0,1,0,1,TRAINING,0.0,0.0,0,0,1
212,0.0,0.0,0.8888888888888888,0.0,0.0,0,1,0,0,0,0,0,1,0,1,TRAINING,0.0,0.0,0,0,1
212,0.0,0.0,0.0,0.0,0.0,0,1,0,0,0,0,0,1,0,1,TRAINING,0.0,0.0,1,0,0
212,0.0,0.0,0.0,0.0,0.0,0,1,0,0,0,0,0,1,0,1,TRAINING,0.0,0.0,0,1,0
213,0.75,0.8333333333333334,0.6666666666666666,0.7142857142857143,0.6666666666666666,0,1,0,0,0,0,0,1,0,1,TESTING,0.0,0.0,1,0,0
213,0.6666666666666666,1.0,0.6666666666666666,0.8,1.0,0,1,0,0,0,0,0,1,0,1,TESTING,0.0,0.0,0,1,0
213,0.8,0.8571428571428571,0.8888888888888888,1.0,1.0,0,1,0,0,0,0,0,1,0,1,TESTING,0.0,0.0,0,0,1
214,0.0,0.8571428571428571,0.8888888888888888,1.0,1.0,0,1,0,0,0,0,0,1,0,1,TESTING,0.0,0.0,0,0,1
214,0.0,0.8333333333333334,0.6666666666666666,0.7142857142857143,0.6666666666666666,0,1,0,0,0,0,0,1,0,1,TESTING,0.0,0.0,1,0,0
214,0.0,1.0,0.6666666666666666,0.8,1.0,0,1,0,0,0,0,0,1,0,1,TESTING,0.0,0.0,0,1,0
215,0.75,0.0,0.0,0.0,0.0,0,1,0,0,0,0,0,1,0,1,TESTING,0.0,0.0,1,0,0
215,0.6666666666666666,0.0,0.0,0.0,0.0,0,1,0,0,0,0,0,1,0,1,TESTING,0.0,0.0,0,1,0
215,0.8,0.0,0.8888888888888888,0.0,0.0,0,1,0,0,0,0,0,1,0,1,TESTING,0.0,0.0,0,0,1
216,0.0,0.0,0.0,0.0,0.0,0,1,0,0,0,0,0,1,0,1,TRAINING,0.0,0.0,1,0,0
216,0.0,0.0,0.0,0.0,0.0,0,1,0,0,0,0,0,1,0,1,TRAINING,0.0,0.0,0,1,0
216,0.0,0.0,0.8888888888888888,0.0,0.0,0,1,0,0,0,0,0,1,0,1,TRAINING,0.0,0.0,0,0,1
217,0.8,0.8571428571428571,0.7777777777777778,0.75,0.6666666666666666,0,1,0,0,0,0,0,1,0,1,TESTING,0.0,0.0,0,0,1
217,0.75,0.8333333333333334,0.6666666666666666,0.7142857142857143,0.6666666666666666,0,1,0,0,0,0,0,1,0,1,TESTING,0.0,0.0,1,0,0
217,0.6666666666666666,0.8,0.3333333333333333,0.6,0.75,0,1,0,0,0,0,0,1,0,1,TESTING,0.0,0.0,0,1,0
218,0.5,0.5,0.3333333333333333,0.5714285714285714,1.0,0,1,0,0,0,0,0,1,1,0,TRAINING,0.0,0.0,1,0,0
218,0.3333333333333333,0.8,0.3333333333333333,0.4,0.5,0,1,0,0,0,0,0,1,1,0,TRAINING,0.0,0.0,0,1,0
218,0.8,0.2857142857142857,0.3333333333333333,0.0,0.0,0,1,0,0,0,0,0,1,1,0,TRAINING,0.0,0.0,0,0,1
219,0.0,0.5,0.3333333333333333,0.5714285714285714,1.0,0,1,0,0,0,0,0,1,1,0,TRAINING,0.0,0.0,1,0,0
219,0.0,0.8,0.3333333333333333,0.4,0.5,0,1,0,0,0,0,0,1,1,0,TRAINING,0.0,0.0,0,1,0
219,0.0,0.2857142857142857,0.3333333333333333,0.0,0.0,0,1,0,0,0,0,0,1,1,0,TRAINING,0.0,0.0,0,0,1
220,0.5,0.0,0.0,0.0,0.0,0,1,0,0,0,0,0,1,1,0,TRAINING,0.0,0.0,1,0,0
220,0.3333333333333333,0.0,0.0,0.0,0.0,0,1,0,0,0,0,0,1,1,0,TRAINING,0.0,0.0,0,1,0
220,0.8,0.0,0.3333333333333333,0.0,0.0,0,1,0,0,0,0,0,1,1,0,TRAINING,0.0,0.0,0,0,1
221,0.0,0.0,0.3333333333333333,0.0,0.0,0,1,0,0,0,0,0,1,1,0,TESTING,0.0,0.0,0,0,1
221,0.0,0.0,0.0,0.0,0.0,0,1,0,0,0,0,0,1,1,0,TESTING,0.0,0.0,1,0,0
221,0.0,0.0,0.0,0.0,0.0,0,1,0,0,0,0,0,1,1,0,TESTING,0.0,0.0,0,1,0
222,0.0,0.0,0.0,0.0,0.0,0,1,0,0,0,0,0,1,0,0,TRAINING,0.0,0.0,1,0,0
222,0.0,0.0,0.0,0.0,0.0,0,1,0,0,0,0,0,1,0,0,TRAINING,0.0,0.0,0,1,0
222,0.0,0.0,0.0,0.0,0.0,0,1,0,0,0,0,0,1,0,0,TRAINING,0.0,0.0,0,0,1
223,0.8,0.2857142857142857,0.3333333333333333,0.0,0.0,0,1,0,0,0,0,0,1,1,0,TRAINING,0.0,0.0,0,0,1
223,0.0,0.3333333333333333,0.6666666666666666,0.7142857142857143,0.6666666666666666,0,1,0,0,0,0,0,1,1,0,TRAINING,-500.0,-500.0,1,0,0
223,0.3333333333333333,0.8,0.3333333333333333,0.4,0.25,0,1,0,0,0,0,0,1,1,0,TRAINING,0.0,0.0,0,1,0
224,0.25,0.3333333333333333,0.3333333333333333,0.7142857142857143,0.6666666666666666,0,1,0,0,0,0,0,1,1,0,TESTING,0.0,0.0,1,0,0
224,0.3333333333333333,0.8,0.3333333333333333,0.4,0.25,0,1,0,0,0,0,0,1,1,0,TESTING,0.0,0.0,0,1,0
224,0.8,0.2857142857142857,0.3333333333333333,0.0,0.0,0,1,0,0,0,0,0,1,1,0,TESTING,0.0,0.0,0,0,1
225,0.6666666666666666,0.8,0.6666666666666666,0.8,1.0,0,1,0,0,0,0,0,1,0,1,TESTING,0.0,0.0,0,1,0
225,0.8,0.8571428571428571,0.7777777777777778,1.0,1.0,0,1,0,0,0,0,0,1,0,1,TESTING,0.0,0.0,0,0,1
225,0.75,0.8333333333333334,0.6666666666666666,0.7142857142857143,0.6666666666666666,0,1,0,0,0,0,0,1,0,1,TESTING,0.0,0.0,1,0,0
226,0.4,0.8571428571428571,0.8888888888888888,1.0,0.6666666666666666,0,1,0,0,0,0,0,1,0,1,TRAINING,0.0,0.0,0,0,1
226,0.5,0.8333333333333334,0.3333333333333333,0.7142857142857143,0.3333333333333333,0,1,0,0,0,0,0,1,0,1,TRAINING,0.0,0.0,1,0,0
226,0.6666666666666666,0.4,0.0,0.6,0.5,0,1,0,0,0,0,0,1,0,1,TRAINING,0.0,0.0,0,1,0
227,0.5,0.5,0.6666666666666666,0.5714285714285714,0.6666666666666666,0,1,0,1,0,0,0,0,1,0,TRAINING,0.0,0.0,1,0,0
227,0.6666666666666666,0.8,0.3333333333333333,0.4,0.5,0,1,0,1,0,0,0,0,1,0,TRAINING,0.0,0.0,0,1,0
227,0.6,0.2857142857142857,0.4444444444444444,0.25,0.3333333333333333,0,1,0,1,0,0,0,0,1,0,TRAINING,0.0,0.0,0,0,1
228,0.5,0.8333333333333334,0.3333333333333333,0.7142857142857143,0.6666666666666666,0,1,0,0,0,0,0,1,0,1,TRAINING,0.0,0.0,1,0,0
228,0.6666666666666666,1.0,0.6666666666666666,0.8,1.0,0,1,0,0,0,0,0,1,0,1,TRAINING,0.0,0.0,0,1,0
228,0.6,0.8571428571428571,0.8888888888888888,1.0,1.0,0,1,0,0,0,0,0,1,0,1,TRAINING,0.0,0.0,0,0,1
229,0.0,0.0,0.0,0.0,0.0,0,1,0,0,0,0,0,1,0,0,TESTING,0.0,0.0,1,0,0
229,0.0,0.0,0.0,0.0,0.0,0,1,0,0,0,0,0,1,0,0,TESTING,0.0,0.0,0,1,0
229,0.0,0.0,0.0,0.0,0.0,0,1,0,0,0,0,0,1,0,0,TESTING,0.0,0.0,0,0,1
230,0.0,0.0,0.0,0.0,0.0,0,1,0,0,0,0,0,1,0,0,TESTING,0.0,0.0,0,0,1
230,0.0,0.0,0.0,0.0,0.0,0,1,0,0,0,0,0,1,0,0,TESTING,0.0,0.0,1,0,0
230,0.0,0.0,0.0,0.0,0.0,0,1,0,0,0,0,0,1,0,0,TESTING,0.0,0.0,0,1,0
231,0.6,0.8571428571428571,0.8888888888888888,1.0,1.0,0,1,0,0,0,0,0,1,0,1,TESTING,0.0,0.0,0,0,1
231,0.5,0.6666666666666666,0.3333333333333333,0.5714285714285714,1.0,0,1,0,0,0,0,0,1,0,1,TESTING,0.0,0.0,1,0,0
231,0.6666666666666666,0.4,0.3333333333333333,0.6,0.75,0,1,0,0,0,0,0,1,0,1,TESTING,0.0,0.0,0,1,0
232,0.25,0.5,0.6666666666666666,0.7142857142857143,0.6666666666666666,0,1,0,0,0,0,0,1,1,0,TESTING,0.0,0.0,1,0,0
232,1.0,0.8,0.3333333333333333,0.4,1.0,0,1,0,0,0,0,0,1,1,0,TESTING,0.0,0.0,0,1,0
232,0.8,0.42857142857142855,0.5555555555555556,0.0,0.3333333333333333,0,1,0,0,0,0,0,1,1,0,TESTING,0.0,0.0,0,0,1
233,0.25,0.16666666666666666,0.3333333333333333,0.5714285714285714,0.6666666666666666,0,1,0,0,0,0,0,1,1,0,TRAINING,0.0,0.0,1,0,0
233,0.3333333333333333,0.8,0.3333333333333333,0.4,0.25,0,1,0,0,0,0,0,1,1,0,TRAINING,0.0,0.0,0,1,0
233,0.6,0.2857142857142857,0.4444444444444444,0.0,0.0,0,1,0,0,0,0,0,1,1,0,TRAINING,0.0,0.0,0,0,1
234,0.2,0.7142857142857143,0.8888888888888888,1.0,1.0,0,1,0,0,0,0,0,1,0,1,TRAINING,0.0,0.0,0,0,1
234,0.6666666666666666,0.4,0.3333333333333333,0.6,0.75,0,1,0,0,0,0,0,1,0,1,TRAINING,0.0,0.0,0,1,0
234,0.5,0.6666666666666666,0.3333333333333333,0.7142857142857143,0.3333333333333333,0,1,0,0,0,0,0,1,0,1,TRAINING,0.0,0.0,1,0,0
235,0.8,0.8571428571428571,0.8888888888888888,1.0,1.0,0,1,0,0,0,0,0,1,0,1,TESTING,0.0,0.0,0,0,1
235,0.5,0.8333333333333334,0.6666666666666666,0.7142857142857143,0.3333333333333333,0,1,0,0,0,0,0,1,0,1,TESTING,0.0,0.0,1,0,0
235,0.6666666666666666,1.0,0.6666666666666666,0.8,1.0,0,1,0,0,0,0,0,1,0,1,TESTING,0.0,0.0,0,1,0
236,0.0,0.3333333333333333,0.0,0.5714285714285714,0.6666666666666666,0,1,0,1,0,0,0,0,1,0,TESTING,0.0,0.0,1,0,0
236,0.3333333333333333,0.8,0.3333333333333333,0.4,0.5,0,1,0,1,0,0,0,0,1,0,TESTING,0.0,0.0,0,1,0
236,0.8,0.14285714285714285,0.3333333333333333,0.0,0.0,0,1,0,1,0,0,0,0,1,0,TESTING,0.0,0.0,0,0,1
237,0.75,0.8333333333333334,0.6666666666666666,0.7142857142857143,0.6666666666666666,0,1,0,0,0,0,0,1,0,1,TESTING,0.0,0.0,1,0,0
237,0.6666666666666666,0.8,0.6666666666666666,0.8,1.0,0,1,0,0,0,0,0,1,0,1,TESTING,0.0,0.0,0,1,0
237,0.8,0.8571428571428571,0.8888888888888888,1.0,1.0,0,1,0,0,0,0,0,1,0,1,TESTING,0.0,0.0,0,0,1
238,0.0,0.0,0.0,0.0,0.0,0,1,0,0,0,0,0,1,0,0,TRAINING,0.0,0.0,0,0,1
238,0.0,0.0,0.0,0.0,0.0,0,1,0,0,0,0,0,1,0,0,TRAINING,0.0,0.0,0,1,0
238,0.0,0.0,0.0,0.0,0.0,0,1,0,0,0,0,0,1,0,0,TRAINING,0.0,0.0,1,0,0
239,0.75,0.6666666666666666,0.6666666666666666,0.5714285714285714,0.3333333333333333,1,0,0,0,0,0,0,1,0,1,TRAINING,0.0,0.0,1,0,0
239,0.6666666666666666,0.8,0.6666666666666666,1.0,0.75,1,0,0,0,0,0,0,1,0,1,TRAINING,0.0,0.0,0,1,0
239,0.8,0.8571428571428571,0.8888888888888888,1.0,1.0,1,0,0,0,0,0,0,1,0,1,TRAINING,0.0,0.0,0,0,1
240,0.75,0.8333333333333334,0.6666666666666666,0.7142857142857143,0.3333333333333333,0,1,0,0,0,0,0,1,0,1,TRAINING,0.0,0.0,1,0,0
240,0.6666666666666666,1.0,0.6666666666666666,0.8,1.0,0,1,0,0,0,0,0,1,0,1,TRAINING,0.0,0.0,0,1,0
240,0.8,0.8571428571428571,0.8888888888888888,1.0,1.0,0,1,0,0,0,0,0,1,0,1,TRAINING,0.0,0.0,0,0,1
241,0.0,0.0,0.0,0.0,0.0,0,1,0,0,0,0,0,1,0,0,TRAINING,0.0,0.0,0,0,1
241,0.0,0.0,0.0,0.0,0.0,0,1,0,0,0,0,0,1,0,0,TRAINING,0.0,0.0,1,0,0
241,0.0,0.0,0.0,0.0,0.0,0,1,0,0,0,0,0,1,0,0,TRAINING,0.0,0.0,0,1,0
242,0.8,0.8571428571428571,0.8888888888888888,1.0,1.0,0,1,0,0,1,0,0,0,0,1,TESTING,0.0,0.0,0,0,1
242,0.5,0.8333333333333334,0.3333333333333333,0.7142857142857143,0.6666666666666666,0,1,0,0,1,0,0,0,0,1,TESTING,0.0,0.0,1,0,0
242,0.6666666666666666,0.6,0.6666666666666666,0.8,1.0,0,1,0,0,1,0,0,0,0,1,TESTING,0.0,0.0,0,1,0
243,0.0,0.0,0.0,0.0,0.0,1,0,0,1,0,0,0,0,0,0,TESTING,0.0,0.0,0,0,1
243,0.0,0.0,0.0,0.0,0.0,1,0,0,1,0,0,0,0,0,0,TESTING,0.0,0.0,0,1,0
243,0.0,0.0,0.0,0.0,0.0,1,0,0,1,0,0,0,0,0,0,TESTING,0.0,0.0,1,0,0
244,0.0,0.5,0.3333333333333333,0.5714285714285714,0.6666666666666666,0,1,0,0,1,0,0,0,1,0,TRAINING,0.0,0.0,1,0,0
244,0.3333333333333333,0.8,0.3333333333333333,0.6,0.25,0,1,0,0,1,0,0,0,1,0,TRAINING,0.0,0.0,0,1,0
244,0.6,0.2857142857142857,0.3333333333333333,0.0,0.0,0,1,0,0,1,0,0,0,1,0,TRAINING,0.0,0.0,0,0,1
245,0.5,0.8333333333333334,0.3333333333333333,0.7142857142857143,0.6666666666666666,0,1,0,0,0,0,0,1,0,1,TESTING,0.0,0.0,1,0,0
245,0.6666666666666666,0.8,0.6666666666666666,0.8,1.0,0,1,0,0,0,0,0,1,0,1,TESTING,0.0,0.0,0,1,0
245,0.8,0.7142857142857143,0.8888888888888888,1.0,1.0,0,1,0,0,0,0,0,1,0,1,TESTING,0.0,0.0,0,0,1
246,0.8,0.8571428571428571,0.8888888888888888,1.0,1.0,0,1,0,0,0,0,0,1,0,1,TRAINING,0.0,0.0,0,0,1
246,0.5,0.8333333333333334,0.0,0.7142857142857143,0.3333333333333333,0,1,0,0,0,0,0,1,0,1,TRAINING,0.0,0.0,1,0,0
246,0.6666666666666666,0.6,0.3333333333333333,0.8,1.0,0,1,0,0,0,0,0,1,0,1,TRAINING,0.0,0.0,0,1,0
247,0.5,0.8333333333333334,0.3333333333333333,0.8571428571428571,0.6666666666666666,0,1,0,0,0,0,0,1,0,1,TRAINING,0.0,0.0,1,0,0
247,0.6666666666666666,0.4,0.3333333333333333,0.6,0.5,0,1,0,0,0,0,0,1,0,1,TRAINING,0.0,0.0,0,1,0
247,0.6,0.7142857142857143,0.8888888888888888,1.0,1.0,0,1,0,0,0,0,0,1,0,1,TRAINING,0.0,0.0,0,0,1
248,0.8,0.8571428571428571,0.8888888888888888,1.0,1.0,0,1,0,0,0,0,0,1,0,1,TRAINING,0.0,0.0,0,0,1
248,0.5,0.8333333333333334,0.3333333333333333,0.7142857142857143,0.6666666666666666,0,1,0,0,0,0,0,1,0,1,TRAINING,0.0,0.0,1,0,0
248,0.6666666666666666,0.6,0.6666666666666666,0.8,1.0,0,1,0,0,0,0,0,1,0,1,TRAINING,0.0,0.0,0,1,0
249,0.75,0.5,0.6666666666666666,0.7142857142857143,0.6666666666666666,0,1,0,0,1,0,0,0,1,0,TESTING,0.0,0.0,1,0,0
249,0.6666666666666666,0.6,0.3333333333333333,0.6,0.75,0,1,0,0,1,0,0,0,1,0,TESTING,0.0,0.0,0,1,0
249,0.8,0.42857142857142855,0.7777777777777778,0.25,0.3333333333333333,0,1,0,0,1,0,0,0,1,0,TESTING,0.0,0.0,0,0,1
250,0.25,0.3333333333333333,0.3333333333333333,0.42857142857142855,0.6666666666666666,1,0,0,1,0,0,0,0,1,0,TESTING,0.0,0.0,1,0,0
250,0.3333333333333333,0.6,0.0,0.2,0.0,1,0,0,1,0,0,0,0,1,0,TESTING,0.0,0.0,0,1,0
250,0.8,0.2857142857142857,0.3333333333333333,0.0,0.0,1,0,0,1,0,0,0,0,1,0,TESTING,0.0,0.0,0,0,1
251,0.75,0.8333333333333334,0.6666666666666666,0.7142857142857143,0.3333333333333333,0,1,0,0,0,0,0,1,0,1,TESTING,0.0,0.0,1,0,0
251,0.6666666666666666,0.0,0.6666666666666666,0.0,1.0,0,1,0,0,0,0,0,1,0,1,TESTING,0.0,0.0,0,1,0
251,0.8,0.8571428571428571,0.8888888888888888,1.0,1.0,0,1,0,0,0,0,0,1,0,1,TESTING,0.0,0.0,0,0,1
252,0.6,0.42857142857142855,0.6666666666666666,0.0,0.3333333333333333,0,1,0,1,0,0,0,0,1,0,TRAINING,0.0,0.0,0,0,1
252,0.25,0.5,0.3333333333333333,0.7142857142857143,0.6666666666666666,0,1,0,1,0,0,0,0,1,0,TRAINING,0.0,0.0,1,0,0
252,0.3333333333333333,0.8,0.3333333333333333,0.4,0.75,0,1,0,1,0,0,0,0,1,0,TRAINING,0.0,0.0,0,1,0
253,0.25,0.5,0.3333333333333333,0.7142857142857143,0.6666666666666666,0,1,0,0,1,0,0,0,1,0,TESTING,0.0,0.0,1,0,0
253,0.3333333333333333,0.8,0.3333333333333333,0.4,0.5,0,1,0,0,1,0,0,0,1,0,TESTING,0.0,0.0,0,1,0
253,0.6,0.42857142857142855,0.6666666666666666,0.0,0.3333333333333333,0,1,0,0,1,0,0,0,1,0,TESTING,0.0,0.0,0,0,1
254,0.0,0.3333333333333333,0.3333333333333333,0.5714285714285714,0.6666666666666666,0,1,0,0,0,0,0,1,1,0,TESTING,0.0,0.0,1,0,0
254,0.3333333333333333,0.6,0.0,0.2,0.0,0,1,0,0,0,0,0,1,1,0,TESTING,0.0,0.0,0,1,0
254,0.4,0.42857142857142855,0.3333333333333333,0.0,0.0,0,1,0,0,0,0,0,1,1,0,TESTING,0.0,0.0,0,0,1
255,1.0,0.8333333333333334,0.6666666666666666,0.7142857142857143,0.6666666666666666,0,1,0,0,0,0,0,1,0,1,TRAINING,0.0,0.0,1,0,0
255,0.6666666666666666,0.8,0.6666666666666666,0.8,1.0,0,1,0,0,0,0,0,1,0,1,TRAINING,0.0,0.0,0,1,0
255,0.6,0.7142857142857143,0.8888888888888888,1.0,1.0,0,1,0,0,0,0,0,1,0,1,TRAINING,0.0,0.0,0,0,1
256,0.4,0.7142857142857143,0.8888888888888888,1.0,1.0,0,1,0,0,0,0,0,1,0,1,TESTING,0.0,0.0,0,0,1
256,0.75,0.8333333333333334,0.6666666666666666,0.7142857142857143,0.6666666666666666,0,1,0,0,0,0,0,1,0,1,TESTING,0.0,0.0,1,0,0
256,0.6666666666666666,0.6,0.6666666666666666,0.8,1.0,0,1,0,0,0,0,0,1,0,1,TESTING,0.0,0.0,0,1,0
257,0.25,0.16666666666666666,0.3333333333333333,0.5714285714285714,0.6666666666666666,0,1,0,0,0,0,0,1,1,0,TRAINING,0.0,0.0,1,0,0
257,0.3333333333333333,0.6,0.0,0.2,0.0,0,1,0,0,0,0,0,1,1,0,TRAINING,0.0,0.0,0,1,0
257,0.8,0.2857142857142857,0.3333333333333333,0.0,0.0,0,1,0,0,0,0,0,1,1,0,TRAINING,0.0,0.0,0,0,1
258,0.0,0.0,0.0,0.0,0.0,0,1,0,0,0,0,0,1,0,0,TESTING,0.0,0.0,1,0,0
258,0.0,0.0,0.0,0.0,0.0,0,1,0,0,0,0,0,1,0,0,TESTING,0.0,0.0,0,1,0
258,0.0,0.0,0.0,0.0,0.0,0,1,0,0,0,0,0,1,0,0,TESTING,0.0,0.0,0,0,1
259,0.8,0.2857142857142857,0.3333333333333333,0.0,0.0,0,1,1,0,0,0,0,0,1,0,TRAINING,0.0,0.0,0,0,1
259,0.25,0.3333333333333333,0.3333333333333333,0.5714285714285714,0.6666666666666666,0,1,1,0,0,0,0,0,1,0,TRAINING,0.0,0.0,1,0,0
259,0.3333333333333333,0.8,0.3333333333333333,0.4,0.25,0,1,1,0,0,0,0,0,1,0,TRAINING,0.0,0.0,0,1,0
260,0.6,0.8571428571428571,0.8888888888888888,1.0,1.0,0,1,0,0,0,0,0,1,0,1,TRAINING,0.0,0.0,0,0,1
260,0.6666666666666666,0.8,0.3333333333333333,0.6,0.75,0,1,0,0,0,0,0,1,0,1,TRAINING,0.0,0.0,0,1,0
260,0.5,0.3333333333333333,0.3333333333333333,0.7142857142857143,0.3333333333333333,0,1,0,0,0,0,0,1,0,1,TRAINING,0.0,0.0,1,0,0
261,0.0,0.0,0.0,0.0,0.0,0,1,0,0,0,0,0,1,0,0,TRAINING,0.0,0.0,1,0,0
261,0.0,0.0,0.0,0.0,0.0,0,1,0,0,0,0,0,1,0,0,TRAINING,751.0,751.0,0,1,0
261,0.0,0.0,0.0,0.0,0.0,0,1,0,0,0,0,0,1,0,0,TRAINING,-745.0,-745.0,0,0,1
262,0.25,0.6666666666666666,0.3333333333333333,0.7142857142857143,0.6666666666666666,1,0,0,0,0,0,0,1,1,0,TRAINING,0.0,0.0,1,0,0
262,0.3333333333333333,0.8,0.3333333333333333,0.6,0.5,1,0,0,0,0,0,0,1,1,0,TRAINING,0.0,0.0,0,1,0
262,0.8,0.2857142857142857,0.4444444444444444,0.0,0.3333333333333333,1,0,0,0,0,0,0,1,1,0,TRAINING,0.0,0.0,0,0,1
263,0.25,0.5,0.3333333333333333,0.7142857142857143,0.6666666666666666,0,1,0,0,0,0,0,1,1,0,TRAINING,0.0,0.0,1,0,0
263,0.3333333333333333,0.8,0.3333333333333333,0.6,0.5,0,1,0,0,0,0,0,1,1,0,TRAINING,0.0,0.0,0,1,0
263,0.8,0.42857142857142855,0.6666666666666666,0.0,0.3333333333333333,0,1,0,0,0,0,0,1,1,0,TRAINING,0.0,0.0,0,0,1
264,0.8,0.7142857142857143,0.8888888888888888,1.0,1.0,1,0,0,0,1,0,0,0,0,1,TRAINING,0.0,0.0,0,0,1
264,0.75,0.3333333333333333,1.0,0.7142857142857143,0.3333333333333333,1,0,0,0,1,0,0,0,0,1,TRAINING,0.0,0.0,1,0,0
264,0.6666666666666666,1.0,1.0,1.0,1.0,1,0,0,0,1,0,0,0,0,1,TRAINING,0.0,0.0,0,1,0
265,0.0,0.0,0.0,0.0,0.0,1,0,0,0,0,0,0,1,0,0,TRAINING,0.0,0.0,1,0,0
265,0.0,0.0,0.0,0.0,0.0,1,0,0,0,0,0,0,1,0,0,TRAINING,0.0,0.0,0,1,0
265,0.0,0.0,0.0,0.0,0.0,1,0,0,0,0,0,0,1,0,0,TRAINING,0.0,0.0,0,0,1
266,0.5,0.6666666666666666,0.3333333333333333,0.7142857142857143,0.6666666666666666,0,1,0,0,0,0,0,1,1,0,TESTING,0.0,0.0,1,0,0
266,0.3333333333333333,0.8,0.3333333333333333,0.6,0.5,0,1,0,0,0,0,0,1,1,0,TESTING,0.0,0.0,0,1,0
266,0.8,0.2857142857142857,0.5555555555555556,0.0,0.3333333333333333,0,1,0,0,0,0,0,1,1,0,TESTING,0.0,0.0,0,0,1
267,0.0,0.16666666666666666,0.0,0.5714285714285714,0.6666666666666666,0,1,0,0,0,0,0,1,1,0,TESTING,0.0,0.0,1,0,0
267,0.6666666666666666,0.8,0.3333333333333333,0.4,0.25,0,1,0,0,0,0,0,1,1,0,TESTING,0.0,0.0,0,1,0
267,0.6,0.2857142857142857,0.3333333333333333,0.0,0.0,0,1,0,0,0,0,0,1,1,0,TESTING,0.0,0.0,0,0,1
268,0.0,0.0,0.0,0.0,0.0,0,1,0,0,0,0,0,1,0,0,TESTING,0.0,0.0,0,0,1
268,0.0,0.0,0.0,0.0,0.0,0,1,0,0,0,0,0,1,0,0,TESTING,0.0,0.0,0,1,0
268,0.0,0.0,0.0,0.0,0.0,0,1,0,0,0,0,0,1,0,0,TESTING,0.0,0.0,1,0,0
269,0.5,0.8333333333333334,0.3333333333333333,0.7142857142857143,0.6666666666666666,0,1,0,0,0,0,0,1,0,1,TRAINING,0.0,0.0,1,0,0
269,0.6666666666666666,0.6,0.3333333333333333,0.6,0.75,0,1,0,0,0,0,0,1,0,1,TRAINING,0.0,0.0,0,1,0
269,0.8,0.8571428571428571,0.8888888888888888,1.0,1.0,0,1,0,0,0,0,0,1,0,1,TRAINING,0.0,0.0,0,0,1
270,0.0,0.3333333333333333,0.3333333333333333,0.5714285714285714,0.6666666666666666,0,1,0,0,0,0,0,1,1,0,TESTING,0.0,0.0,1,0,0
270,0.3333333333333333,0.6,0.0,0.2,0.0,0,1,0,0,0,0,0,1,1,0,TESTING,0.0,0.0,0,1,0
270,0.6,0.42857142857142855,0.3333333333333333,0.25,0.0,0,1,0,0,0,0,0,1,1,0,TESTING,0.0,0.0,0,0,1
271,0.2,0.42857142857142855,0.6666666666666666,0.0,0.3333333333333333,0,1,0,0,0,0,0,1,1,0,TRAINING,0.0,0.0,0,0,1
271,0.3333333333333333,1.0,0.3333333333333333,0.6,0.75,0,1,0,0,0,0,0,1,1,0,TRAINING,0.0,0.0,0,1,0
271,0.5,0.5,0.3333333333333333,0.7142857142857143,0.3333333333333333,0,1,0,0,0,0,0,1,1,0,TRAINING,0.0,0.0,1,0,0
272,0.0,0.3333333333333333,0.3333333333333333,0.5714285714285714,0.6666666666666666,1,0,0,1,0,0,0,0,1,0,TRAINING,0.0,0.0,1,0,0
272,0.3333333333333333,0.8,0.3333333333333333,0.4,0.25,1,0,0,1,0,0,0,0,1,0,TRAINING,0.0,0.0,0,1,0
272,0.4,0.2857142857142857,0.3333333333333333,0.0,0.0,1,0,0,1,0,0,0,0,1,0,TRAINING,0.0,0.0,0,0,1
273,0.25,0.6666666666666666,0.3333333333333333,0.5714285714285714,0.6666666666666666,0,1,0,0,0,0,0,1,0,1,TESTING,0.0,0.0,1,0,0
273,0.6666666666666666,0.6,0.6666666666666666,0.6,1.0,0,1,0,0,0,0,0,1,0,1,TESTING,0.0,0.0,0,1,0
273,0.4,0.7142857142857143,0.7777777777777778,0.75,0.6666666666666666,0,1,0,0,0,0,0,1,0,1,TESTING,0.0,0.0,0,0,1
274,0.6,0.8571428571428571,0.8888888888888888,1.0,1.0,0,1,0,0,0,0,0,1,0,1,TESTING,0.0,0.0,0,0,1
274,0.75,0.8333333333333334,0.6666666666666666,0.7142857142857143,0.3333333333333333,0,1,0,0,0,0,0,1,0,1,TESTING,0.0,0.0,1,0,0
274,0.3333333333333333,0.6,0.6666666666666666,0.8,1.0,0,1,0,0,0,0,0,1,0,1,TESTING,0.0,0.0,0,1,0
275,0.0,0.8571428571428571,0.8888888888888888,1.0,1.0,0,1,0,0,0,0,0,1,0,1,TRAINING,0.0,0.0,0,0,1
275,0.0,0.8333333333333334,0.6666666666666666,0.7142857142857143,0.3333333333333333,0,1,0,0,0,0,0,1,0,1,TRAINING,0.0,0.0,1,0,0
275,0.0,0.6,0.6666666666666666,0.8,1.0,0,1,0,0,0,0,0,1,0,1,TRAINING,0.0,0.0,0,1,0
276,0.0,0.0,0.0,0.0,0.0,1,0,0,1,0,0,0,0,0,0,TRAINING,0.0,0.0,0,0,1
276,0.0,0.0,0.0,0.0,0.0,1,0,0,1,0,0,0,0,0,0,TRAINING,0.0,0.0,1,0,0
276,0.0,0.0,0.0,0.0,0.0,1,0,0,1,0,0,0,0,0,0,TRAINING,0.0,0.0,0,1,0
277,0.0,0.0,0.0,0.0,0.0,0,1,0,0,0,1,0,0,0,0,TRAINING,0.0,0.0,0,1,0
277,0.0,0.0,0.0,0.0,0.0,0,1,0,0,0,1,0,0,0,0,TRAINING,0.0,0.0,0,0,1
277,0.0,0.0,0.0,0.0,0.0,0,1,0,0,0,1,0,0,0,0,TRAINING,0.0,0.0,1,0,0
