person,Year,VoteAlongRatio_Film,VoteAlongRatio_FS_IIR,VoteAlongRatio_FS_FSS,VoteAlongRatio_FS_CM,VoteAlongRatio_FS_REB,sex_female,sex_male,ethnicity_asian,ethnicity_black,ethnicity_hispanic,ethnicity_islander,ethnicity_native,ethnicity_white,party_short_D,party_short_R,MODELING_GROUP,Disney_Donations_Diff,Bloomberg_Donations_Diff,Citadel_Donations_Diff
4,2012,0.0,0.3333333333333333,0.3333333333333333,0.5714285714285714,0.6666666666666666,0,1,0,0,0,0,0,1,1,0,TESTING,0.0,0.0,0.0
4,2014,0.0,0.8,0.3333333333333333,0.4,0.5,0,1,0,0,0,0,0,1,1,0,TESTING,0.0,0.0,0.0
4,2016,0.0,0.42857142857142855,0.2222222222222222,0.0,0.0,0,1,0,0,0,0,0,1,1,0,TESTING,1000.0,0.0,0.0
4,2018,0.0,1.0,1.0,1.0,1.0,0,1,0,0,0,0,0,1,1,0,TESTING,,,
10,2012,0.0,0.5,0.6666666666666666,0.5714285714285714,0.6666666666666666,0,1,0,1,0,0,0,0,1,0,TRAINING,2000.0,0.0,0.0
10,2014,0.0,0.8,0.3333333333333333,0.4,0.5,0,1,0,1,0,0,0,0,1,0,TRAINING,0.0,0.0,0.0
10,2016,0.0,0.2857142857142857,0.4444444444444444,0.25,0.3333333333333333,0,1,0,1,0,0,0,0,1,0,TRAINING,-1000.0,0.0,0.0
10,2018,0.0,1.0,1.0,1.0,0.6666666666666666,0,1,0,1,0,0,0,0,1,0,TRAINING,,,
12,2012,0.0,0.5,0.6666666666666666,0.7142857142857143,0.6666666666666666,0,1,0,0,0,0,0,1,1,0,TRAINING,0.0,0.0,0.0
12,2014,0.0,0.8,0.3333333333333333,0.4,1.0,0,1,0,0,0,0,0,1,1,0,TRAINING,0.0,0.0,0.0
12,2016,0.0,0.42857142857142855,0.5555555555555556,0.0,0.3333333333333333,0,1,0,0,0,0,0,1,1,0,TRAINING,0.0,0.0,0.0
12,2018,0.0,1.0,0.6666666666666666,1.0,1.0,0,1,0,0,0,0,0,1,1,0,TRAINING,,,
14,2018,0.0,0.0,1.0,1.0,1.0,0,1,0,1,0,0,0,0,1,0,TRAINING,,,
14,2016,0.0,0.14285714285714285,0.3333333333333333,0.25,0.3333333333333333,0,1,0,1,0,0,0,0,1,0,TRAINING,3700.0,0.0,0.0
14,2012,0.0,0.3333333333333333,0.3333333333333333,0.5714285714285714,0.6666666666666666,0,1,0,1,0,0,0,0,1,0,TRAINING,0.0,0.0,0.0
14,2014,0.0,0.8,0.3333333333333333,0.4,0.25,0,1,0,1,0,0,0,0,1,0,TRAINING,0.0,0.0,0.0
15,2012,0.0,0.16666666666666666,0.3333333333333333,0.5714285714285714,0.6666666666666666,0,1,0,1,0,0,0,0,1,0,TESTING,0.0,0.0,0.0
15,2014,0.0,0.8,0.3333333333333333,0.4,0.25,0,1,0,1,0,0,0,0,1,0,TESTING,0.0,0.0,0.0
15,2016,0.0,0.2857142857142857,0.4444444444444444,0.0,0.0,0,1,0,1,0,0,0,0,1,0,TESTING,0.0,0.0,0.0
15,2018,0.0,1.0,1.0,1.0,1.0,0,1,0,1,0,0,0,0,1,0,TESTING,,,
16,2018,0.0,1.0,1.0,1.0,1.0,1,0,0,0,0,0,0,1,1,0,TESTING,,,
16,2012,0.0,0.3333333333333333,0.6666666666666666,0.7142857142857143,0.6666666666666666,1,0,0,0,0,0,0,1,1,0,TESTING,0.0,0.0,0.0
16,2014,0.0,0.8,0.3333333333333333,0.4,0.25,1,0,0,0,0,0,0,1,1,0,TESTING,0.0,0.0,0.0
16,2016,0.0,0.2857142857142857,0.4444444444444444,0.0,0.0,1,0,0,0,0,0,0,1,1,0,TESTING,0.0,0.0,0.0
17,2018,0.0,1.0,1.0,1.0,1.0,0,1,0,0,0,0,0,1,1,0,TRAINING,,,
17,2016,0.0,0.2857142857142857,0.4444444444444444,0.25,0.3333333333333333,0,1,0,0,0,0,0,1,1,0,TRAINING,0.0,0.0,0.0
17,2012,0.0,0.3333333333333333,0.3333333333333333,0.5714285714285714,0.6666666666666666,0,1,0,0,0,0,0,1,1,0,TRAINING,0.0,0.0,0.0
17,2014,0.0,0.8,0.3333333333333333,0.4,0.75,0,1,0,0,0,0,0,1,1,0,TRAINING,0.0,0.0,0.0
18,2012,0.0,0.5,0.3333333333333333,0.7142857142857143,0.6666666666666666,1,0,0,0,0,0,0,1,1,0,TRAINING,1000.0,0.0,0.0
18,2014,0.0,0.8,0.3333333333333333,0.4,0.25,1,0,0,0,0,0,0,1,1,0,TRAINING,-1000.0,0.0,0.0
18,2016,0.0,0.14285714285714285,0.2222222222222222,0.0,0.0,1,0,0,0,0,0,0,1,1,0,TRAINING,0.0,0.0,0.0
18,2018,0.0,1.0,1.0,1.0,1.0,1,0,0,0,0,0,0,1,1,0,TRAINING,,,
19,2012,0.0,0.3333333333333333,0.3333333333333333,0.5714285714285714,0.3333333333333333,1,0,0,0,0,0,0,1,1,0,TESTING,0.0,0.0,0.0
19,2014,0.0,0.8,0.3333333333333333,0.4,0.25,1,0,0,0,0,0,0,1,1,0,TESTING,0.0,0.0,0.0
19,2016,0.0,0.14285714285714285,0.3333333333333333,0.0,0.0,1,0,0,0,0,0,0,1,1,0,TESTING,80.0,0.0,0.0
19,2018,0.0,1.0,0.6666666666666666,1.0,0.6666666666666666,1,0,0,0,0,0,0,1,1,0,TESTING,,,
21,2018,0.0,1.0,1.0,1.0,1.0,0,1,0,0,0,0,0,1,1,0,TESTING,,,
21,2016,0.0,0.42857142857142855,0.3333333333333333,0.0,0.0,0,1,0,0,0,0,0,1,1,0,TESTING,0.0,0.0,0.0
21,2014,0.0,0.6,0.0,0.2,0.0,0,1,0,0,0,0,0,1,1,0,TESTING,0.0,0.0,0.0
21,2012,0.0,0.3333333333333333,0.3333333333333333,0.5714285714285714,0.6666666666666666,0,1,0,0,0,0,0,1,1,0,TESTING,-250.0,0.0,0.0
22,2012,0.0,0.5,0.3333333333333333,0.5714285714285714,1.0,0,1,0,0,0,0,0,1,1,0,TRAINING,0.0,0.0,0.0
22,2014,0.0,0.8,0.3333333333333333,0.4,0.5,0,1,0,0,0,0,0,1,1,0,TRAINING,0.0,0.0,0.0
22,2016,0.0,0.2857142857142857,0.3333333333333333,0.0,0.0,0,1,0,0,0,0,0,1,1,0,TRAINING,0.0,0.0,0.0
22,2018,0.0,0.0,0.0,1.0,0.0,0,1,0,0,0,0,0,1,1,0,TRAINING,,,
23,2012,0.0,0.5,0.3333333333333333,0.7142857142857143,0.6666666666666666,0,1,0,0,0,0,0,1,1,0,TRAINING,0.0,0.0,0.0
23,2014,0.0,0.8,0.3333333333333333,0.4,0.25,0,1,0,0,0,0,0,1,1,0,TRAINING,0.0,0.0,0.0
23,2016,0.0,0.2857142857142857,0.3333333333333333,0.25,0.3333333333333333,0,1,0,0,0,0,0,1,1,0,TRAINING,0.0,0.0,0.0
23,2018,0.0,1.0,1.0,1.0,1.0,0,1,0,0,0,0,0,1,1,0,TRAINING,,,
24,2016,0.0,0.2857142857142857,0.3333333333333333,0.0,0.0,1,0,0,0,0,0,0,1,1,0,TESTING,0.0,0.0,0.0
24,2018,0.0,1.0,1.0,1.0,1.0,1,0,0,0,0,0,0,1,1,0,TESTING,,,
24,2012,0.0,0.5,0.3333333333333333,0.7142857142857143,0.6666666666666666,1,0,0,0,0,0,0,1,1,0,TESTING,0.0,0.0,0.0
24,2014,0.0,0.8,0.3333333333333333,0.4,0.25,1,0,0,0,0,0,0,1,1,0,TESTING,0.0,0.0,0.0
28,2018,0.0,0.75,1.0,1.0,1.0,0,1,0,0,1,0,0,0,1,0,TRAINING,,,
28,2016,0.0,0.0,0.3333333333333333,0.0,0.0,0,1,0,0,1,0,0,0,1,0,TRAINING,0.0,0.0,0.0
28,2014,0.0,0.6,0.0,0.2,0.0,0,1,0,0,1,0,0,0,1,0,TRAINING,0.0,0.0,0.0
28,2012,0.0,0.3333333333333333,0.0,0.5714285714285714,0.6666666666666666,0,1,0,0,1,0,0,0,1,0,TRAINING,0.0,0.0,0.0
30,2012,0.0,0.3333333333333333,0.3333333333333333,0.5714285714285714,0.6666666666666666,0,1,0,1,0,0,0,0,1,0,TRAINING,0.0,0.0,0.0
30,2014,0.0,0.8,0.3333333333333333,0.4,0.25,0,1,0,1,0,0,0,0,1,0,TRAINING,0.0,0.0,0.0
30,2016,0.0,0.42857142857142855,0.4444444444444444,0.0,0.0,0,1,0,1,0,0,0,0,1,0,TRAINING,0.0,0.0,0.0
30,2018,0.0,1.0,1.0,1.0,1.0,0,1,0,1,0,0,0,0,1,0,TRAINING,,,
34,2012,0.0,0.5,0.6666666666666666,0.7142857142857143,0.6666666666666666,0,1,0,0,0,0,0,1,1,0,TRAINING,-4675.0,0.0,0.0
34,2014,0.0,0.8,0.3333333333333333,0.4,0.25,0,1,0,0,0,0,0,1,1,0,TRAINING,0.0,0.0,0.0
34,2016,0.0,0.2857142857142857,0.2222222222222222,0.0,0.0,0,1,0,0,0,0,0,1,1,0,TRAINING,2000.0,0.0,0.0
34,2018,0.0,1.0,1.0,1.0,1.0,0,1,0,0,0,0,0,1,1,0,TRAINING,,,
37,2016,0.0,0.2857142857142857,0.3333333333333333,0.0,0.0,1,0,0,1,0,0,0,0,1,0,TESTING,0.0,0.0,0.0
37,2018,0.0,0.75,1.0,1.0,1.0,1,0,0,1,0,0,0,0,1,0,TESTING,,,
37,2012,0.0,0.3333333333333333,0.3333333333333333,0.42857142857142855,0.6666666666666666,1,0,0,1,0,0,0,0,1,0,TESTING,0.0,0.0,0.0
37,2014,0.0,0.6,0.0,0.2,0.0,1,0,0,1,0,0,0,0,1,0,TESTING,0.0,0.0,0.0
38,2012,0.0,0.3333333333333333,0.6666666666666666,0.5714285714285714,0.6666666666666666,1,0,0,0,0,0,0,1,1,0,TRAINING,0.0,0.0,0.0
38,2014,0.0,0.8,0.3333333333333333,0.4,0.25,1,0,0,0,0,0,0,1,1,0,TRAINING,0.0,0.0,0.0
38,2016,0.0,0.14285714285714285,0.3333333333333333,0.0,0.0,1,0,0,0,0,0,0,1,1,0,TRAINING,0.0,0.0,0.0
38,2018,0.0,1.0,1.0,1.0,1.0,1,0,0,0,0,0,0,1,1,0,TRAINING,,,
39,2012,0.0,0.5,0.3333333333333333,0.7142857142857143,0.3333333333333333,0,1,0,0,0,0,0,1,1,0,TRAINING,0.0,0.0,0.0
39,2014,0.0,1.0,0.3333333333333333,0.6,0.75,0,1,0,0,0,0,0,1,1,0,TRAINING,1000.0,0.0,0.0
39,2016,0.0,0.42857142857142855,0.6666666666666666,0.0,0.3333333333333333,0,1,0,0,0,0,0,1,1,0,TRAINING,-1000.0,0.0,0.0
39,2018,0.0,1.0,0.6666666666666666,1.0,1.0,0,1,0,0,0,0,0,1,1,0,TRAINING,,,
40,2012,0.0,0.3333333333333333,0.3333333333333333,0.7142857142857143,0.6666666666666666,0,1,0,0,0,0,0,1,1,0,TRAINING,0.0,0.0,0.0
40,2014,0.0,0.8,0.3333333333333333,0.4,0.25,0,1,0,0,0,0,0,1,1,0,TRAINING,0.0,0.0,0.0
40,2016,0.0,0.2857142857142857,0.3333333333333333,0.0,0.0,0,1,0,0,0,0,0,1,1,0,TRAINING,0.0,0.0,0.0
40,2018,0.0,1.0,1.0,1.0,1.0,0,1,0,0,0,0,0,1,1,0,TRAINING,,,
41,2016,0.0,0.42857142857142855,0.6666666666666666,0.0,0.3333333333333333,0,1,0,0,0,0,0,1,1,0,TESTING,0.0,0.0,0.0
41,2018,0.0,1.0,1.0,1.0,1.0,0,1,0,0,0,0,0,1,1,0,TESTING,,,
41,2014,0.0,0.8,0.3333333333333333,0.6,0.5,0,1,0,0,0,0,0,1,1,0,TESTING,0.0,0.0,0.0
41,2012,0.0,0.5,0.3333333333333333,0.7142857142857143,0.6666666666666666,0,1,0,0,0,0,0,1,1,0,TESTING,0.0,0.0,0.0
42,2012,0.0,0.3333333333333333,0.3333333333333333,0.5714285714285714,0.3333333333333333,0,1,0,0,0,0,0,1,1,0,TESTING,0.0,0.0,0.0
42,2014,0.0,0.6,0.3333333333333333,0.2,0.25,0,1,0,0,0,0,0,1,1,0,TESTING,1300.0,0.0,0.0
42,2016,0.0,0.2857142857142857,0.3333333333333333,0.0,0.0,0,1,0,0,0,0,0,1,1,0,TESTING,-3300.0,0.0,0.0
42,2018,0.0,1.0,1.0,1.0,1.0,0,1,0,0,0,0,0,1,1,0,TESTING,,,
43,2018,0.0,1.0,1.0,1.0,1.0,1,0,0,0,0,0,0,1,1,0,TESTING,,,
43,2012,0.0,0.3333333333333333,0.0,0.5714285714285714,0.6666666666666666,1,0,0,0,0,0,0,1,1,0,TESTING,0.0,0.0,0.0
43,2014,0.0,0.8,0.3333333333333333,0.4,0.25,1,0,0,0,0,0,0,1,1,0,TESTING,0.0,0.0,0.0
43,2016,0.0,0.14285714285714285,0.3333333333333333,0.0,0.0,1,0,0,0,0,0,0,1,1,0,TESTING,1177.0,0.0,0.0
45,2018,0.0,0.0,1.0,1.0,1.0,0,1,0,1,0,0,0,0,1,0,TRAINING,,,
45,2016,0.0,0.14285714285714285,0.3333333333333333,0.0,0.0,0,1,0,1,0,0,0,0,1,0,TRAINING,3061.0,58.0,58.0
45,2014,0.0,0.8,0.3333333333333333,0.4,0.25,0,1,0,1,0,0,0,0,1,0,TRAINING,0.0,0.0,0.0
45,2012,0.0,0.3333333333333333,0.3333333333333333,0.5714285714285714,0.6666666666666666,0,1,0,1,0,0,0,0,1,0,TRAINING,0.0,0.0,0.0
46,2018,0.0,0.75,1.0,1.0,1.0,1,0,0,0,0,0,0,1,1,0,TESTING,,,
46,2012,0.0,0.3333333333333333,0.3333333333333333,0.2857142857142857,0.6666666666666666,1,0,0,0,0,0,0,1,1,0,TESTING,0.0,0.0,0.0
46,2014,0.0,0.6,0.0,0.2,0.0,1,0,0,0,0,0,0,1,1,0,TESTING,0.0,0.0,0.0
46,2016,0.0,0.2857142857142857,0.3333333333333333,0.0,0.0,1,0,0,0,0,0,0,1,1,0,TESTING,0.0,0.0,0.0
47,2016,0.0,0.2857142857142857,0.3333333333333333,0.0,0.0,1,0,0,0,0,0,0,1,1,0,TRAINING,0.0,7300.0,7300.0
47,2018,0.0,1.0,1.0,1.0,1.0,1,0,0,0,0,0,0,1,1,0,TRAINING,,,
47,2012,0.0,0.5,0.6666666666666666,0.7142857142857143,0.6666666666666666,1,0,0,0,0,0,0,1,1,0,TRAINING,0.0,-2400.0,-2400.0
47,2014,0.0,0.8,0.3333333333333333,0.4,0.25,1,0,0,0,0,0,0,1,1,0,TRAINING,0.0,8200.0,8200.0
48,2016,0.0,0.2857142857142857,0.3333333333333333,0.0,0.0,0,1,0,0,0,0,0,1,1,0,TRAINING,0.0,0.0,0.0
48,2018,0.0,1.0,1.0,1.0,1.0,0,1,0,0,0,0,0,1,1,0,TRAINING,,,
48,2012,0.0,0.5,0.3333333333333333,0.5714285714285714,1.0,0,1,0,0,0,0,0,1,1,0,TRAINING,0.0,0.0,0.0
48,2014,0.0,0.8,0.3333333333333333,0.4,0.25,0,1,0,0,0,0,0,1,1,0,TRAINING,0.0,0.0,0.0
49,2018,0.0,1.0,1.0,1.0,1.0,1,0,0,0,0,0,0,1,1,0,TESTING,,,
49,2016,0.0,0.2857142857142857,0.3333333333333333,0.25,0.3333333333333333,1,0,0,0,0,0,0,1,1,0,TESTING,0.0,834.0,834.0
49,2014,0.0,0.8,0.3333333333333333,0.4,0.25,1,0,0,0,0,0,0,1,1,0,TESTING,0.0,500.0,500.0
49,2012,0.0,0.5,0.0,0.7142857142857143,0.6666666666666666,1,0,0,0,0,0,0,1,1,0,TESTING,0.0,0.0,0.0
52,2012,0.0,0.3333333333333333,0.3333333333333333,0.7142857142857143,0.6666666666666666,1,0,0,0,0,0,0,1,1,0,TESTING,0.0,0.0,0.0
52,2014,0.0,0.8,0.3333333333333333,0.4,0.25,1,0,0,0,0,0,0,1,1,0,TESTING,0.0,0.0,0.0
52,2016,0.0,0.2857142857142857,0.3333333333333333,0.0,0.0,1,0,0,0,0,0,0,1,1,0,TESTING,0.0,0.0,0.0
52,2018,0.0,1.0,1.0,1.0,1.0,1,0,0,0,0,0,0,1,1,0,TESTING,,,
56,2012,0.0,0.3333333333333333,0.6666666666666666,0.5714285714285714,0.6666666666666666,0,1,0,1,0,0,0,0,1,0,TRAINING,0.0,0.0,0.0
56,2014,0.0,0.6,0.3333333333333333,0.4,0.5,0,1,0,1,0,0,0,0,1,0,TRAINING,1000.0,0.0,0.0
56,2016,0.0,0.2857142857142857,0.4444444444444444,0.0,0.3333333333333333,0,1,0,1,0,0,0,0,1,0,TRAINING,-1000.0,0.0,0.0
56,2018,0.0,1.0,1.0,1.0,1.0,0,1,0,1,0,0,0,0,1,0,TRAINING,,,
60,2016,0.0,0.2857142857142857,0.3333333333333333,0.0,0.0,0,1,0,0,0,0,0,1,1,0,TRAINING,-16750.0,-1000.0,-1000.0
60,2018,0.0,1.0,1.0,1.0,1.0,0,1,0,0,0,0,0,1,1,0,TRAINING,,,
60,2012,0.0,0.3333333333333333,0.3333333333333333,0.42857142857142855,0.6666666666666666,0,1,0,0,0,0,0,1,1,0,TRAINING,6000.0,1000.0,1000.0
60,2014,0.0,0.8,0.3333333333333333,0.4,0.25,0,1,0,0,0,0,0,1,1,0,TRAINING,13250.0,1000.0,1000.0
61,2012,0.0,0.3333333333333333,0.3333333333333333,0.5714285714285714,0.6666666666666666,1,0,0,0,1,0,0,0,1,0,TRAINING,0.0,0.0,0.0
61,2014,0.0,0.8,0.3333333333333333,0.4,0.25,1,0,0,0,1,0,0,0,1,0,TRAINING,0.0,0.0,0.0
61,2016,0.0,0.2857142857142857,0.4444444444444444,0.5,0.6666666666666666,1,0,0,0,1,0,0,0,1,0,TRAINING,0.0,0.0,0.0
61,2018,0.0,0.75,1.0,1.0,1.0,1,0,0,0,1,0,0,0,1,0,TRAINING,,,
62,2012,0.0,0.5,0.3333333333333333,0.5714285714285714,0.6666666666666666,0,1,0,0,0,0,0,1,1,0,TRAINING,1500.0,0.0,0.0
62,2014,0.0,0.8,0.3333333333333333,0.4,0.5,0,1,0,0,0,0,0,1,1,0,TRAINING,-2500.0,0.0,0.0
62,2016,0.0,0.2857142857142857,0.4444444444444444,0.0,0.0,0,1,0,0,0,0,0,1,1,0,TRAINING,1500.0,0.0,0.0
62,2018,0.0,1.0,0.6666666666666666,1.0,0.6666666666666666,0,1,0,0,0,0,0,1,1,0,TRAINING,,,
63,2012,0.0,0.3333333333333333,0.3333333333333333,0.5714285714285714,0.6666666666666666,0,1,0,0,0,0,0,1,1,0,TRAINING,-1000.0,0.0,0.0
63,2014,0.0,0.8,0.3333333333333333,0.4,0.25,0,1,0,0,0,0,0,1,1,0,TRAINING,7500.0,0.0,0.0
63,2016,0.0,0.2857142857142857,0.3333333333333333,0.0,0.0,0,1,0,0,0,0,0,1,1,0,TRAINING,-3000.0,25.0,25.0
63,2018,0.0,1.0,1.0,1.0,1.0,0,1,0,0,0,0,0,1,1,0,TRAINING,,,
64,2018,0.0,1.0,1.0,1.0,1.0,0,1,0,0,0,0,0,1,1,0,TESTING,,,
64,2016,0.0,0.2857142857142857,0.3333333333333333,0.0,0.0,0,1,0,0,0,0,0,1,1,0,TESTING,0.0,0.0,0.0
64,2014,0.0,0.8,0.3333333333333333,0.4,0.25,0,1,0,0,0,0,0,1,1,0,TESTING,0.0,0.0,0.0
64,2012,0.0,0.3333333333333333,0.3333333333333333,0.5714285714285714,0.6666666666666666,0,1,0,0,0,0,0,1,1,0,TESTING,0.0,0.0,0.0
66,2012,0.0,0.3333333333333333,0.6666666666666666,0.42857142857142855,0.6666666666666666,1,0,0,0,0,0,0,1,1,0,TRAINING,2600.0,0.0,0.0
66,2014,0.0,0.8,0.3333333333333333,0.4,0.25,1,0,0,0,0,0,0,1,1,0,TRAINING,10.0,200.0,200.0
66,2016,0.0,0.14285714285714285,0.3333333333333333,0.0,0.0,1,0,0,0,0,0,0,1,1,0,TRAINING,-1008.0,-200.0,-200.0
66,2018,0.0,0.0,0.0,1.0,0.0,1,0,0,0,0,0,0,1,1,0,TRAINING,,,
67,2012,0.0,0.8333333333333334,0.3333333333333333,0.7142857142857143,0.6666666666666666,0,1,0,0,0,0,0,1,1,0,TRAINING,0.0,0.0,0.0
67,2014,0.0,1.0,0.3333333333333333,0.6,1.0,0,1,0,0,0,0,0,1,1,0,TRAINING,0.0,0.0,0.0
67,2016,0.0,0.7142857142857143,0.8888888888888888,0.25,0.6666666666666666,0,1,0,0,0,0,0,1,1,0,TRAINING,0.0,0.0,0.0
67,2018,0.0,0.75,1.0,1.0,1.0,0,1,0,0,0,0,0,1,1,0,TRAINING,,,
68,2012,0.0,0.3333333333333333,0.6666666666666666,0.5714285714285714,0.6666666666666666,0,1,0,0,0,0,0,1,1,0,TRAINING,0.0,0.0,0.0
68,2014,0.0,0.8,0.3333333333333333,0.4,0.25,0,1,0,0,0,0,0,1,1,0,TRAINING,0.0,0.0,0.0
68,2016,0.0,0.2857142857142857,0.3333333333333333,0.0,0.0,0,1,0,0,0,0,0,1,1,0,TRAINING,0.0,0.0,0.0
68,2018,0.0,1.0,1.0,1.0,1.0,0,1,0,0,0,0,0,1,1,0,TRAINING,,,
71,2018,0.0,0.75,1.0,1.0,1.0,1,0,0,0,1,0,0,0,1,0,TRAINING,,,
71,2016,0.0,0.2857142857142857,0.3333333333333333,0.0,0.0,1,0,0,0,1,0,0,0,1,0,TRAINING,0.0,0.0,0.0
71,2012,0.0,0.5,0.3333333333333333,0.5714285714285714,0.6666666666666666,1,0,0,0,1,0,0,0,1,0,TRAINING,0.0,0.0,0.0
71,2014,0.0,0.8,0.3333333333333333,0.4,0.25,1,0,0,0,1,0,0,0,1,0,TRAINING,0.0,0.0,0.0
73,2012,0.0,0.3333333333333333,0.3333333333333333,0.7142857142857143,0.3333333333333333,0,1,0,1,0,0,0,0,1,0,TESTING,0.0,0.0,0.0
73,2014,0.0,0.8,0.3333333333333333,0.6,0.25,0,1,0,1,0,0,0,0,1,0,TESTING,0.0,0.0,0.0
73,2016,0.0,0.42857142857142855,0.2222222222222222,0.0,0.0,0,1,0,1,0,0,0,0,1,0,TESTING,0.0,0.0,0.0
73,2018,0.0,1.0,1.0,1.0,1.0,0,1,0,1,0,0,0,0,1,0,TESTING,,,
74,2012,0.0,0.16666666666666666,0.3333333333333333,0.5714285714285714,0.6666666666666666,0,1,0,0,0,0,0,1,1,0,TRAINING,0.0,0.0,0.0
74,2014,0.0,0.8,0.3333333333333333,0.4,0.5,0,1,0,0,0,0,0,1,1,0,TRAINING,1000.0,0.0,0.0
74,2016,0.0,0.2857142857142857,0.3333333333333333,0.0,0.0,0,1,0,0,0,0,0,1,1,0,TRAINING,0.0,0.0,0.0
74,2018,0.0,1.0,1.0,1.0,1.0,0,1,0,0,0,0,0,1,1,0,TRAINING,,,
75,2016,0.0,0.14285714285714285,0.3333333333333333,0.0,0.0,1,0,0,0,1,0,0,0,1,0,TESTING,0.0,0.0,0.0
75,2018,0.0,1.0,0.6666666666666666,1.0,0.6666666666666666,1,0,0,0,1,0,0,0,1,0,TESTING,,,
75,2014,0.0,0.8,0.3333333333333333,0.4,0.25,1,0,0,0,1,0,0,0,1,0,TESTING,0.0,0.0,0.0
75,2012,0.0,0.3333333333333333,0.6666666666666666,0.5714285714285714,0.6666666666666666,1,0,0,0,1,0,0,0,1,0,TESTING,0.0,0.0,0.0
77,2012,0.0,0.3333333333333333,0.3333333333333333,0.5714285714285714,0.6666666666666666,1,0,0,0,0,0,0,1,1,0,TESTING,0.0,0.0,0.0
77,2014,0.0,0.8,0.3333333333333333,0.4,0.25,1,0,0,0,0,0,0,1,1,0,TESTING,0.0,0.0,0.0
77,2016,0.0,0.14285714285714285,0.3333333333333333,0.0,0.0,1,0,0,0,0,0,0,1,1,0,TESTING,0.0,0.0,0.0
77,2018,0.0,1.0,1.0,1.0,1.0,1,0,0,0,0,0,0,1,1,0,TESTING,,,
78,2012,0.0,0.5,0.3333333333333333,0.5714285714285714,1.0,0,1,0,0,0,0,0,1,1,0,TESTING,-3000.0,0.0,0.0
78,2014,0.0,0.8,0.3333333333333333,0.4,0.5,0,1,0,0,0,0,0,1,1,0,TESTING,-2500.0,0.0,0.0
78,2016,0.0,0.2857142857142857,0.3333333333333333,0.0,0.0,0,1,0,0,0,0,0,1,1,0,TESTING,35020.0,5.0,5.0
78,2018,0.0,1.0,1.0,1.0,1.0,0,1,0,0,0,0,0,1,1,0,TESTING,,,
79,2016,0.0,0.42857142857142855,0.6666666666666666,0.25,0.3333333333333333,0,1,0,1,0,0,0,0,1,0,TRAINING,0.0,0.0,0.0
79,2018,0.0,1.0,1.0,1.0,1.0,0,1,0,1,0,0,0,0,1,0,TRAINING,,,
79,2014,0.0,0.8,0.3333333333333333,0.8,1.0,0,1,0,1,0,0,0,0,1,0,TRAINING,0.0,0.0,0.0
79,2012,0.0,0.5,0.6666666666666666,0.7142857142857143,0.6666666666666666,0,1,0,1,0,0,0,0,1,0,TRAINING,0.0,0.0,0.0
80,2012,0.0,0.3333333333333333,0.3333333333333333,0.5714285714285714,0.6666666666666666,0,1,1,0,0,0,0,0,1,0,TESTING,0.0,0.0,0.0
80,2014,0.0,0.8,0.3333333333333333,0.4,0.25,0,1,1,0,0,0,0,0,1,0,TESTING,0.0,0.0,0.0
80,2016,0.0,0.2857142857142857,0.3333333333333333,0.0,0.0,0,1,1,0,0,0,0,0,1,0,TESTING,0.0,0.0,0.0
80,2018,0.0,1.0,1.0,1.0,1.0,0,1,1,0,0,0,0,0,1,0,TESTING,,,
81,2012,0.0,0.3333333333333333,0.3333333333333333,0.7142857142857143,0.6666666666666666,0,1,0,0,1,0,0,0,1,0,TESTING,0.0,0.0,0.0
81,2014,0.0,0.8,0.3333333333333333,0.4,0.25,0,1,0,0,1,0,0,0,1,0,TESTING,0.0,0.0,0.0
81,2016,0.0,0.2857142857142857,0.3333333333333333,0.0,0.0,0,1,0,0,1,0,0,0,1,0,TESTING,0.0,0.0,0.0
81,2018,0.0,0.5,1.0,1.0,1.0,0,1,0,0,1,0,0,0,1,0,TESTING,,,
82,2018,0.0,1.0,1.0,1.0,1.0,0,1,0,0,0,0,0,1,1,0,TESTING,,,
82,2016,0.0,0.42857142857142855,0.5555555555555556,0.0,0.3333333333333333,0,1,0,0,0,0,0,1,1,0,TESTING,-1000.0,0.0,0.0
82,2014,0.0,0.8,0.3333333333333333,0.4,0.75,0,1,0,0,0,0,0,1,1,0,TESTING,-50.0,0.0,0.0
82,2012,0.0,0.5,0.6666666666666666,0.7142857142857143,0.6666666666666666,0,1,0,0,0,0,0,1,1,0,TESTING,1050.0,0.0,0.0
84,2012,0.0,0.16666666666666666,0.0,0.5714285714285714,0.6666666666666666,0,1,0,0,0,0,0,1,1,0,TRAINING,0.0,0.0,0.0
84,2014,0.0,0.8,0.3333333333333333,0.4,0.25,0,1,0,0,0,0,0,1,1,0,TRAINING,0.0,0.0,0.0
84,2016,0.0,0.2857142857142857,0.3333333333333333,0.0,0.0,0,1,0,0,0,0,0,1,1,0,TRAINING,0.0,0.0,0.0
84,2018,0.0,1.0,1.0,1.0,1.0,0,1,0,0,0,0,0,1,1,0,TRAINING,,,
85,2012,0.0,0.3333333333333333,0.3333333333333333,0.5714285714285714,0.6666666666666666,0,1,0,1,0,0,0,0,1,0,TESTING,0.0,0.0,0.0
85,2014,0.0,0.6,0.0,0.2,0.0,0,1,0,1,0,0,0,0,1,0,TESTING,0.0,0.0,0.0
85,2016,0.0,0.42857142857142855,0.2222222222222222,0.25,0.0,0,1,0,1,0,0,0,0,1,0,TESTING,0.0,25.0,25.0
85,2018,0.0,1.0,1.0,1.0,1.0,0,1,0,1,0,0,0,0,1,0,TESTING,,,
86,2018,0.0,1.0,1.0,1.0,1.0,0,1,0,0,0,0,0,1,1,0,TESTING,,,
86,2016,0.0,0.2857142857142857,0.4444444444444444,0.0,0.0,0,1,0,0,0,0,0,1,1,0,TESTING,0.0,0.0,0.0
86,2014,0.0,0.8,0.3333333333333333,0.4,0.25,0,1,0,0,0,0,0,1,1,0,TESTING,0.0,0.0,0.0
86,2012,0.0,0.5,0.0,0.7142857142857143,0.6666666666666666,0,1,0,0,0,0,0,1,1,0,TESTING,0.0,0.0,0.0
89,2012,0.0,0.16666666666666666,0.3333333333333333,0.7142857142857143,0.6666666666666666,1,0,0,0,1,0,0,0,1,0,TRAINING,0.0,0.0,0.0
89,2014,0.0,0.8,0.3333333333333333,0.4,0.25,1,0,0,0,1,0,0,0,1,0,TRAINING,0.0,0.0,0.0
89,2016,0.0,0.2857142857142857,0.3333333333333333,0.0,0.0,1,0,0,0,1,0,0,0,1,0,TRAINING,0.0,0.0,0.0
89,2018,0.0,1.0,0.6666666666666666,1.0,0.6666666666666666,1,0,0,0,1,0,0,0,1,0,TRAINING,,,
90,2012,0.0,0.3333333333333333,0.3333333333333333,0.7142857142857143,0.6666666666666666,0,1,0,0,0,0,0,1,1,0,TESTING,0.0,0.0,0.0
90,2014,0.0,0.8,0.3333333333333333,0.4,0.25,0,1,0,0,0,0,0,1,1,0,TESTING,0.0,0.0,0.0
90,2016,0.0,0.14285714285714285,0.3333333333333333,0.0,0.0,0,1,0,0,0,0,0,1,1,0,TESTING,0.0,0.0,0.0
90,2018,0.0,1.0,1.0,1.0,1.0,0,1,0,0,0,0,0,1,1,0,TESTING,,,
91,2016,0.0,0.2857142857142857,0.3333333333333333,0.0,0.0,1,0,0,1,0,0,0,0,1,0,TRAINING,2000.0,0.0,0.0
91,2018,0.0,1.0,1.0,1.0,1.0,1,0,0,1,0,0,0,0,1,0,TRAINING,,,
91,2012,0.0,0.3333333333333333,0.3333333333333333,0.5714285714285714,0.6666666666666666,1,0,0,1,0,0,0,0,1,0,TRAINING,0.0,0.0,0.0
91,2014,0.0,0.0,0.0,0.0,0.0,1,0,0,1,0,0,0,0,1,0,TRAINING,0.0,0.0,0.0
95,2016,0.0,0.2857142857142857,0.8888888888888888,0.25,0.3333333333333333,0,1,0,0,0,0,0,1,1,0,TRAINING,0.0,0.0,0.0
95,2018,0.0,1.0,1.0,1.0,1.0,0,1,0,0,0,0,0,1,1,0,TRAINING,,,
95,2012,0.0,0.5,0.3333333333333333,0.7142857142857143,0.3333333333333333,0,1,0,0,0,0,0,1,1,0,TRAINING,0.0,0.0,0.0
95,2014,0.0,0.0,0.3333333333333333,0.0,1.0,0,1,0,0,0,0,0,1,1,0,TRAINING,0.0,0.0,0.0
96,2018,0.0,1.0,1.0,1.0,1.0,1,0,0,0,0,0,0,1,1,0,TRAINING,,,
96,2016,0.0,0.2857142857142857,0.3333333333333333,0.0,0.0,1,0,0,0,0,0,0,1,1,0,TRAINING,-2485.0,-50.0,-50.0
96,2014,0.0,0.6,0.3333333333333333,0.2,0.25,1,0,0,0,0,0,0,1,1,0,TRAINING,6000.0,550.0,550.0
96,2012,0.0,0.3333333333333333,0.6666666666666666,0.2857142857142857,0.6666666666666666,1,0,0,0,0,0,0,1,1,0,TRAINING,-2500.0,0.0,0.0
100,2012,0.0,0.5,0.3333333333333333,0.7142857142857143,0.3333333333333333,0,1,0,0,0,0,0,1,1,0,TESTING,0.0,0.0,0.0
100,2014,0.0,0.8,0.3333333333333333,0.4,0.25,0,1,0,0,0,0,0,1,1,0,TESTING,0.0,0.0,0.0
100,2016,0.0,0.14285714285714285,0.4444444444444444,0.0,0.0,0,1,0,0,0,0,0,1,1,0,TESTING,0.0,0.0,0.0
100,2018,0.0,1.0,1.0,1.0,1.0,0,1,0,0,0,0,0,1,1,0,TESTING,,,
102,2012,0.0,0.3333333333333333,0.0,0.5714285714285714,0.6666666666666666,0,1,0,1,0,0,0,0,1,0,TRAINING,0.0,0.0,0.0
102,2014,0.0,0.8,0.3333333333333333,0.4,0.5,0,1,0,1,0,0,0,0,1,0,TRAINING,0.0,0.0,0.0
102,2016,0.0,0.14285714285714285,0.3333333333333333,0.0,0.0,0,1,0,1,0,0,0,0,1,0,TRAINING,0.0,0.0,0.0
102,2018,0.0,1.0,1.0,1.0,1.0,0,1,0,1,0,0,0,0,1,0,TRAINING,,,
103,2016,0.0,0.42857142857142855,0.7777777777777778,0.25,0.3333333333333333,0,1,0,0,1,0,0,0,1,0,TRAINING,0.0,0.0,0.0
103,2018,0.0,1.0,1.0,1.0,1.0,0,1,0,0,1,0,0,0,1,0,TRAINING,,,
103,2012,0.0,0.5,0.6666666666666666,0.7142857142857143,0.6666666666666666,0,1,0,0,1,0,0,0,1,0,TRAINING,0.0,0.0,0.0
103,2014,0.0,0.6,0.3333333333333333,0.6,0.75,0,1,0,0,1,0,0,0,1,0,TRAINING,0.0,0.0,0.0
104,2012,0.0,0.3333333333333333,0.3333333333333333,0.5714285714285714,0.6666666666666666,1,0,0,1,0,0,0,0,1,0,TRAINING,0.0,0.0,0.0
104,2014,0.0,0.8,0.3333333333333333,0.4,0.25,1,0,0,1,0,0,0,0,1,0,TRAINING,0.0,0.0,0.0
104,2016,0.0,0.2857142857142857,0.3333333333333333,0.0,0.0,1,0,0,1,0,0,0,0,1,0,TRAINING,0.0,0.0,0.0
104,2018,0.0,1.0,1.0,1.0,1.0,1,0,0,1,0,0,0,0,1,0,TRAINING,,,
105,2012,0.0,0.5,0.3333333333333333,0.7142857142857143,0.6666666666666666,1,0,1,0,0,0,0,0,1,0,TESTING,2500.0,0.0,0.0
105,2014,0.0,0.8,0.3333333333333333,0.4,0.25,1,0,1,0,0,0,0,0,1,0,TESTING,-2500.0,0.0,0.0
105,2016,0.0,0.2857142857142857,0.3333333333333333,0.0,0.0,1,0,1,0,0,0,0,0,1,0,TESTING,0.0,0.0,0.0
105,2018,0.0,1.0,1.0,1.0,1.0,1,0,1,0,0,0,0,0,1,0,TESTING,,,
107,2012,0.0,0.5,0.0,0.7142857142857143,0.3333333333333333,0,1,0,0,1,0,0,0,1,0,TESTING,0.0,0.0,0.0
107,2014,0.0,0.8,0.6666666666666666,0.6,0.75,0,1,0,0,1,0,0,0,1,0,TESTING,0.0,0.0,0.0
107,2016,0.0,0.2857142857142857,0.3333333333333333,0.0,0.0,0,1,0,0,1,0,0,0,1,0,TESTING,0.0,0.0,0.0
107,2018,0.0,1.0,1.0,1.0,1.0,0,1,0,0,1,0,0,0,1,0,TESTING,,,
108,2018,0.0,1.0,0.6666666666666666,1.0,0.6666666666666666,0,1,0,0,0,0,0,1,1,0,TESTING,,,
108,2016,0.0,0.2857142857142857,0.3333333333333333,0.0,0.0,0,1,0,0,0,0,0,1,1,0,TESTING,0.0,0.0,0.0
108,2014,0.0,0.8,0.3333333333333333,0.4,0.25,0,1,0,0,0,0,0,1,1,0,TESTING,0.0,0.0,0.0
108,2012,0.0,0.5,0.0,0.7142857142857143,0.6666666666666666,0,1,0,0,0,0,0,1,1,0,TESTING,0.0,0.0,0.0
109,2012,0.0,0.5,0.6666666666666666,0.7142857142857143,0.3333333333333333,0,1,0,0,0,0,0,1,1,0,TESTING,0.0,0.0,0.0
109,2014,0.0,0.8,0.3333333333333333,0.4,0.5,0,1,0,0,0,0,0,1,1,0,TESTING,0.0,0.0,0.0
109,2016,0.0,0.2857142857142857,0.4444444444444444,0.0,0.0,0,1,0,0,0,0,0,1,1,0,TESTING,0.0,0.0,0.0
109,2018,0.0,1.0,1.0,1.0,1.0,0,1,0,0,0,0,0,1,1,0,TESTING,,,
110,2012,0.0,0.5,0.3333333333333333,0.5714285714285714,0.3333333333333333,0,1,0,0,0,0,0,1,1,0,TRAINING,0.0,0.0,0.0
110,2014,0.0,0.8,0.3333333333333333,0.4,0.5,0,1,0,0,0,0,0,1,1,0,TRAINING,0.0,0.0,0.0
110,2016,0.0,0.2857142857142857,0.3333333333333333,0.0,0.0,0,1,0,0,0,0,0,1,1,0,TRAINING,0.0,0.0,0.0
110,2018,0.0,1.0,1.0,1.0,1.0,0,1,0,0,0,0,0,1,1,0,TRAINING,,,
111,2012,0.0,0.3333333333333333,0.3333333333333333,0.5714285714285714,0.6666666666666666,1,0,0,0,0,0,0,1,1,0,TRAINING,3500.0,0.0,0.0
111,2014,0.0,0.8,0.3333333333333333,0.4,0.25,1,0,0,0,0,0,0,1,1,0,TRAINING,-3500.0,0.0,0.0
111,2016,0.0,0.2857142857142857,0.3333333333333333,0.0,0.0,1,0,0,0,0,0,0,1,1,0,TRAINING,0.0,0.0,0.0
111,2018,0.0,1.0,1.0,1.0,1.0,1,0,0,0,0,0,0,1,1,0,TRAINING,,,
114,2018,0.0,1.0,1.0,1.0,1.0,0,1,0,0,0,0,0,1,1,0,TRAINING,,,
114,2016,0.0,0.2857142857142857,0.5555555555555556,0.0,0.3333333333333333,0,1,0,0,0,0,0,1,1,0,TRAINING,5.0,0.0,0.0
114,2012,0.0,0.5,0.3333333333333333,0.7142857142857143,0.6666666666666666,0,1,0,0,0,0,0,1,1,0,TRAINING,0.0,0.0,0.0
114,2014,0.0,0.8,0.3333333333333333,0.6,0.75,0,1,0,0,0,0,0,1,1,0,TRAINING,0.0,0.0,0.0
115,2012,0.0,0.16666666666666666,0.3333333333333333,0.7142857142857143,0.6666666666666666,0,1,0,0,0,0,0,1,1,0,TESTING,0.0,0.0,0.0
115,2014,0.0,0.8,0.3333333333333333,0.6,0.25,0,1,0,0,0,0,0,1,1,0,TESTING,1000.0,0.0,0.0
115,2016,0.0,0.2857142857142857,0.3333333333333333,0.0,0.0,0,1,0,0,0,0,0,1,1,0,TESTING,-1000.0,0.0,0.0
115,2018,0.0,1.0,1.0,1.0,1.0,0,1,0,0,0,0,0,1,1,0,TESTING,,,
116,2012,0.0,0.3333333333333333,0.3333333333333333,0.42857142857142855,0.6666666666666666,0,1,0,0,0,0,0,1,1,0,TESTING,0.0,0.0,0.0
116,2014,0.0,0.8,0.3333333333333333,0.4,0.25,0,1,0,0,0,0,0,1,1,0,TESTING,0.0,0.0,0.0
116,2016,0.0,0.2857142857142857,0.3333333333333333,0.0,0.0,0,1,0,0,0,0,0,1,1,0,TESTING,0.0,0.0,0.0
116,2018,0.0,1.0,1.0,1.0,1.0,0,1,0,0,0,0,0,1,1,0,TESTING,,,
120,2018,0.0,1.0,1.0,1.0,1.0,1,0,0,1,0,0,0,0,1,0,TRAINING,,,
120,2016,0.0,0.2857142857142857,0.2222222222222222,0.0,0.0,1,0,0,1,0,0,0,0,1,0,TRAINING,1500.0,0.0,0.0
120,2014,0.0,0.8,0.3333333333333333,0.4,0.25,1,0,0,1,0,0,0,0,1,0,TRAINING,2000.0,0.0,0.0
120,2012,0.0,0.16666666666666666,0.3333333333333333,0.5714285714285714,0.6666666666666666,1,0,0,1,0,0,0,0,1,0,TRAINING,0.0,0.0,0.0
121,2012,0.0,0.16666666666666666,0.3333333333333333,0.5714285714285714,0.6666666666666666,0,1,0,0,0,0,0,1,1,0,TESTING,0.0,0.0,0.0
121,2014,0.0,0.8,0.3333333333333333,0.4,0.25,0,1,0,0,0,0,0,1,1,0,TESTING,0.0,0.0,0.0
121,2016,0.0,0.2857142857142857,0.4444444444444444,0.0,0.0,0,1,0,0,0,0,0,1,1,0,TESTING,0.0,0.0,0.0
121,2018,0.0,1.0,1.0,1.0,1.0,0,1,0,0,0,0,0,1,1,0,TESTING,,,
122,2012,0.0,0.16666666666666666,0.3333333333333333,0.5714285714285714,0.6666666666666666,0,1,0,0,0,0,0,1,1,0,TESTING,0.0,0.0,0.0
122,2014,0.0,0.6,0.0,0.2,0.0,0,1,0,0,0,0,0,1,1,0,TESTING,0.0,0.0,0.0
122,2016,0.0,0.2857142857142857,0.3333333333333333,0.0,0.0,0,1,0,0,0,0,0,1,1,0,TESTING,0.0,0.0,0.0
122,2018,0.0,1.0,1.0,1.0,1.0,0,1,0,0,0,0,0,1,1,0,TESTING,,,
124,2016,0.0,0.42857142857142855,0.6666666666666666,0.0,0.3333333333333333,0,1,0,0,0,0,0,1,1,0,TESTING,0.0,0.0,0.0
124,2018,0.0,1.0,1.0,1.0,1.0,0,1,0,0,0,0,0,1,1,0,TESTING,,,
124,2012,0.0,0.6666666666666666,0.6666666666666666,0.7142857142857143,0.6666666666666666,0,1,0,0,0,0,0,1,1,0,TESTING,0.0,0.0,0.0
124,2014,0.0,0.8,0.3333333333333333,0.6,0.5,0,1,0,0,0,0,0,1,1,0,TESTING,0.0,0.0,0.0
125,2012,0.0,0.3333333333333333,0.3333333333333333,0.5714285714285714,0.6666666666666666,0,1,0,1,0,0,0,0,1,0,TESTING,0.0,0.0,0.0
125,2014,0.0,0.8,0.3333333333333333,0.4,0.25,0,1,0,1,0,0,0,0,1,0,TESTING,0.0,0.0,0.0
125,2016,0.0,0.42857142857142855,0.4444444444444444,0.0,0.0,0,1,0,1,0,0,0,0,1,0,TESTING,0.0,0.0,0.0
125,2018,0.0,1.0,1.0,1.0,1.0,0,1,0,1,0,0,0,0,1,0,TESTING,,,
126,2012,0.0,0.3333333333333333,0.0,0.7142857142857143,0.6666666666666666,1,0,0,0,0,0,0,1,1,0,TESTING,-250.0,0.0,0.0
126,2014,0.0,0.8,0.3333333333333333,0.4,0.25,1,0,0,0,0,0,0,1,1,0,TESTING,0.0,0.0,0.0
126,2016,0.0,0.2857142857142857,0.4444444444444444,0.0,0.3333333333333333,1,0,0,0,0,0,0,1,1,0,TESTING,650.0,0.0,0.0
126,2018,0.0,1.0,1.0,1.0,1.0,1,0,0,0,0,0,0,1,1,0,TESTING,,,
135,2018,0.0,1.0,1.0,1.0,1.0,1,0,0,0,0,0,0,1,1,0,TESTING,,,
135,2012,0.0,0.3333333333333333,0.0,0.5714285714285714,0.6666666666666666,1,0,0,0,0,0,0,1,1,0,TESTING,0.0,0.0,0.0
135,2014,0.0,0.8,0.3333333333333333,0.4,0.5,1,0,0,0,0,0,0,1,1,0,TESTING,0.0,0.0,0.0
135,2016,0.0,0.2857142857142857,0.3333333333333333,0.0,0.0,1,0,0,0,0,0,0,1,1,0,TESTING,0.0,0.0,0.0
137,2018,0.0,0.5,1.0,1.0,1.0,0,1,0,0,0,0,0,1,1,0,TRAINING,,,
137,2016,0.0,0.42857142857142855,0.6666666666666666,0.0,0.3333333333333333,0,1,0,0,0,0,0,1,1,0,TRAINING,0.0,0.0,0.0
137,2012,0.0,0.5,0.3333333333333333,0.7142857142857143,0.6666666666666666,0,1,0,0,0,0,0,1,1,0,TRAINING,0.0,0.0,0.0
137,2014,0.0,0.6,0.0,0.6,0.5,0,1,0,0,0,0,0,1,1,0,TRAINING,0.0,0.0,0.0
138,2012,0.0,0.5,0.3333333333333333,0.5714285714285714,0.6666666666666666,1,0,0,0,0,0,0,1,1,0,TESTING,0.0,0.0,0.0
138,2014,0.0,0.8,0.3333333333333333,0.4,0.5,1,0,0,0,0,0,0,1,1,0,TESTING,0.0,0.0,0.0
138,2016,0.0,0.42857142857142855,0.3333333333333333,0.0,0.0,1,0,0,0,0,0,0,1,1,0,TESTING,0.0,0.0,0.0
138,2018,0.0,1.0,1.0,1.0,1.0,1,0,0,0,0,0,0,1,1,0,TESTING,,,
139,2012,0.0,0.3333333333333333,0.3333333333333333,0.5714285714285714,0.6666666666666666,0,1,0,0,0,0,0,1,1,0,TRAINING,0.0,0.0,0.0
139,2014,0.0,0.8,0.3333333333333333,0.4,0.25,0,1,0,0,0,0,0,1,1,0,TRAINING,0.0,0.0,0.0
139,2016,0.0,0.2857142857142857,0.3333333333333333,0.0,0.0,0,1,0,0,0,0,0,1,1,0,TRAINING,0.0,50.0,50.0
139,2018,0.0,1.0,1.0,1.0,1.0,0,1,0,0,0,0,0,1,1,0,TRAINING,,,
140,2018,0.0,1.0,1.0,1.0,1.0,1,0,0,1,0,0,0,0,1,0,TRAINING,,,
140,2016,0.0,0.2857142857142857,0.4444444444444444,0.0,0.3333333333333333,1,0,0,1,0,0,0,0,1,0,TRAINING,0.0,0.0,0.0
140,2014,0.0,0.8,0.3333333333333333,0.4,0.25,1,0,0,1,0,0,0,0,1,0,TRAINING,0.0,0.0,0.0
140,2012,0.0,0.3333333333333333,0.3333333333333333,0.5714285714285714,0.6666666666666666,1,0,0,1,0,0,0,0,1,0,TRAINING,0.0,0.0,0.0
142,2012,0.0,0.3333333333333333,0.3333333333333333,0.2857142857142857,0.6666666666666666,1,0,1,0,0,0,0,0,1,0,TESTING,1000.0,0.0,0.0
142,2014,0.0,0.8,0.3333333333333333,0.4,0.25,1,0,1,0,0,0,0,0,1,0,TESTING,-1000.0,0.0,0.0
142,2016,0.0,0.2857142857142857,0.3333333333333333,0.0,0.0,1,0,1,0,0,0,0,0,1,0,TESTING,-1000.0,0.0,0.0
142,2018,0.0,1.0,1.0,1.0,1.0,1,0,1,0,0,0,0,0,1,0,TESTING,,,
143,2012,0.0,0.5,0.6666666666666666,0.5714285714285714,0.6666666666666666,0,1,0,0,1,0,0,0,1,0,TESTING,0.0,0.0,0.0
143,2014,0.0,0.8,0.3333333333333333,0.6,0.5,0,1,0,0,1,0,0,0,1,0,TESTING,-2000.0,0.0,0.0
143,2016,0.0,0.2857142857142857,0.3333333333333333,0.0,0.0,0,1,0,0,1,0,0,0,1,0,TESTING,5400.0,0.0,0.0
143,2018,0.0,1.0,1.0,1.0,0.6666666666666666,0,1,0,0,1,0,0,0,1,0,TESTING,,,
146,2016,0.0,0.42857142857142855,0.5555555555555556,0.0,0.3333333333333333,1,0,0,1,0,0,0,0,1,0,TESTING,0.0,0.0,0.0
146,2018,0.0,1.0,1.0,1.0,1.0,1,0,0,1,0,0,0,0,1,0,TESTING,,,
146,2012,0.0,0.5,0.6666666666666666,0.7142857142857143,0.6666666666666666,1,0,0,1,0,0,0,0,1,0,TESTING,0.0,0.0,0.0
146,2014,0.0,0.8,0.3333333333333333,0.6,0.75,1,0,0,1,0,0,0,0,1,0,TESTING,0.0,0.0,0.0
147,2018,0.0,1.0,1.0,1.0,0.6666666666666666,1,0,0,1,0,0,0,0,1,0,TESTING,,,
147,2016,0.0,0.2857142857142857,0.3333333333333333,0.0,0.0,1,0,0,1,0,0,0,0,1,0,TESTING,-1500.0,0.0,0.0
147,2014,0.0,0.8,0.3333333333333333,0.4,0.25,1,0,0,1,0,0,0,0,1,0,TESTING,-4050.0,0.0,0.0
147,2012,0.0,0.3333333333333333,0.3333333333333333,0.5714285714285714,0.3333333333333333,1,0,0,1,0,0,0,0,1,0,TESTING,6050.0,0.0,0.0
149,2012,0.0,0.5,0.3333333333333333,0.7142857142857143,0.6666666666666666,1,0,0,1,0,0,0,0,1,0,TRAINING,0.0,0.0,0.0
149,2014,0.0,0.8,0.3333333333333333,0.4,0.25,1,0,0,1,0,0,0,0,1,0,TRAINING,0.0,0.0,0.0
149,2016,0.0,0.2857142857142857,0.3333333333333333,0.0,0.0,1,0,0,1,0,0,0,0,1,0,TRAINING,0.0,0.0,0.0
149,2018,0.0,0.75,0.6666666666666666,1.0,0.6666666666666666,1,0,0,1,0,0,0,0,1,0,TRAINING,,,
151,2012,0.0,0.3333333333333333,0.3333333333333333,0.5714285714285714,1.0,0,1,0,1,0,0,0,0,1,0,TRAINING,1000.0,0.0,0.0
151,2014,0.0,0.8,0.3333333333333333,0.4,0.5,0,1,0,1,0,0,0,0,1,0,TRAINING,1500.0,0.0,0.0
151,2016,0.0,0.2857142857142857,0.5555555555555556,0.0,0.3333333333333333,0,1,0,1,0,0,0,0,1,0,TRAINING,7500.0,0.0,0.0
151,2018,0.0,1.0,1.0,1.0,1.0,0,1,0,1,0,0,0,0,1,0,TRAINING,,,
152,2014,0.0,0.8,0.3333333333333333,0.4,0.5,0,1,0,0,0,0,0,1,1,0,TRAINING,0.0,0.0,0.0
152,2012,0.0,0.5,0.6666666666666666,0.7142857142857143,0.6666666666666666,0,1,0,0,0,0,0,1,1,0,TRAINING,0.0,0.0,0.0
152,2016,0.0,0.2857142857142857,0.4444444444444444,0.0,0.0,0,1,0,0,0,0,0,1,1,0,TRAINING,0.0,0.0,0.0
152,2018,0.0,1.0,1.0,1.0,1.0,0,1,0,0,0,0,0,1,1,0,TRAINING,,,
153,2018,0.0,1.0,1.0,1.0,0.6666666666666666,0,1,0,0,0,0,0,1,1,0,TESTING,,,
153,2016,0.0,0.2857142857142857,0.3333333333333333,0.0,0.0,0,1,0,0,0,0,0,1,1,0,TESTING,1300.0,0.0,0.0
153,2012,0.0,0.3333333333333333,0.6666666666666666,0.7142857142857143,0.6666666666666666,0,1,0,0,0,0,0,1,1,0,TESTING,-1500.0,-500.0,-500.0
153,2014,0.0,0.8,0.3333333333333333,0.4,0.25,0,1,0,0,0,0,0,1,1,0,TESTING,750.0,0.0,0.0
155,2018,0.0,1.0,1.0,1.0,1.0,1,0,0,0,0,0,0,1,1,0,TRAINING,,,
155,2012,0.0,0.3333333333333333,0.3333333333333333,0.5714285714285714,0.6666666666666666,1,0,0,0,0,0,0,1,1,0,TRAINING,0.0,0.0,0.0
155,2014,0.0,0.8,0.3333333333333333,0.4,0.25,1,0,0,0,0,0,0,1,1,0,TRAINING,0.0,0.0,0.0
155,2016,0.0,0.14285714285714285,0.3333333333333333,0.0,0.0,1,0,0,0,0,0,0,1,1,0,TRAINING,0.0,0.0,0.0
157,2016,0.0,0.2857142857142857,0.4444444444444444,0.0,0.3333333333333333,1,0,0,0,0,0,0,1,1,0,TRAINING,-2500.0,0.0,0.0
157,2018,0.0,1.0,1.0,1.0,1.0,1,0,0,0,0,0,0,1,1,0,TRAINING,,,
157,2012,0.0,0.6666666666666666,0.3333333333333333,0.7142857142857143,0.6666666666666666,1,0,0,0,0,0,0,1,1,0,TRAINING,1500.0,0.0,0.0
157,2014,0.0,0.8,0.3333333333333333,0.6,0.5,1,0,0,0,0,0,0,1,1,0,TRAINING,1000.0,0.0,0.0
158,2018,0.0,1.0,0.6666666666666666,1.0,0.6666666666666666,0,1,0,1,0,0,0,0,1,0,TRAINING,,,
158,2016,0.0,0.42857142857142855,0.3333333333333333,0.0,0.0,0,1,0,1,0,0,0,0,1,0,TRAINING,0.0,0.0,0.0
158,2012,0.0,0.3333333333333333,0.3333333333333333,0.5714285714285714,0.6666666666666666,0,1,0,1,0,0,0,0,1,0,TRAINING,0.0,0.0,0.0
158,2014,0.0,0.6,0.6666666666666666,0.4,0.25,0,1,0,1,0,0,0,0,1,0,TRAINING,0.0,0.0,0.0
160,2012,0.0,0.3333333333333333,0.0,0.5714285714285714,0.6666666666666666,0,1,0,0,0,0,0,1,1,0,TRAINING,3700.0,0.0,0.0
160,2014,0.0,0.8,0.3333333333333333,0.4,0.25,0,1,0,0,0,0,0,1,1,0,TRAINING,-5200.0,0.0,0.0
160,2016,0.0,0.2857142857142857,0.3333333333333333,0.0,0.0,0,1,0,0,0,0,0,1,1,0,TRAINING,0.0,0.0,0.0
160,2018,0.0,1.0,1.0,1.0,1.0,0,1,0,0,0,0,0,1,1,0,TRAINING,,,
161,2018,0.0,1.0,1.0,1.0,1.0,0,1,1,0,0,0,0,0,1,0,TESTING,,,
161,2012,0.0,0.5,0.6666666666666666,0.7142857142857143,0.6666666666666666,0,1,1,0,0,0,0,0,1,0,TESTING,0.0,0.0,0.0
161,2014,0.0,0.8,0.3333333333333333,0.6,0.5,0,1,1,0,0,0,0,0,1,0,TESTING,4200.0,0.0,0.0
161,2016,0.0,0.42857142857142855,0.6666666666666666,0.0,0.3333333333333333,0,1,1,0,0,0,0,0,1,0,TESTING,-4200.0,1000.0,1000.0
162,2018,0.0,1.0,1.0,1.0,1.0,0,1,0,0,0,0,0,1,1,0,TRAINING,,,
162,2016,0.0,0.2857142857142857,0.3333333333333333,0.0,0.0,0,1,0,0,0,0,0,1,1,0,TRAINING,0.0,-45.0,-45.0
162,2014,0.0,0.8,0.3333333333333333,0.4,0.25,0,1,0,0,0,0,0,1,1,0,TRAINING,-1000.0,50.0,50.0
162,2012,0.0,0.5,0.0,0.7142857142857143,0.6666666666666666,0,1,0,0,0,0,0,1,1,0,TRAINING,1000.0,0.0,0.0
163,2018,0.0,1.0,1.0,1.0,1.0,1,0,0,0,0,0,0,1,1,0,TESTING,,,
163,2012,0.0,0.8333333333333334,0.6666666666666666,0.7142857142857143,0.6666666666666666,1,0,0,0,0,0,0,1,1,0,TESTING,1550.0,0.0,0.0
163,2014,0.0,0.8,0.3333333333333333,0.6,0.5,1,0,0,0,0,0,0,1,1,0,TESTING,725.0,0.0,0.0
163,2016,0.0,0.2857142857142857,0.4444444444444444,0.0,0.0,1,0,0,0,0,0,0,1,1,0,TESTING,2547.0,396.0,396.0
166,2014,0.0,0.8,0.3333333333333333,0.6,0.25,0,1,0,0,1,0,0,0,1,0,TESTING,-2500.0,0.0,0.0
166,2016,0.0,0.2857142857142857,0.5555555555555556,0.0,0.0,0,1,0,0,1,0,0,0,1,0,TESTING,-800.0,0.0,0.0
166,2012,0.0,0.6666666666666666,0.6666666666666666,0.7142857142857143,0.6666666666666666,0,1,0,0,1,0,0,0,1,0,TESTING,2350.0,0.0,0.0
166,2018,0.0,1.0,1.0,1.0,1.0,0,1,0,0,1,0,0,0,1,0,TESTING,,,
167,2018,0.0,1.0,1.0,1.0,1.0,0,1,1,0,0,0,0,0,1,0,TRAINING,,,
167,2016,0.0,0.2857142857142857,0.3333333333333333,0.0,0.0,0,1,1,0,0,0,0,0,1,0,TRAINING,0.0,0.0,0.0
167,2014,0.0,0.6,0.0,0.2,0.0,0,1,1,0,0,0,0,0,1,0,TRAINING,0.0,0.0,0.0
167,2012,0.0,0.3333333333333333,0.3333333333333333,0.5714285714285714,0.6666666666666666,0,1,1,0,0,0,0,0,1,0,TRAINING,-2500.0,0.0,0.0
168,2012,0.0,0.3333333333333333,0.3333333333333333,0.42857142857142855,0.6666666666666666,0,1,0,0,0,0,0,1,1,0,TESTING,-1000.0,0.0,0.0
168,2014,0.0,0.8,0.3333333333333333,0.4,0.5,0,1,0,0,0,0,0,1,1,0,TESTING,0.0,0.0,0.0
168,2016,0.0,0.2857142857142857,0.3333333333333333,0.0,0.0,0,1,0,0,0,0,0,1,1,0,TESTING,0.0,0.0,0.0
168,2018,0.0,1.0,1.0,1.0,1.0,0,1,0,0,0,0,0,1,1,0,TESTING,,,
169,2012,0.0,0.5,0.3333333333333333,0.7142857142857143,0.6666666666666666,0,1,0,0,1,0,0,0,1,0,TRAINING,0.0,0.0,0.0
169,2014,0.0,0.8,0.3333333333333333,0.4,0.5,0,1,0,0,1,0,0,0,1,0,TRAINING,0.0,0.0,0.0
169,2016,0.0,0.2857142857142857,0.4444444444444444,0.0,0.3333333333333333,0,1,0,0,1,0,0,0,1,0,TRAINING,0.0,0.0,0.0
169,2018,0.0,1.0,1.0,1.0,1.0,0,1,0,0,1,0,0,0,1,0,TRAINING,,,
170,2018,0.0,1.0,0.6666666666666666,1.0,0.6666666666666666,0,1,0,0,0,0,0,1,1,0,TESTING,,,
170,2016,0.0,0.5714285714285714,0.6666666666666666,0.25,0.3333333333333333,0,1,0,0,0,0,0,1,1,0,TESTING,-495.0,0.0,0.0
170,2014,0.0,0.8,0.3333333333333333,0.6,0.75,0,1,0,0,0,0,0,1,1,0,TESTING,-1100.0,0.0,0.0
170,2012,0.0,0.8333333333333334,0.6666666666666666,0.7142857142857143,0.6666666666666666,0,1,0,0,0,0,0,1,1,0,TESTING,4600.0,0.0,0.0
173,2012,0.0,0.3333333333333333,0.3333333333333333,0.5714285714285714,0.0,1,0,0,0,0,0,0,1,1,0,TRAINING,0.0,0.0,0.0
173,2014,0.0,0.8,0.3333333333333333,0.4,0.25,1,0,0,0,0,0,0,1,1,0,TRAINING,0.0,0.0,0.0
173,2016,0.0,0.0,0.0,0.0,0.0,1,0,0,0,0,0,0,1,1,0,TRAINING,0.0,0.0,0.0
173,2018,0.0,0.0,0.0,1.0,0.0,1,0,0,0,0,0,0,1,1,0,TRAINING,,,
175,2012,0.0,0.5,0.3333333333333333,0.5714285714285714,0.6666666666666666,1,0,0,0,0,1,0,0,1,0,TESTING,500.0,0.0,0.0
175,2014,0.0,0.8,0.3333333333333333,0.4,0.25,1,0,0,0,0,1,0,0,1,0,TESTING,-469.0,0.0,0.0
175,2016,0.0,0.2857142857142857,0.3333333333333333,0.0,0.0,1,0,0,0,0,1,0,0,1,0,TESTING,139.0,0.0,0.0
175,2018,0.0,0.5,0.6666666666666666,1.0,1.0,1,0,0,0,0,1,0,0,1,0,TESTING,,,
179,2016,0.0,0.2857142857142857,0.4444444444444444,0.0,0.3333333333333333,1,0,0,0,0,0,0,1,1,0,TESTING,15.0,404.0,404.0
179,2018,0.0,1.0,1.0,1.0,1.0,1,0,0,0,0,0,0,1,1,0,TESTING,,,
179,2012,0.0,0.8333333333333334,0.6666666666666666,0.7142857142857143,0.6666666666666666,1,0,0,0,0,0,0,1,1,0,TESTING,0.0,0.0,0.0
179,2014,0.0,0.8,0.3333333333333333,0.6,0.75,1,0,0,0,0,0,0,1,1,0,TESTING,0.0,0.0,0.0
180,2012,0.0,0.3333333333333333,0.3333333333333333,0.5714285714285714,0.6666666666666666,0,1,0,0,0,0,0,1,1,0,TRAINING,0.0,0.0,0.0
180,2014,0.0,0.6,0.0,0.2,0.0,0,1,0,0,0,0,0,1,1,0,TRAINING,0.0,0.0,0.0
180,2016,0.0,0.42857142857142855,0.3333333333333333,0.25,0.0,0,1,0,0,0,0,0,1,1,0,TRAINING,0.0,0.0,0.0
180,2018,0.0,1.0,1.0,1.0,1.0,0,1,0,0,0,0,0,1,1,0,TRAINING,,,
183,2012,0.0,0.5,0.6666666666666666,0.7142857142857143,0.6666666666666666,1,0,0,0,0,0,0,1,1,0,TESTING,1000.0,1000.0,1000.0
183,2014,0.0,0.8,0.3333333333333333,0.4,0.5,1,0,0,0,0,0,0,1,1,0,TESTING,0.0,-1000.0,-1000.0
183,2016,0.0,0.42857142857142855,0.5555555555555556,0.0,0.3333333333333333,1,0,0,0,0,0,0,1,1,0,TESTING,-975.0,396.0,396.0
183,2018,0.0,1.0,1.0,1.0,1.0,1,0,0,0,0,0,0,1,1,0,TESTING,,,
186,2016,0.0,0.14285714285714285,0.4444444444444444,0.0,0.0,1,0,1,0,0,0,0,0,1,0,TRAINING,0.0,0.0,0.0
186,2018,0.0,0.75,1.0,1.0,1.0,1,0,1,0,0,0,0,0,1,0,TRAINING,,,
186,2012,0.0,0.3333333333333333,0.3333333333333333,0.5714285714285714,0.6666666666666666,1,0,1,0,0,0,0,0,1,0,TRAINING,0.0,-500.0,-500.0
186,2014,0.0,0.8,0.3333333333333333,0.4,0.25,1,0,1,0,0,0,0,0,1,0,TRAINING,0.0,0.0,0.0
187,2012,0.0,0.3333333333333333,0.3333333333333333,0.5714285714285714,0.6666666666666666,0,1,0,1,0,0,0,0,1,0,TESTING,-250.0,-2000.0,-2000.0
187,2014,0.0,0.8,0.3333333333333333,0.4,0.25,0,1,0,1,0,0,0,0,1,0,TESTING,250.0,0.0,0.0
187,2016,0.0,0.2857142857142857,0.2222222222222222,0.0,0.0,0,1,0,1,0,0,0,0,1,0,TESTING,750.0,0.0,0.0
187,2018,0.0,1.0,0.6666666666666666,1.0,0.6666666666666666,0,1,0,1,0,0,0,0,1,0,TESTING,,,
188,2012,0.0,0.6666666666666666,0.6666666666666666,0.7142857142857143,0.6666666666666666,0,1,0,0,0,0,0,1,1,0,TRAINING,5200.0,1250.0,1250.0
188,2014,0.0,0.8,0.3333333333333333,0.6,0.75,0,1,0,0,0,0,0,1,1,0,TRAINING,1200.0,19600.0,19600.0
188,2016,0.0,0.42857142857142855,0.6666666666666666,0.0,0.3333333333333333,0,1,0,0,0,0,0,1,1,0,TRAINING,-965.0,-5100.0,-5100.0
188,2018,0.0,1.0,1.0,1.0,1.0,0,1,0,0,0,0,0,1,1,0,TRAINING,,,
189,2018,0.0,1.0,1.0,1.0,1.0,1,0,0,1,0,0,0,0,1,0,TESTING,,,
189,2012,0.0,0.5,0.3333333333333333,0.5714285714285714,0.6666666666666666,1,0,0,1,0,0,0,0,1,0,TESTING,-1000.0,0.0,0.0
189,2014,0.0,0.8,0.3333333333333333,0.4,0.25,1,0,0,1,0,0,0,0,1,0,TESTING,2700.0,0.0,0.0
189,2016,0.0,0.14285714285714285,0.6666666666666666,0.0,0.0,1,0,0,1,0,0,0,0,1,0,TESTING,-2700.0,0.0,0.0
192,2016,0.0,0.2857142857142857,0.3333333333333333,0.0,0.0,0,1,0,0,1,0,0,0,1,0,TESTING,0.0,0.0,0.0
192,2018,0.0,1.0,1.0,1.0,1.0,0,1,0,0,1,0,0,0,1,0,TESTING,,,
192,2012,0.0,0.5,0.3333333333333333,0.5714285714285714,0.6666666666666666,0,1,0,0,1,0,0,0,1,0,TESTING,-500.0,0.0,0.0
192,2014,0.0,0.8,0.3333333333333333,0.6,0.25,0,1,0,0,1,0,0,0,1,0,TESTING,0.0,0.0,0.0
194,2016,0.0,0.42857142857142855,0.6666666666666666,0.0,0.3333333333333333,0,1,0,1,0,0,0,0,1,0,TRAINING,0.0,0.0,0.0
194,2018,0.0,1.0,1.0,1.0,1.0,0,1,0,1,0,0,0,0,1,0,TRAINING,,,
194,2012,0.0,0.5,0.3333333333333333,0.7142857142857143,0.6666666666666666,0,1,0,1,0,0,0,0,1,0,TRAINING,0.0,0.0,0.0
194,2014,0.0,0.8,0.3333333333333333,0.4,0.75,0,1,0,1,0,0,0,0,1,0,TRAINING,0.0,0.0,0.0
195,2016,0.0,0.42857142857142855,0.6666666666666666,0.0,0.3333333333333333,0,1,0,0,1,0,0,0,1,0,TESTING,0.0,0.0,0.0
195,2018,0.0,1.0,1.0,1.0,1.0,0,1,0,0,1,0,0,0,1,0,TESTING,,,
195,2012,0.0,0.5,0.3333333333333333,0.7142857142857143,0.6666666666666666,0,1,0,0,1,0,0,0,1,0,TESTING,0.0,0.0,0.0
195,2014,0.0,0.8,0.3333333333333333,0.4,0.5,0,1,0,0,1,0,0,0,1,0,TESTING,0.0,0.0,0.0
196,2012,0.0,0.6666666666666666,0.3333333333333333,0.7142857142857143,0.6666666666666666,0,1,0,0,0,0,0,1,1,0,TRAINING,0.0,0.0,0.0
196,2014,0.0,0.8,0.3333333333333333,0.6,0.5,0,1,0,0,0,0,0,1,1,0,TRAINING,1000.0,0.0,0.0
196,2016,0.0,0.2857142857142857,0.5555555555555556,0.0,0.3333333333333333,0,1,0,0,0,0,0,1,1,0,TRAINING,-500.0,0.0,0.0
196,2018,0.0,1.0,1.0,1.0,1.0,0,1,0,0,0,0,0,1,1,0,TRAINING,,,
198,2012,0.0,0.3333333333333333,0.3333333333333333,0.5714285714285714,0.6666666666666666,0,1,0,0,0,0,0,1,1,0,TRAINING,-2500.0,0.0,0.0
198,2014,0.0,0.6,0.0,0.2,0.0,0,1,0,0,0,0,0,1,1,0,TRAINING,0.0,0.0,0.0
198,2016,0.0,0.42857142857142855,0.3333333333333333,0.25,0.0,0,1,0,0,0,0,0,1,1,0,TRAINING,0.0,0.0,0.0
198,2018,0.0,1.0,1.0,1.0,1.0,0,1,0,0,0,0,0,1,1,0,TRAINING,,,
199,2012,0.0,0.3333333333333333,0.3333333333333333,0.5714285714285714,0.6666666666666666,1,0,0,1,0,0,0,0,1,0,TESTING,0.0,0.0,0.0
199,2014,0.0,0.8,0.3333333333333333,0.4,0.25,1,0,0,1,0,0,0,0,1,0,TESTING,0.0,0.0,0.0
199,2016,0.0,0.2857142857142857,0.3333333333333333,0.0,0.0,1,0,0,1,0,0,0,0,1,0,TESTING,0.0,0.0,0.0
199,2018,0.0,1.0,1.0,1.0,1.0,1,0,0,1,0,0,0,0,1,0,TESTING,,,
200,2018,0.0,0.5,0.3333333333333333,1.0,0.3333333333333333,0,1,0,0,0,0,0,1,0,1,TRAINING,,,
200,2016,0.0,0.8571428571428571,0.7777777777777778,1.0,1.0,0,1,0,0,0,0,0,1,0,1,TRAINING,0.0,0.0,0.0
200,2012,0.0,1.0,1.0,0.5714285714285714,1.0,0,1,0,0,0,0,0,1,0,1,TRAINING,0.0,0.0,0.0
200,2014,0.0,1.0,0.6666666666666666,0.8,1.0,0,1,0,0,0,0,0,1,0,1,TRAINING,0.0,0.0,0.0
204,2012,0.0,0.8333333333333334,0.6666666666666666,0.7142857142857143,0.6666666666666666,0,1,0,0,0,0,0,1,0,1,TESTING,0.0,0.0,0.0
204,2014,0.0,0.8,0.6666666666666666,0.8,1.0,0,1,0,0,0,0,0,1,0,1,TESTING,0.0,0.0,0.0
204,2016,0.0,0.7142857142857143,0.8888888888888888,1.0,1.0,0,1,0,0,0,0,0,1,0,1,TESTING,0.0,0.0,0.0
204,2018,0.0,0.25,0.3333333333333333,1.0,0.3333333333333333,0,1,0,0,0,0,0,1,0,1,TESTING,,,
207,2018,0.0,0.25,0.3333333333333333,1.0,0.3333333333333333,0,1,0,0,0,0,0,1,0,1,TESTING,,,
207,2012,0.0,0.8333333333333334,0.6666666666666666,0.7142857142857143,0.3333333333333333,0,1,0,0,0,0,0,1,0,1,TESTING,0.0,0.0,0.0
207,2014,0.0,1.0,0.6666666666666666,0.8,1.0,0,1,0,0,0,0,0,1,0,1,TESTING,6000.0,0.0,0.0
207,2016,0.0,0.8571428571428571,0.8888888888888888,1.0,1.0,0,1,0,0,0,0,0,1,0,1,TESTING,-1000.0,0.0,0.0
208,2018,0.0,0.25,0.3333333333333333,1.0,0.3333333333333333,0,1,0,0,0,0,0,1,0,1,TESTING,,,
208,2016,0.0,0.8571428571428571,0.8888888888888888,1.0,1.0,0,1,0,0,0,0,0,1,0,1,TESTING,-1000.0,0.0,0.0
208,2012,0.0,0.8333333333333334,0.3333333333333333,0.7142857142857143,0.6666666666666666,0,1,0,0,0,0,0,1,0,1,TESTING,0.0,0.0,0.0
208,2014,0.0,0.6,0.6666666666666666,0.8,1.0,0,1,0,0,0,0,0,1,0,1,TESTING,1000.0,0.0,0.0
209,2012,0.0,0.8333333333333334,0.6666666666666666,0.7142857142857143,0.6666666666666666,0,1,0,0,0,0,0,1,0,1,TRAINING,0.0,0.0,0.0
209,2014,0.0,1.0,0.6666666666666666,0.8,1.0,0,1,0,0,0,0,0,1,0,1,TRAINING,0.0,0.0,0.0
209,2016,0.0,0.8571428571428571,0.8888888888888888,1.0,1.0,0,1,0,0,0,0,0,1,0,1,TRAINING,0.0,0.0,0.0
209,2018,0.0,0.5,0.3333333333333333,1.0,0.3333333333333333,0,1,0,0,0,0,0,1,0,1,TRAINING,,,
213,2012,0.0,0.8333333333333334,0.6666666666666666,0.7142857142857143,0.3333333333333333,0,1,0,0,0,0,0,1,0,1,TRAINING,0.0,0.0,0.0
213,2014,0.0,0.0,0.6666666666666666,0.0,1.0,0,1,0,0,0,0,0,1,0,1,TRAINING,0.0,0.0,0.0
213,2016,0.0,0.8571428571428571,0.8888888888888888,1.0,1.0,0,1,0,0,0,0,0,1,0,1,TRAINING,0.0,0.0,0.0
213,2018,0.0,0.0,0.3333333333333333,1.0,0.3333333333333333,0,1,0,0,0,0,0,1,0,1,TRAINING,,,
214,2018,0.0,0.5,0.3333333333333333,1.0,0.3333333333333333,0,1,0,0,0,0,0,1,0,1,TRAINING,,,
214,2016,0.0,0.8571428571428571,0.8888888888888888,1.0,1.0,0,1,0,0,0,0,0,1,0,1,TRAINING,-1000.0,0.0,0.0
214,2014,0.0,0.8,0.6666666666666666,0.8,1.0,0,1,0,0,0,0,0,1,0,1,TRAINING,0.0,0.0,0.0
214,2012,0.0,0.8333333333333334,0.6666666666666666,0.7142857142857143,0.6666666666666666,0,1,0,0,0,0,0,1,0,1,TRAINING,0.0,0.0,0.0
216,2012,0.0,0.8333333333333334,0.6666666666666666,0.7142857142857143,0.6666666666666666,0,1,0,0,0,0,1,0,0,1,TESTING,0.0,0.0,0.0
216,2014,0.0,1.0,0.6666666666666666,0.8,1.0,0,1,0,0,0,0,1,0,0,1,TESTING,0.0,0.0,0.0
216,2016,0.0,0.8571428571428571,0.7777777777777778,1.0,1.0,0,1,0,0,0,0,1,0,0,1,TESTING,0.0,0.0,0.0
216,2018,0.0,0.5,0.3333333333333333,1.0,0.3333333333333333,0,1,0,0,0,0,1,0,0,1,TESTING,,,
219,2012,0.0,0.8333333333333334,0.6666666666666666,0.7142857142857143,0.6666666666666666,0,1,0,0,1,0,0,0,0,1,TESTING,0.0,0.0,0.0
219,2014,0.0,1.0,0.6666666666666666,0.8,1.0,0,1,0,0,1,0,0,0,0,1,TESTING,0.0,0.0,0.0
219,2016,0.0,0.5714285714285714,0.7777777777777778,0.75,1.0,0,1,0,0,1,0,0,0,0,1,TESTING,0.0,0.0,0.0
219,2018,0.0,0.5,0.3333333333333333,1.0,0.3333333333333333,0,1,0,0,1,0,0,0,0,1,TESTING,,,
228,2016,0.0,0.8571428571428571,0.8888888888888888,1.0,1.0,1,0,0,0,0,0,0,1,0,1,TESTING,0.0,0.0,0.0
228,2018,0.0,0.5,0.3333333333333333,1.0,0.3333333333333333,1,0,0,0,0,0,0,1,0,1,TESTING,,,
228,2012,0.0,0.6666666666666666,0.6666666666666666,0.5714285714285714,0.3333333333333333,1,0,0,0,0,0,0,1,0,1,TESTING,0.0,0.0,0.0
228,2014,0.0,0.8,0.6666666666666666,1.0,0.75,1,0,0,0,0,0,0,1,0,1,TESTING,0.0,0.0,0.0
229,2018,0.0,0.5,0.3333333333333333,1.0,0.3333333333333333,0,1,0,0,0,0,0,1,0,1,TRAINING,,,
229,2016,0.0,0.7142857142857143,0.8888888888888888,0.75,1.0,0,1,0,0,0,0,0,1,0,1,TRAINING,0.0,0.0,0.0
229,2014,0.0,0.8,0.6666666666666666,0.8,1.0,0,1,0,0,0,0,0,1,0,1,TRAINING,0.0,0.0,0.0
229,2012,0.0,0.8333333333333334,0.3333333333333333,0.7142857142857143,1.0,0,1,0,0,0,0,0,1,0,1,TRAINING,0.0,0.0,0.0
235,2012,0.0,0.5,0.3333333333333333,0.42857142857142855,0.3333333333333333,0,1,0,0,0,0,0,1,0,1,TESTING,0.0,0.0,0.0
235,2014,0.0,0.2,0.0,0.0,0.5,0,1,0,0,0,0,0,1,0,1,TESTING,0.0,0.0,0.0
235,2016,0.0,0.2857142857142857,0.0,0.0,0.0,0,1,0,0,0,0,0,1,0,1,TESTING,0.0,0.0,0.0
235,2018,0.0,0.0,0.0,1.0,0.0,0,1,0,0,0,0,0,1,0,1,TESTING,,,
236,2012,0.0,0.8333333333333334,0.6666666666666666,0.7142857142857143,0.6666666666666666,0,1,0,0,0,0,0,1,0,1,TRAINING,0.0,0.0,0.0
236,2014,0.0,1.0,0.6666666666666666,0.8,1.0,0,1,0,0,0,0,0,1,0,1,TRAINING,0.0,0.0,0.0
236,2016,0.0,0.2857142857142857,1.0,0.75,1.0,0,1,0,0,0,0,0,1,0,1,TRAINING,0.0,0.0,0.0
236,2018,0.0,0.75,0.6666666666666666,1.0,0.6666666666666666,0,1,0,0,0,0,0,1,0,1,TRAINING,,,
237,2016,0.0,0.8571428571428571,0.8888888888888888,1.0,1.0,0,1,0,0,0,0,0,1,0,1,TRAINING,0.0,0.0,0.0
237,2018,0.0,0.25,0.3333333333333333,1.0,0.3333333333333333,0,1,0,0,0,0,0,1,0,1,TRAINING,,,
237,2012,0.0,0.8333333333333334,0.6666666666666666,0.7142857142857143,0.6666666666666666,0,1,0,0,0,0,0,1,0,1,TRAINING,0.0,0.0,0.0
237,2014,0.0,0.6,0.3333333333333333,0.6,0.75,0,1,0,0,0,0,0,1,0,1,TRAINING,0.0,0.0,0.0
242,2012,0.0,0.8333333333333334,0.6666666666666666,0.7142857142857143,0.6666666666666666,0,1,0,0,0,0,0,1,0,1,TESTING,0.0,0.0,0.0
242,2014,0.0,1.0,0.6666666666666666,0.8,1.0,0,1,0,0,0,0,0,1,0,1,TESTING,0.0,0.0,0.0
242,2016,0.0,0.7142857142857143,0.8888888888888888,1.0,1.0,0,1,0,0,0,0,0,1,0,1,TESTING,0.0,0.0,0.0
242,2018,0.0,0.5,0.3333333333333333,1.0,0.3333333333333333,0,1,0,0,0,0,0,1,0,1,TESTING,,,
249,2012,0.0,0.8333333333333334,0.6666666666666666,0.7142857142857143,0.6666666666666666,0,1,0,0,0,0,0,1,0,1,TESTING,1000.0,0.0,0.0
249,2014,0.0,1.0,0.6666666666666666,0.8,1.0,0,1,0,0,0,0,0,1,0,1,TESTING,0.0,0.0,0.0
249,2016,0.0,0.8571428571428571,0.8888888888888888,1.0,1.0,0,1,0,0,0,0,0,1,0,1,TESTING,1601.0,0.0,0.0
249,2018,0.0,0.5,0.3333333333333333,1.0,0.3333333333333333,0,1,0,0,0,0,0,1,0,1,TESTING,,,
254,2012,0.0,0.8333333333333334,0.3333333333333333,0.7142857142857143,0.6666666666666666,0,1,0,0,0,0,0,1,0,1,TRAINING,-1500.0,0.0,0.0
254,2014,0.0,0.8,0.3333333333333333,0.6,0.75,0,1,0,0,0,0,0,1,0,1,TRAINING,-1000.0,0.0,0.0
254,2016,0.0,0.8571428571428571,0.8888888888888888,1.0,1.0,0,1,0,0,0,0,0,1,0,1,TRAINING,0.0,0.0,0.0
254,2018,0.0,0.5,0.3333333333333333,1.0,0.3333333333333333,0,1,0,0,0,0,0,1,0,1,TRAINING,,,
255,2016,0.0,0.0,0.0,0.0,0.0,0,1,0,0,0,0,0,1,0,1,TESTING,0.0,0.0,0.0
255,2018,0.0,0.0,0.0,1.0,0.0,0,1,0,0,0,0,0,1,0,1,TESTING,,,
255,2014,0.0,0.0,0.0,0.0,0.0,0,1,0,0,0,0,0,1,0,1,TESTING,-1000.0,0.0,0.0
255,2012,0.0,0.8333333333333334,0.6666666666666666,0.7142857142857143,0.6666666666666666,0,1,0,0,0,0,0,1,0,1,TESTING,-1500.0,0.0,0.0
260,2012,0.0,0.6666666666666666,0.3333333333333333,0.5714285714285714,0.6666666666666666,0,1,0,0,0,0,0,1,0,1,TRAINING,0.0,0.0,0.0
260,2014,0.0,0.6,0.6666666666666666,0.6,1.0,0,1,0,0,0,0,0,1,0,1,TRAINING,0.0,0.0,0.0
260,2016,0.0,0.7142857142857143,0.7777777777777778,0.75,0.6666666666666666,0,1,0,0,0,0,0,1,0,1,TRAINING,0.0,0.0,0.0
260,2018,0.0,0.0,0.3333333333333333,1.0,0.3333333333333333,0,1,0,0,0,0,0,1,0,1,TRAINING,,,
262,2018,0.0,0.5,0.3333333333333333,1.0,0.3333333333333333,0,1,0,0,0,0,0,1,0,1,TESTING,,,
262,2012,0.0,0.8333333333333334,0.6666666666666666,0.7142857142857143,0.6666666666666666,0,1,0,0,0,0,0,1,0,1,TESTING,-1500.0,0.0,0.0
262,2014,0.0,1.0,0.6666666666666666,0.8,1.0,0,1,0,0,0,0,0,1,0,1,TESTING,2000.0,0.0,0.0
262,2016,0.0,0.7142857142857143,0.7777777777777778,1.0,1.0,0,1,0,0,0,0,0,1,0,1,TESTING,-3000.0,0.0,0.0
263,2018,0.0,0.5,0.6666666666666666,1.0,0.6666666666666666,0,1,0,0,0,0,0,1,0,1,TESTING,,,
263,2016,0.0,0.7142857142857143,0.6666666666666666,1.0,1.0,0,1,0,0,0,0,0,1,0,1,TESTING,0.0,0.0,0.0
263,2014,0.0,1.0,0.3333333333333333,0.8,1.0,0,1,0,0,0,0,0,1,0,1,TESTING,0.0,0.0,0.0
263,2012,0.0,0.8333333333333334,0.6666666666666666,0.7142857142857143,0.6666666666666666,0,1,0,0,0,0,0,1,0,1,TESTING,0.0,0.0,0.0
267,2018,0.0,0.5,0.3333333333333333,1.0,0.3333333333333333,0,1,0,0,0,0,0,1,0,1,TESTING,,,
267,2012,0.0,0.8333333333333334,0.6666666666666666,0.7142857142857143,0.3333333333333333,0,1,0,0,0,0,0,1,0,1,TESTING,0.0,0.0,0.0
267,2014,0.0,1.0,0.6666666666666666,0.8,1.0,0,1,0,0,0,0,0,1,0,1,TESTING,0.0,0.0,0.0
267,2016,0.0,0.8571428571428571,0.8888888888888888,1.0,1.0,0,1,0,0,0,0,0,1,0,1,TESTING,0.0,0.0,0.0
270,2016,0.0,0.7142857142857143,1.0,1.0,1.0,0,1,0,0,0,0,0,1,0,1,TRAINING,0.0,0.0,0.0
270,2018,0.0,0.5,1.0,1.0,1.0,0,1,0,0,0,0,0,1,0,1,TRAINING,,,
270,2012,0.0,0.8333333333333334,0.6666666666666666,0.7142857142857143,0.6666666666666666,0,1,0,0,0,0,0,1,0,1,TRAINING,-3000.0,0.0,0.0
270,2014,0.0,1.0,0.6666666666666666,0.8,1.0,0,1,0,0,0,0,0,1,0,1,TRAINING,-2000.0,0.0,0.0
271,2016,0.0,0.7142857142857143,1.0,1.0,1.0,0,1,0,0,0,0,0,1,0,1,TRAINING,1000.0,0.0,0.0
271,2018,0.0,0.5,1.0,1.0,1.0,0,1,0,0,0,0,0,1,0,1,TRAINING,,,
271,2012,0.0,0.8333333333333334,0.6666666666666666,0.7142857142857143,0.6666666666666666,0,1,0,0,0,0,0,1,0,1,TRAINING,-1000.0,0.0,0.0
271,2014,0.0,1.0,0.6666666666666666,0.8,1.0,0,1,0,0,0,0,0,1,0,1,TRAINING,6000.0,0.0,0.0
273,2018,0.0,0.25,0.3333333333333333,1.0,0.3333333333333333,0,1,0,0,0,0,0,1,0,1,TRAINING,,,
273,2016,0.0,0.8571428571428571,0.7777777777777778,1.0,1.0,0,1,0,0,0,0,0,1,0,1,TRAINING,0.0,0.0,0.0
273,2014,0.0,0.8,0.6666666666666666,0.8,1.0,0,1,0,0,0,0,0,1,0,1,TRAINING,0.0,0.0,0.0
273,2012,0.0,0.8333333333333334,0.6666666666666666,0.7142857142857143,0.6666666666666666,0,1,0,0,0,0,0,1,0,1,TRAINING,0.0,0.0,0.0
276,2012,0.0,0.8333333333333334,0.6666666666666666,0.7142857142857143,0.3333333333333333,0,1,0,0,0,0,0,1,0,1,TRAINING,0.0,0.0,0.0
276,2014,0.0,0.0,0.6666666666666666,0.0,1.0,0,1,0,0,0,0,0,1,0,1,TRAINING,0.0,0.0,0.0
276,2016,0.0,0.7142857142857143,0.8888888888888888,1.0,1.0,0,1,0,0,0,0,0,1,0,1,TRAINING,0.0,0.0,0.0
276,2018,0.0,0.5,0.3333333333333333,1.0,0.3333333333333333,0,1,0,0,0,0,0,1,0,1,TRAINING,,,
283,2012,0.0,0.8333333333333334,0.6666666666666666,0.7142857142857143,0.6666666666666666,0,1,0,0,0,0,0,1,0,1,TESTING,0.0,0.0,0.0
283,2014,0.0,0.8,0.3333333333333333,0.6,0.75,0,1,0,0,0,0,0,1,0,1,TESTING,0.0,0.0,0.0
283,2016,0.0,0.8571428571428571,0.8888888888888888,1.0,1.0,0,1,0,0,0,0,0,1,0,1,TESTING,0.0,0.0,0.0
283,2018,0.0,0.5,0.3333333333333333,1.0,0.3333333333333333,0,1,0,0,0,0,0,1,0,1,TESTING,,,
284,2016,0.0,0.7142857142857143,0.8888888888888888,1.0,1.0,1,0,0,0,0,0,0,1,0,1,TESTING,0.0,0.0,0.0
284,2018,0.0,0.25,0.3333333333333333,1.0,0.3333333333333333,1,0,0,0,0,0,0,1,0,1,TESTING,,,
284,2012,0.0,0.8333333333333334,0.6666666666666666,0.7142857142857143,0.6666666666666666,1,0,0,0,0,0,0,1,0,1,TESTING,0.0,0.0,0.0
284,2014,0.0,0.6,0.6666666666666666,0.8,1.0,1,0,0,0,0,0,0,1,0,1,TESTING,0.0,0.0,0.0
285,2012,0.0,0.8333333333333334,0.6666666666666666,0.7142857142857143,0.6666666666666666,0,1,0,0,0,0,0,1,0,1,TRAINING,0.0,0.0,0.0
285,2014,0.0,0.8,0.6666666666666666,0.8,1.0,0,1,0,0,0,0,0,1,0,1,TRAINING,0.0,0.0,0.0
285,2016,0.0,0.8571428571428571,0.8888888888888888,1.0,1.0,0,1,0,0,0,0,0,1,0,1,TRAINING,0.0,0.0,0.0
285,2018,0.0,0.75,0.3333333333333333,1.0,0.3333333333333333,0,1,0,0,0,0,0,1,0,1,TRAINING,,,
288,2012,0.0,0.6666666666666666,0.3333333333333333,0.7142857142857143,0.3333333333333333,0,1,0,0,0,0,0,1,0,1,TESTING,0.0,0.0,0.0
288,2014,0.0,0.4,0.3333333333333333,0.6,0.75,0,1,0,0,0,0,0,1,0,1,TESTING,0.0,0.0,0.0
288,2016,0.0,0.7142857142857143,0.8888888888888888,1.0,1.0,0,1,0,0,0,0,0,1,0,1,TESTING,0.0,0.0,0.0
288,2018,0.0,0.0,0.3333333333333333,1.0,0.3333333333333333,0,1,0,0,0,0,0,1,0,1,TESTING,,,
290,2012,0.0,0.8333333333333334,0.6666666666666666,0.7142857142857143,0.6666666666666666,0,1,0,0,0,0,0,1,0,1,TESTING,0.0,0.0,0.0
290,2014,0.0,0.8,0.6666666666666666,0.8,1.0,0,1,0,0,0,0,0,1,0,1,TESTING,0.0,0.0,0.0
290,2016,0.0,0.8571428571428571,0.8888888888888888,1.0,1.0,0,1,0,0,0,0,0,1,0,1,TESTING,0.0,0.0,0.0
290,2018,0.0,0.5,0.3333333333333333,1.0,0.3333333333333333,0,1,0,0,0,0,0,1,0,1,TESTING,,,
292,2018,0.0,0.25,0.3333333333333333,1.0,0.3333333333333333,0,1,0,0,0,0,0,1,0,1,TRAINING,,,
292,2016,0.0,0.8571428571428571,0.8888888888888888,1.0,1.0,0,1,0,0,0,0,0,1,0,1,TRAINING,0.0,0.0,0.0
292,2014,0.0,0.6,0.3333333333333333,0.8,1.0,0,1,0,0,0,0,0,1,0,1,TRAINING,0.0,0.0,0.0
292,2012,0.0,0.8333333333333334,0.0,0.7142857142857143,0.3333333333333333,0,1,0,0,0,0,0,1,0,1,TRAINING,0.0,0.0,0.0
298,2012,0.0,0.8333333333333334,0.6666666666666666,0.7142857142857143,0.6666666666666666,0,1,0,0,0,0,0,1,0,1,TRAINING,1000.0,0.0,0.0
298,2014,0.0,0.8,0.6666666666666666,0.8,1.0,0,1,0,0,0,0,0,1,0,1,TRAINING,-3250.0,0.0,0.0
298,2016,0.0,0.8571428571428571,0.8888888888888888,1.0,1.0,0,1,0,0,0,0,0,1,0,1,TRAINING,11250.0,0.0,0.0
298,2018,0.0,0.5,0.3333333333333333,1.0,0.3333333333333333,0,1,0,0,0,0,0,1,0,1,TRAINING,,,
299,2012,0.0,0.8333333333333334,0.3333333333333333,0.7142857142857143,0.6666666666666666,0,1,0,0,0,0,0,1,0,1,TESTING,0.0,0.0,0.0
299,2014,0.0,0.4,0.3333333333333333,0.4,0.75,0,1,0,0,0,0,0,1,0,1,TESTING,0.0,0.0,0.0
299,2016,0.0,0.8571428571428571,0.8888888888888888,1.0,1.0,0,1,0,0,0,0,0,1,0,1,TESTING,0.0,0.0,0.0
299,2018,0.0,0.25,0.3333333333333333,1.0,0.3333333333333333,0,1,0,0,0,0,0,1,0,1,TESTING,,,
300,2012,0.0,0.8333333333333334,0.6666666666666666,0.7142857142857143,0.3333333333333333,0,1,0,0,0,0,0,1,0,1,TRAINING,0.0,0.0,0.0
300,2014,0.0,1.0,0.6666666666666666,0.8,1.0,0,1,0,0,0,0,0,1,0,1,TRAINING,0.0,0.0,0.0
300,2016,0.0,0.8571428571428571,0.7777777777777778,1.0,0.6666666666666666,0,1,0,0,0,0,0,1,0,1,TRAINING,0.0,0.0,0.0
300,2018,0.0,0.5,0.3333333333333333,1.0,0.3333333333333333,0,1,0,0,0,0,0,1,0,1,TRAINING,,,
302,2018,0.0,0.5,0.3333333333333333,1.0,0.3333333333333333,0,1,0,0,0,0,0,1,0,1,TRAINING,,,
302,2016,0.0,0.8571428571428571,0.8888888888888888,1.0,1.0,0,1,0,0,0,0,0,1,0,1,TRAINING,0.0,0.0,0.0
302,2012,0.0,0.8333333333333334,0.6666666666666666,0.7142857142857143,0.6666666666666666,0,1,0,0,0,0,0,1,0,1,TRAINING,0.0,0.0,0.0
302,2014,0.0,0.8,0.6666666666666666,0.8,1.0,0,1,0,0,0,0,0,1,0,1,TRAINING,0.0,0.0,0.0
304,2012,0.0,0.6666666666666666,0.6666666666666666,0.7142857142857143,0.6666666666666666,0,1,0,0,0,0,0,1,0,1,TESTING,0.0,0.0,0.0
304,2014,0.0,0.6,0.0,0.6,0.75,0,1,0,0,0,0,0,1,0,1,TESTING,0.0,0.0,0.0
304,2016,0.0,0.8571428571428571,0.8888888888888888,1.0,1.0,0,1,0,0,0,0,0,1,0,1,TESTING,0.0,0.0,0.0
304,2018,0.0,0.5,0.3333333333333333,1.0,0.3333333333333333,0,1,0,0,0,0,0,1,0,1,TESTING,,,
305,2012,0.0,0.8333333333333334,0.3333333333333333,0.7142857142857143,0.6666666666666666,0,1,0,0,0,0,0,1,0,1,TESTING,-500.0,0.0,0.0
305,2014,0.0,0.4,0.3333333333333333,0.6,0.75,0,1,0,0,0,0,0,1,0,1,TESTING,0.0,0.0,0.0
305,2016,0.0,0.8571428571428571,0.8888888888888888,1.0,1.0,0,1,0,0,0,0,0,1,0,1,TESTING,0.0,0.0,0.0
305,2018,0.0,0.0,0.3333333333333333,1.0,0.3333333333333333,0,1,0,0,0,0,0,1,0,1,TESTING,,,
306,2018,0.0,0.25,0.0,1.0,0.3333333333333333,0,1,0,0,0,0,0,1,0,1,TESTING,,,
306,2016,0.0,0.7142857142857143,0.8888888888888888,1.0,1.0,0,1,0,0,0,0,0,1,0,1,TESTING,0.0,0.0,0.0
306,2014,0.0,0.8,0.6666666666666666,0.8,1.0,0,1,0,0,0,0,0,1,0,1,TESTING,-1000.0,0.0,0.0
306,2012,0.0,0.8333333333333334,0.6666666666666666,0.7142857142857143,0.6666666666666666,0,1,0,0,0,0,0,1,0,1,TESTING,500.0,0.0,0.0
310,2012,0.0,0.8333333333333334,0.6666666666666666,0.7142857142857143,0.3333333333333333,0,1,0,0,0,0,0,1,0,1,TRAINING,-500.0,0.0,0.0
310,2014,0.0,0.8,0.6666666666666666,0.8,1.0,0,1,0,0,0,0,0,1,0,1,TRAINING,1000.0,0.0,0.0
310,2016,0.0,0.7142857142857143,0.5555555555555556,0.75,0.6666666666666666,0,1,0,0,0,0,0,1,0,1,TRAINING,450.0,1000.0,1000.0
310,2018,0.0,0.5,0.3333333333333333,1.0,0.3333333333333333,0,1,0,0,0,0,0,1,0,1,TRAINING,,,
315,2012,0.0,0.8333333333333334,0.6666666666666666,0.7142857142857143,0.6666666666666666,0,1,0,0,0,0,0,1,0,1,TESTING,-250.0,0.0,0.0
315,2014,0.0,0.8,0.6666666666666666,0.8,1.0,0,1,0,0,0,0,0,1,0,1,TESTING,1000.0,0.0,0.0
315,2016,0.0,0.8571428571428571,0.8888888888888888,1.0,1.0,0,1,0,0,0,0,0,1,0,1,TESTING,-1500.0,0.0,0.0
315,2018,0.0,0.5,0.3333333333333333,1.0,0.3333333333333333,0,1,0,0,0,0,0,1,0,1,TESTING,,,
317,2012,0.0,0.8333333333333334,0.6666666666666666,0.7142857142857143,0.6666666666666666,0,1,0,0,0,0,0,1,0,1,TESTING,0.0,0.0,0.0
317,2014,0.0,0.8,0.3333333333333333,0.6,0.75,0,1,0,0,0,0,0,1,0,1,TESTING,0.0,0.0,0.0
317,2016,0.0,0.8571428571428571,0.8888888888888888,1.0,1.0,0,1,0,0,0,0,0,1,0,1,TESTING,0.0,0.0,0.0
317,2018,0.0,0.0,0.3333333333333333,1.0,0.3333333333333333,0,1,0,0,0,0,0,1,0,1,TESTING,,,
320,2018,0.0,0.5,0.3333333333333333,1.0,0.3333333333333333,0,1,0,0,0,0,0,1,0,1,TESTING,,,
320,2016,0.0,0.8571428571428571,0.7777777777777778,1.0,1.0,0,1,0,0,0,0,0,1,0,1,TESTING,0.0,0.0,0.0
320,2012,0.0,0.8333333333333334,0.6666666666666666,0.7142857142857143,0.6666666666666666,0,1,0,0,0,0,0,1,0,1,TESTING,0.0,0.0,0.0
320,2014,0.0,1.0,1.0,0.8,1.0,0,1,0,0,0,0,0,1,0,1,TESTING,0.0,0.0,0.0
322,2012,0.0,0.6666666666666666,0.3333333333333333,0.5714285714285714,0.3333333333333333,0,1,0,0,0,0,0,1,0,1,TESTING,0.0,0.0,0.0
322,2014,0.0,0.2,0.3333333333333333,0.4,0.75,0,1,0,0,0,0,0,1,0,1,TESTING,0.0,0.0,0.0
322,2016,0.0,0.8571428571428571,0.7777777777777778,1.0,1.0,0,1,0,0,0,0,0,1,0,1,TESTING,50.0,0.0,0.0
322,2018,0.0,0.0,0.3333333333333333,1.0,0.3333333333333333,0,1,0,0,0,0,0,1,0,1,TESTING,,,
323,2012,0.0,0.8333333333333334,0.3333333333333333,0.7142857142857143,0.6666666666666666,0,1,0,0,0,0,0,1,0,1,TESTING,-500.0,0.0,0.0
323,2014,0.0,0.8,0.6666666666666666,0.8,1.0,0,1,0,0,0,0,0,1,0,1,TESTING,2500.0,0.0,0.0
323,2016,0.0,0.7142857142857143,0.8888888888888888,1.0,1.0,0,1,0,0,0,0,0,1,0,1,TESTING,-1500.0,0.0,0.0
323,2018,0.0,0.5,0.3333333333333333,1.0,0.3333333333333333,0,1,0,0,0,0,0,1,0,1,TESTING,,,
325,2018,0.0,0.25,0.3333333333333333,1.0,0.3333333333333333,0,1,0,0,0,0,0,1,0,1,TESTING,,,
325,2016,0.0,0.8571428571428571,0.8888888888888888,0.75,0.6666666666666666,0,1,0,0,0,0,0,1,0,1,TESTING,0.0,0.0,0.0
325,2014,0.0,0.4,0.3333333333333333,0.6,0.75,0,1,0,0,0,0,0,1,0,1,TESTING,-1000.0,0.0,0.0
325,2012,0.0,0.8333333333333334,0.3333333333333333,0.7142857142857143,0.3333333333333333,0,1,0,0,0,0,0,1,0,1,TESTING,0.0,0.0,0.0
329,2012,0.0,0.8333333333333334,0.6666666666666666,0.7142857142857143,0.6666666666666666,0,1,0,0,0,0,0,1,0,1,TESTING,0.0,0.0,0.0
329,2014,0.0,1.0,0.6666666666666666,0.8,1.0,0,1,0,0,0,0,0,1,0,1,TESTING,0.0,0.0,0.0
329,2016,0.0,0.8571428571428571,0.8888888888888888,1.0,1.0,0,1,0,0,0,0,0,1,0,1,TESTING,0.0,0.0,0.0
329,2018,0.0,0.0,0.0,1.0,0.0,0,1,0,0,0,0,0,1,0,1,TESTING,,,
330,2012,0.0,0.8333333333333334,0.6666666666666666,0.7142857142857143,0.3333333333333333,0,1,0,0,0,0,0,1,0,1,TRAINING,0.0,0.0,0.0
330,2014,0.0,0.8,0.6666666666666666,0.8,1.0,0,1,0,0,0,0,0,1,0,1,TRAINING,500.0,0.0,0.0
330,2016,0.0,0.8571428571428571,0.7777777777777778,1.0,1.0,0,1,0,0,0,0,0,1,0,1,TRAINING,-500.0,0.0,0.0
330,2018,0.0,0.0,0.3333333333333333,1.0,0.3333333333333333,0,1,0,0,0,0,0,1,0,1,TRAINING,,,
332,2016,0.0,0.8571428571428571,0.8888888888888888,1.0,1.0,0,1,0,0,0,0,0,1,0,1,TRAINING,2000.0,0.0,0.0
332,2018,0.0,0.5,0.3333333333333333,1.0,0.3333333333333333,0,1,0,0,0,0,0,1,0,1,TRAINING,,,
332,2012,0.0,0.8333333333333334,0.6666666666666666,0.7142857142857143,0.6666666666666666,0,1,0,0,0,0,0,1,0,1,TRAINING,0.0,0.0,0.0
332,2014,0.0,1.0,0.6666666666666666,0.8,1.0,0,1,0,0,0,0,0,1,0,1,TRAINING,0.0,0.0,0.0
333,2012,0.0,0.8333333333333334,0.6666666666666666,0.7142857142857143,0.3333333333333333,1,0,0,0,0,0,0,1,0,1,TRAINING,0.0,0.0,0.0
333,2014,0.0,0.8,0.3333333333333333,0.6,0.75,1,0,0,0,0,0,0,1,0,1,TRAINING,0.0,0.0,0.0
333,2016,0.0,0.8571428571428571,0.7777777777777778,1.0,1.0,1,0,0,0,0,0,0,1,0,1,TRAINING,0.0,0.0,0.0
333,2018,0.0,0.5,0.3333333333333333,1.0,0.3333333333333333,1,0,0,0,0,0,0,1,0,1,TRAINING,,,
334,2012,0.0,0.8333333333333334,0.3333333333333333,0.7142857142857143,0.6666666666666666,0,1,0,0,0,0,0,1,0,1,TRAINING,0.0,0.0,0.0
334,2014,0.0,0.6,0.3333333333333333,0.6,0.75,0,1,0,0,0,0,0,1,0,1,TRAINING,0.0,0.0,0.0
334,2016,0.0,0.5714285714285714,0.6666666666666666,0.5,0.6666666666666666,0,1,0,0,0,0,0,1,0,1,TRAINING,0.0,0.0,0.0
334,2018,0.0,0.25,0.3333333333333333,1.0,0.3333333333333333,0,1,0,0,0,0,0,1,0,1,TRAINING,,,
335,2018,0.0,0.0,0.3333333333333333,1.0,0.3333333333333333,0,1,0,0,0,0,0,1,0,1,TESTING,,,
335,2012,0.0,0.8333333333333334,0.3333333333333333,0.7142857142857143,0.3333333333333333,0,1,0,0,0,0,0,1,0,1,TESTING,0.0,0.0,0.0
335,2014,0.0,0.4,0.3333333333333333,0.6,0.75,0,1,0,0,0,0,0,1,0,1,TESTING,0.0,0.0,0.0
335,2016,0.0,0.7142857142857143,0.8888888888888888,0.75,1.0,0,1,0,0,0,0,0,1,0,1,TESTING,0.0,0.0,0.0
336,2018,0.0,0.25,0.3333333333333333,1.0,0.3333333333333333,0,1,0,0,0,0,0,1,0,1,TRAINING,,,
336,2016,0.0,0.8571428571428571,0.8888888888888888,1.0,1.0,0,1,0,0,0,0,0,1,0,1,TRAINING,0.0,0.0,0.0
336,2012,0.0,0.8333333333333334,0.3333333333333333,0.7142857142857143,0.6666666666666666,0,1,0,0,0,0,0,1,0,1,TRAINING,0.0,0.0,0.0
336,2014,0.0,0.4,0.3333333333333333,0.6,0.75,0,1,0,0,0,0,0,1,0,1,TRAINING,0.0,0.0,0.0
339,2012,0.0,0.8333333333333334,0.6666666666666666,0.7142857142857143,0.6666666666666666,0,1,0,0,0,0,0,1,0,1,TRAINING,-1000.0,0.0,0.0
339,2014,0.0,1.0,0.6666666666666666,0.8,1.0,0,1,0,0,0,0,0,1,0,1,TRAINING,0.0,0.0,0.0
339,2016,0.0,0.8571428571428571,0.8888888888888888,1.0,1.0,0,1,0,0,0,0,0,1,0,1,TRAINING,0.0,0.0,0.0
339,2018,0.0,0.5,0.3333333333333333,1.0,0.3333333333333333,0,1,0,0,0,0,0,1,0,1,TRAINING,,,
341,2012,0.0,0.8333333333333334,0.3333333333333333,0.7142857142857143,0.6666666666666666,0,1,0,0,0,0,0,1,0,1,TRAINING,0.0,0.0,0.0
341,2014,0.0,0.4,0.3333333333333333,0.6,0.75,0,1,0,0,0,0,0,1,0,1,TRAINING,0.0,0.0,0.0
341,2016,0.0,0.8571428571428571,0.8888888888888888,1.0,1.0,0,1,0,0,0,0,0,1,0,1,TRAINING,0.0,0.0,0.0
341,2018,0.0,0.25,0.3333333333333333,1.0,0.3333333333333333,0,1,0,0,0,0,0,1,0,1,TRAINING,,,
345,2012,0.0,0.8333333333333334,0.3333333333333333,0.7142857142857143,0.6666666666666666,0,1,0,0,0,0,0,1,0,1,TRAINING,-750.0,0.0,0.0
345,2014,0.0,0.6,0.3333333333333333,0.6,0.75,0,1,0,0,0,0,0,1,0,1,TRAINING,-9250.0,0.0,0.0
345,2016,0.0,0.0,0.0,0.0,0.0,0,1,0,0,0,0,0,1,0,1,TRAINING,-1000.0,0.0,0.0
345,2018,0.0,0.0,0.0,1.0,0.0,0,1,0,0,0,0,0,1,0,1,TRAINING,,,
347,2018,0.0,0.5,0.3333333333333333,1.0,0.3333333333333333,0,1,0,0,0,0,0,1,0,1,TRAINING,,,
347,2016,0.0,0.8571428571428571,0.8888888888888888,1.0,1.0,0,1,0,0,0,0,0,1,0,1,TRAINING,0.0,0.0,0.0
347,2012,0.0,0.8333333333333334,0.6666666666666666,0.7142857142857143,0.6666666666666666,0,1,0,0,0,0,0,1,0,1,TRAINING,0.0,0.0,0.0
347,2014,0.0,1.0,0.6666666666666666,0.6,1.0,0,1,0,0,0,0,0,1,0,1,TRAINING,0.0,0.0,0.0
348,2012,0.0,0.8333333333333334,0.3333333333333333,0.7142857142857143,0.3333333333333333,0,1,0,0,0,0,0,1,0,1,TESTING,0.0,0.0,0.0
348,2014,0.0,0.6,0.6666666666666666,0.8,1.0,0,1,0,0,0,0,0,1,0,1,TESTING,0.0,0.0,0.0
348,2016,0.0,0.8571428571428571,0.8888888888888888,1.0,1.0,0,1,0,0,0,0,0,1,0,1,TESTING,0.0,0.0,0.0
348,2018,0.0,0.5,0.3333333333333333,1.0,0.3333333333333333,0,1,0,0,0,0,0,1,0,1,TESTING,,,
350,2018,0.0,0.5,0.6666666666666666,1.0,0.6666666666666666,0,1,0,0,0,0,0,1,0,1,TRAINING,,,
350,2012,0.0,0.8333333333333334,0.6666666666666666,0.7142857142857143,0.6666666666666666,0,1,0,0,0,0,0,1,0,1,TRAINING,0.0,0.0,0.0
350,2014,0.0,1.0,0.6666666666666666,0.8,1.0,0,1,0,0,0,0,0,1,0,1,TRAINING,-1000.0,0.0,0.0
350,2016,0.0,0.7142857142857143,0.8888888888888888,1.0,1.0,0,1,0,0,0,0,0,1,0,1,TRAINING,0.0,0.0,0.0
353,2018,0.0,0.5,0.3333333333333333,1.0,0.3333333333333333,0,1,0,0,0,0,0,1,0,1,TRAINING,,,
353,2016,0.0,0.8571428571428571,0.8888888888888888,1.0,1.0,0,1,0,0,0,0,0,1,0,1,TRAINING,0.0,0.0,0.0
353,2012,0.0,0.8333333333333334,0.6666666666666666,0.7142857142857143,0.6666666666666666,0,1,0,0,0,0,0,1,0,1,TRAINING,0.0,0.0,0.0
353,2014,0.0,1.0,0.6666666666666666,0.8,1.0,0,1,0,0,0,0,0,1,0,1,TRAINING,0.0,0.0,0.0
360,2012,0.0,0.8333333333333334,0.6666666666666666,0.7142857142857143,0.6666666666666666,0,1,0,0,0,0,0,1,0,1,TESTING,0.0,0.0,0.0
360,2014,0.0,0.6,0.6666666666666666,0.8,1.0,0,1,0,0,0,0,0,1,0,1,TESTING,0.0,0.0,0.0
360,2016,0.0,0.8571428571428571,0.8888888888888888,1.0,1.0,0,1,0,0,0,0,0,1,0,1,TESTING,0.0,0.0,0.0
360,2018,0.0,0.5,0.3333333333333333,1.0,0.3333333333333333,0,1,0,0,0,0,0,1,0,1,TESTING,,,
361,2012,0.0,0.5,0.3333333333333333,0.5714285714285714,0.3333333333333333,0,1,0,0,0,0,0,1,0,1,TESTING,0.0,0.0,0.0
361,2014,0.0,0.2,0.3333333333333333,0.4,0.5,0,1,0,0,0,0,0,1,0,1,TESTING,0.0,0.0,0.0
361,2016,0.0,0.5714285714285714,0.6666666666666666,0.75,0.6666666666666666,0,1,0,0,0,0,0,1,0,1,TESTING,0.0,0.0,0.0
361,2018,0.0,0.0,0.0,1.0,0.0,0,1,0,0,0,0,0,1,0,1,TESTING,,,
363,2018,0.0,0.5,0.3333333333333333,1.0,0.3333333333333333,0,1,0,0,0,0,0,1,0,1,TRAINING,,,
363,2016,0.0,0.5714285714285714,0.8888888888888888,1.0,1.0,0,1,0,0,0,0,0,1,0,1,TRAINING,0.0,0.0,0.0
363,2014,0.0,1.0,0.6666666666666666,0.8,1.0,0,1,0,0,0,0,0,1,0,1,TRAINING,0.0,0.0,0.0
363,2012,0.0,0.8333333333333334,0.6666666666666666,0.7142857142857143,0.6666666666666666,0,1,0,0,0,0,0,1,0,1,TRAINING,0.0,0.0,0.0
364,2012,0.0,0.8333333333333334,0.6666666666666666,0.7142857142857143,0.6666666666666666,1,0,0,0,0,0,0,1,0,1,TRAINING,0.0,0.0,0.0
364,2014,0.0,1.0,0.6666666666666666,0.8,1.0,1,0,0,0,0,0,0,1,0,1,TRAINING,0.0,0.0,0.0
364,2016,0.0,0.8571428571428571,0.8888888888888888,1.0,1.0,1,0,0,0,0,0,0,1,0,1,TRAINING,0.0,0.0,0.0
364,2018,0.0,0.5,0.3333333333333333,1.0,0.3333333333333333,1,0,0,0,0,0,0,1,0,1,TRAINING,,,
372,2012,0.0,0.8333333333333334,0.6666666666666666,0.7142857142857143,0.6666666666666666,0,1,0,0,0,0,0,1,0,1,TRAINING,500.0,0.0,0.0
372,2014,0.0,1.0,0.6666666666666666,0.8,1.0,0,1,0,0,0,0,0,1,0,1,TRAINING,1500.0,0.0,0.0
372,2016,0.0,0.8571428571428571,0.8888888888888888,1.0,1.0,0,1,0,0,0,0,0,1,0,1,TRAINING,0.0,0.0,0.0
372,2018,0.0,0.5,0.3333333333333333,1.0,0.3333333333333333,0,1,0,0,0,0,0,1,0,1,TRAINING,,,
373,2016,0.0,0.7142857142857143,0.7777777777777778,1.0,0.6666666666666666,0,1,0,0,0,0,0,1,0,1,TRAINING,0.0,0.0,0.0
373,2018,0.0,0.5,0.3333333333333333,1.0,0.3333333333333333,0,1,0,0,0,0,0,1,0,1,TRAINING,,,
373,2012,0.0,0.8333333333333334,0.6666666666666666,0.7142857142857143,0.6666666666666666,0,1,0,0,0,0,0,1,0,1,TRAINING,0.0,0.0,0.0
373,2014,0.0,1.0,0.6666666666666666,0.8,1.0,0,1,0,0,0,0,0,1,0,1,TRAINING,0.0,0.0,0.0
375,2018,0.0,0.5,0.3333333333333333,1.0,0.3333333333333333,0,1,0,0,0,0,0,1,0,1,TRAINING,,,
375,2016,0.0,0.8571428571428571,0.8888888888888888,1.0,1.0,0,1,0,0,0,0,0,1,0,1,TRAINING,0.0,0.0,0.0
375,2014,0.0,0.8,0.3333333333333333,0.6,0.75,0,1,0,0,0,0,0,1,0,1,TRAINING,0.0,0.0,0.0
375,2012,0.0,0.8333333333333334,0.6666666666666666,0.7142857142857143,0.6666666666666666,0,1,0,0,0,0,0,1,0,1,TRAINING,0.0,0.0,0.0
377,2012,0.0,0.8333333333333334,0.6666666666666666,0.7142857142857143,0.6666666666666666,0,1,0,0,0,0,0,1,0,1,TESTING,500.0,0.0,0.0
377,2014,0.0,0.8,0.3333333333333333,0.6,0.75,0,1,0,0,0,0,0,1,0,1,TESTING,-500.0,0.0,0.0
377,2016,0.0,0.8571428571428571,0.8888888888888888,1.0,1.0,0,1,0,0,0,0,0,1,0,1,TESTING,2000.0,0.0,0.0
377,2018,0.0,0.0,0.0,1.0,0.0,0,1,0,0,0,0,0,1,0,1,TESTING,,,
379,2012,0.0,0.8333333333333334,0.6666666666666666,0.7142857142857143,0.6666666666666666,0,1,0,0,0,0,0,1,0,1,TESTING,-2000.0,0.0,0.0
379,2014,0.0,0.8,0.3333333333333333,0.6,0.75,0,1,0,0,0,0,0,1,0,1,TESTING,750.0,0.0,0.0
379,2016,0.0,0.8571428571428571,0.7777777777777778,0.75,0.6666666666666666,0,1,0,0,0,0,0,1,0,1,TESTING,-250.0,0.0,0.0
379,2018,0.0,0.0,0.0,1.0,0.0,0,1,0,0,0,0,0,1,0,1,TESTING,,,
381,2016,0.0,0.8571428571428571,0.8888888888888888,1.0,0.6666666666666666,0,1,0,0,0,0,0,1,0,1,TESTING,0.0,0.0,0.0
381,2018,0.0,0.25,0.3333333333333333,1.0,0.3333333333333333,0,1,0,0,0,0,0,1,0,1,TESTING,,,
381,2012,0.0,0.8333333333333334,0.3333333333333333,0.7142857142857143,0.3333333333333333,0,1,0,0,0,0,0,1,0,1,TESTING,0.0,0.0,0.0
381,2014,0.0,0.4,0.0,0.6,0.5,0,1,0,0,0,0,0,1,0,1,TESTING,0.0,0.0,0.0
386,2012,0.0,0.6666666666666666,0.3333333333333333,0.5714285714285714,1.0,0,1,0,0,0,0,0,1,0,1,TESTING,0.0,0.0,0.0
386,2014,0.0,0.4,0.3333333333333333,0.6,0.75,0,1,0,0,0,0,0,1,0,1,TESTING,0.0,0.0,0.0
386,2016,0.0,0.8571428571428571,0.8888888888888888,1.0,1.0,0,1,0,0,0,0,0,1,0,1,TESTING,0.0,0.0,0.0
386,2018,0.0,0.25,0.3333333333333333,1.0,0.3333333333333333,0,1,0,0,0,0,0,1,0,1,TESTING,,,
389,2012,0.0,0.8333333333333334,0.3333333333333333,0.7142857142857143,0.6666666666666666,0,1,0,0,1,0,0,0,0,1,TRAINING,0.0,0.0,0.0
389,2014,0.0,0.6,0.6666666666666666,0.8,1.0,0,1,0,0,1,0,0,0,0,1,TRAINING,0.0,0.0,0.0
389,2016,0.0,0.8571428571428571,0.8888888888888888,1.0,1.0,0,1,0,0,1,0,0,0,0,1,TRAINING,1000.0,0.0,0.0
389,2018,0.0,0.5,0.3333333333333333,1.0,0.3333333333333333,0,1,0,0,1,0,0,0,0,1,TRAINING,,,
393,2012,0.0,0.3333333333333333,0.3333333333333333,0.7142857142857143,0.3333333333333333,0,1,0,0,0,0,0,1,0,1,TRAINING,-500.0,0.0,0.0
393,2014,0.0,0.8,0.3333333333333333,0.6,0.75,0,1,0,0,0,0,0,1,0,1,TRAINING,0.0,0.0,0.0
393,2016,0.0,0.8571428571428571,0.8888888888888888,1.0,1.0,0,1,0,0,0,0,0,1,0,1,TRAINING,0.0,0.0,0.0
393,2018,0.0,0.25,0.3333333333333333,1.0,0.3333333333333333,0,1,0,0,0,0,0,1,0,1,TRAINING,,,
394,2018,0.0,0.5,0.6666666666666666,1.0,0.6666666666666666,1,0,0,0,1,0,0,0,0,1,TRAINING,,,
394,2016,0.0,0.7142857142857143,0.8888888888888888,1.0,1.0,1,0,0,0,1,0,0,0,0,1,TRAINING,0.0,0.0,0.0
394,2014,0.0,1.0,1.0,1.0,1.0,1,0,0,0,1,0,0,0,0,1,TRAINING,0.0,0.0,0.0
394,2012,0.0,0.3333333333333333,1.0,0.7142857142857143,0.3333333333333333,1,0,0,0,1,0,0,0,0,1,TRAINING,0.0,0.0,0.0
395,2012,0.0,0.8333333333333334,0.3333333333333333,0.7142857142857143,0.6666666666666666,0,1,0,0,0,0,0,1,0,1,TESTING,0.0,0.0,0.0
395,2014,0.0,0.6,0.3333333333333333,0.6,0.75,0,1,0,0,0,0,0,1,0,1,TESTING,0.0,0.0,0.0
395,2016,0.0,0.8571428571428571,0.8888888888888888,1.0,1.0,0,1,0,0,0,0,0,1,0,1,TESTING,0.0,0.0,0.0
395,2018,0.0,0.5,0.3333333333333333,1.0,0.3333333333333333,0,1,0,0,0,0,0,1,0,1,TESTING,,,
396,2012,0.0,0.8333333333333334,0.6666666666666666,0.7142857142857143,0.3333333333333333,0,1,0,0,0,0,0,1,0,1,TESTING,0.0,0.0,0.0
396,2014,0.0,0.6,0.6666666666666666,0.8,1.0,0,1,0,0,0,0,0,1,0,1,TESTING,0.0,0.0,0.0
396,2016,0.0,0.8571428571428571,0.8888888888888888,1.0,1.0,0,1,0,0,0,0,0,1,0,1,TESTING,0.0,0.0,0.0
396,2018,0.0,0.0,0.3333333333333333,1.0,0.3333333333333333,0,1,0,0,0,0,0,1,0,1,TESTING,,,
398,2016,0.0,0.8571428571428571,0.8888888888888888,1.0,1.0,0,1,0,0,0,0,0,1,0,1,TESTING,0.0,0.0,0.0
398,2018,0.0,0.5,0.3333333333333333,1.0,0.3333333333333333,0,1,0,0,0,0,0,1,0,1,TESTING,,,
398,2012,0.0,0.8333333333333334,0.6666666666666666,0.7142857142857143,0.6666666666666666,0,1,0,0,0,0,0,1,0,1,TESTING,-2000.0,0.0,0.0
398,2014,0.0,0.6,0.3333333333333333,0.6,0.75,0,1,0,0,0,0,0,1,0,1,TESTING,0.0,0.0,0.0
399,2012,0.0,0.5,0.3333333333333333,0.5714285714285714,0.3333333333333333,0,1,0,0,0,0,0,1,0,1,TRAINING,0.0,0.0,0.0
399,2014,0.0,0.2,0.3333333333333333,0.4,0.75,0,1,0,0,0,0,0,1,0,1,TRAINING,0.0,0.0,0.0
399,2016,0.0,0.8571428571428571,0.6666666666666666,0.75,0.6666666666666666,0,1,0,0,0,0,0,1,0,1,TRAINING,0.0,0.0,0.0
399,2018,0.0,0.0,0.3333333333333333,1.0,0.0,0,1,0,0,0,0,0,1,0,1,TRAINING,,,
401,2012,0.0,0.8333333333333334,0.3333333333333333,0.7142857142857143,0.6666666666666666,0,1,0,0,0,0,0,1,0,1,TRAINING,0.0,0.0,0.0
401,2014,0.0,0.6,0.3333333333333333,0.6,0.75,0,1,0,0,0,0,0,1,0,1,TRAINING,0.0,0.0,0.0
401,2016,0.0,0.8571428571428571,0.8888888888888888,1.0,1.0,0,1,0,0,0,0,0,1,0,1,TRAINING,0.0,0.0,0.0
401,2018,0.0,0.5,0.3333333333333333,1.0,0.3333333333333333,0,1,0,0,0,0,0,1,0,1,TRAINING,,,
402,2018,0.0,0.0,0.3333333333333333,1.0,0.3333333333333333,0,1,0,0,0,0,0,1,0,1,TRAINING,,,
402,2012,0.0,0.8333333333333334,0.6666666666666666,0.7142857142857143,0.6666666666666666,0,1,0,0,0,0,0,1,0,1,TRAINING,0.0,0.0,0.0
402,2014,0.0,1.0,0.6666666666666666,0.8,1.0,0,1,0,0,0,0,0,1,0,1,TRAINING,0.0,0.0,0.0
402,2016,0.0,0.8571428571428571,0.8888888888888888,1.0,1.0,0,1,0,0,0,0,0,1,0,1,TRAINING,0.0,0.0,0.0
404,2018,0.0,0.25,0.3333333333333333,1.0,0.0,0,1,0,0,0,0,0,1,0,1,TRAINING,,,
404,2016,0.0,0.7142857142857143,0.8888888888888888,0.75,1.0,0,1,0,0,0,0,0,1,0,1,TRAINING,0.0,0.0,0.0
404,2012,0.0,0.8333333333333334,0.6666666666666666,0.7142857142857143,0.3333333333333333,0,1,0,0,0,0,0,1,0,1,TRAINING,0.0,0.0,0.0
404,2014,0.0,0.4,0.3333333333333333,0.6,0.75,0,1,0,0,0,0,0,1,0,1,TRAINING,0.0,0.0,0.0
407,2012,0.0,0.8333333333333334,0.6666666666666666,0.5714285714285714,0.6666666666666666,0,1,0,0,0,0,0,1,0,1,TESTING,2250.0,0.0,0.0
407,2014,0.0,0.8,0.6666666666666666,0.8,1.0,0,1,0,0,0,0,0,1,0,1,TESTING,-1250.0,0.0,0.0
407,2016,0.0,0.8571428571428571,0.8888888888888888,1.0,1.0,0,1,0,0,0,0,0,1,0,1,TESTING,1500.0,0.0,0.0
407,2018,0.0,0.5,0.3333333333333333,1.0,0.3333333333333333,0,1,0,0,0,0,0,1,0,1,TESTING,,,
408,2012,0.0,0.8333333333333334,0.6666666666666666,0.7142857142857143,0.6666666666666666,0,1,0,0,0,0,0,1,0,1,TRAINING,0.0,0.0,0.0
408,2014,0.0,1.0,0.6666666666666666,0.8,1.0,0,1,0,0,0,0,0,1,0,1,TRAINING,0.0,0.0,0.0
408,2016,0.0,0.8571428571428571,0.8888888888888888,1.0,1.0,0,1,0,0,0,0,0,1,0,1,TRAINING,0.0,0.0,0.0
408,2018,0.0,0.5,0.3333333333333333,1.0,0.3333333333333333,0,1,0,0,0,0,0,1,0,1,TRAINING,,,
409,2012,0.0,0.8333333333333334,0.6666666666666666,0.7142857142857143,0.6666666666666666,1,0,0,0,0,0,0,1,0,1,TRAINING,0.0,0.0,0.0
409,2014,0.0,1.0,0.6666666666666666,0.8,0.75,1,0,0,0,0,0,0,1,0,1,TRAINING,0.0,0.0,0.0
409,2016,0.0,0.8571428571428571,0.8888888888888888,1.0,1.0,1,0,0,0,0,0,0,1,0,1,TRAINING,0.0,0.0,0.0
409,2018,0.0,0.5,0.3333333333333333,1.0,0.3333333333333333,1,0,0,0,0,0,0,1,0,1,TRAINING,,,
410,2018,0.0,0.0,0.3333333333333333,1.0,0.3333333333333333,1,0,0,0,0,0,0,1,0,1,TESTING,,,
410,2016,0.0,0.8571428571428571,0.8888888888888888,1.0,1.0,1,0,0,0,0,0,0,1,0,1,TESTING,-1000.0,0.0,0.0
410,2012,0.0,0.8333333333333334,0.6666666666666666,0.7142857142857143,0.6666666666666666,1,0,0,0,0,0,0,1,0,1,TESTING,0.0,0.0,0.0
410,2014,0.0,1.0,0.6666666666666666,0.8,1.0,1,0,0,0,0,0,0,1,0,1,TESTING,2000.0,0.0,0.0
414,2012,0.0,0.8333333333333334,0.6666666666666666,0.7142857142857143,0.6666666666666666,1,0,0,0,0,0,0,1,0,1,TRAINING,0.0,0.0,0.0
414,2014,0.0,1.0,0.6666666666666666,0.8,1.0,1,0,0,0,0,0,0,1,0,1,TRAINING,2500.0,0.0,0.0
414,2016,0.0,0.8571428571428571,0.8888888888888888,1.0,1.0,1,0,0,0,0,0,0,1,0,1,TRAINING,-2500.0,0.0,0.0
414,2018,0.0,0.5,0.3333333333333333,1.0,0.3333333333333333,1,0,0,0,0,0,0,1,0,1,TRAINING,,,
416,2018,0.0,0.5,0.0,1.0,0.3333333333333333,0,1,0,0,0,0,0,1,0,1,TESTING,,,
416,2012,0.0,0.8333333333333334,0.6666666666666666,0.7142857142857143,0.6666666666666666,0,1,0,0,0,0,0,1,0,1,TESTING,-2000.0,0.0,0.0
416,2014,0.0,0.4,0.3333333333333333,0.6,0.5,0,1,0,0,0,0,0,1,0,1,TESTING,1000.0,0.0,0.0
416,2016,0.0,0.7142857142857143,0.8888888888888888,1.0,1.0,0,1,0,0,0,0,0,1,0,1,TESTING,-1000.0,0.0,0.0
418,2018,0.0,0.0,0.0,1.0,0.3333333333333333,0,1,0,0,0,0,0,1,0,1,TRAINING,,,
418,2016,0.0,0.8571428571428571,0.8888888888888888,1.0,1.0,0,1,0,0,0,0,0,1,0,1,TRAINING,0.0,0.0,0.0
418,2014,0.0,0.6,0.3333333333333333,0.6,0.75,0,1,0,0,0,0,0,1,0,1,TRAINING,0.0,0.0,0.0
418,2012,0.0,0.8333333333333334,0.3333333333333333,0.7142857142857143,1.0,0,1,0,0,0,0,0,1,0,1,TRAINING,0.0,0.0,0.0
419,2012,0.0,0.8333333333333334,0.6666666666666666,0.7142857142857143,0.6666666666666666,0,1,0,0,0,0,0,1,0,1,TESTING,2500.0,0.0,0.0
419,2014,0.0,0.4,0.3333333333333333,0.6,0.75,0,1,0,0,0,0,0,1,0,1,TESTING,-1500.0,0.0,0.0
419,2016,0.0,0.0,0.0,0.0,0.0,0,1,0,0,0,0,0,1,0,1,TESTING,-1000.0,0.0,0.0
419,2018,0.0,0.0,0.0,1.0,0.0,0,1,0,0,0,0,0,1,0,1,TESTING,,,
421,2012,0.0,0.8333333333333334,0.6666666666666666,0.7142857142857143,0.6666666666666666,0,1,0,0,0,0,0,1,0,1,TRAINING,0.0,0.0,0.0
421,2014,0.0,1.0,0.6666666666666666,0.8,1.0,0,1,0,0,0,0,0,1,0,1,TRAINING,0.0,0.0,0.0
421,2016,0.0,0.8571428571428571,0.8888888888888888,1.0,1.0,0,1,0,0,0,0,0,1,0,1,TRAINING,0.0,0.0,0.0
421,2018,0.0,0.0,0.3333333333333333,1.0,0.3333333333333333,0,1,0,0,0,0,0,1,0,1,TRAINING,,,
422,2016,0.0,0.7142857142857143,0.8888888888888888,1.0,1.0,0,1,0,0,0,0,0,1,0,1,TESTING,0.0,0.0,0.0
422,2018,0.0,0.5,0.3333333333333333,1.0,0.3333333333333333,0,1,0,0,0,0,0,1,0,1,TESTING,,,
422,2012,0.0,0.8333333333333334,0.6666666666666666,0.7142857142857143,0.6666666666666666,0,1,0,0,0,0,0,1,0,1,TESTING,0.0,0.0,0.0
422,2014,0.0,0.6,0.6666666666666666,0.8,1.0,0,1,0,0,0,0,0,1,0,1,TESTING,0.0,0.0,0.0
423,2012,0.0,0.8333333333333334,0.6666666666666666,0.7142857142857143,0.6666666666666666,0,1,0,0,0,0,0,1,0,1,TESTING,0.0,0.0,0.0
423,2014,0.0,1.0,0.6666666666666666,0.8,1.0,0,1,0,0,0,0,0,1,0,1,TESTING,0.0,0.0,0.0
423,2016,0.0,0.7142857142857143,0.8888888888888888,1.0,1.0,0,1,0,0,0,0,0,1,0,1,TESTING,0.0,0.0,0.0
423,2018,0.0,0.5,0.3333333333333333,1.0,0.3333333333333333,0,1,0,0,0,0,0,1,0,1,TESTING,,,
425,2012,0.0,0.8333333333333334,0.6666666666666666,0.8571428571428571,0.6666666666666666,0,1,0,0,0,0,1,0,0,1,TESTING,0.0,0.0,0.0
425,2014,0.0,1.0,0.6666666666666666,0.8,1.0,0,1,0,0,0,0,1,0,0,1,TESTING,0.0,0.0,0.0
425,2016,0.0,0.7142857142857143,0.8888888888888888,1.0,1.0,0,1,0,0,0,0,1,0,0,1,TESTING,0.0,0.0,0.0
425,2018,0.0,0.5,0.3333333333333333,1.0,0.3333333333333333,0,1,0,0,0,0,1,0,0,1,TESTING,,,
426,2018,0.0,0.0,0.0,1.0,0.0,0,1,0,0,0,0,0,1,0,1,TRAINING,,,
426,2012,0.0,0.8333333333333334,0.3333333333333333,0.7142857142857143,0.3333333333333333,0,1,0,0,0,0,0,1,0,1,TRAINING,0.0,0.0,0.0
426,2014,0.0,0.6,0.3333333333333333,0.6,0.75,0,1,0,0,0,0,0,1,0,1,TRAINING,0.0,0.0,0.0
426,2016,0.0,0.8571428571428571,0.8888888888888888,1.0,1.0,0,1,0,0,0,0,0,1,0,1,TRAINING,0.0,0.0,0.0
428,2018,0.0,0.5,0.3333333333333333,1.0,0.3333333333333333,0,1,0,0,0,0,0,1,0,1,TRAINING,,,
428,2016,0.0,0.8571428571428571,0.8888888888888888,1.0,1.0,0,1,0,0,0,0,0,1,0,1,TRAINING,0.0,0.0,0.0
428,2012,0.0,0.8333333333333334,0.3333333333333333,0.7142857142857143,0.6666666666666666,0,1,0,0,0,0,0,1,0,1,TRAINING,0.0,0.0,0.0
428,2014,0.0,1.0,0.6666666666666666,0.8,1.0,0,1,0,0,0,0,0,1,0,1,TRAINING,0.0,0.0,0.0
430,2012,0.0,0.8333333333333334,0.3333333333333333,0.8571428571428571,0.6666666666666666,0,1,0,0,0,0,0,1,0,1,TESTING,0.0,0.0,0.0
430,2014,0.0,0.4,0.3333333333333333,0.6,0.5,0,1,0,0,0,0,0,1,0,1,TESTING,0.0,0.0,0.0
430,2016,0.0,0.7142857142857143,0.8888888888888888,1.0,1.0,0,1,0,0,0,0,0,1,0,1,TESTING,0.0,0.0,0.0
430,2018,0.0,0.5,0.3333333333333333,1.0,0.3333333333333333,0,1,0,0,0,0,0,1,0,1,TESTING,,,
431,2012,0.0,0.8333333333333334,0.6666666666666666,0.7142857142857143,0.6666666666666666,0,1,0,0,0,0,0,1,0,1,TRAINING,0.0,0.0,0.0
431,2014,0.0,0.6,0.6666666666666666,0.8,1.0,0,1,0,0,0,0,0,1,0,1,TRAINING,0.0,0.0,0.0
431,2016,0.0,0.7142857142857143,0.8888888888888888,1.0,1.0,0,1,0,0,0,0,0,1,0,1,TRAINING,0.0,0.0,0.0
431,2018,0.0,0.25,0.3333333333333333,1.0,0.3333333333333333,0,1,0,0,0,0,0,1,0,1,TRAINING,,,
432,2016,0.0,0.7142857142857143,0.7777777777777778,1.0,1.0,0,1,0,0,0,0,0,1,0,1,TRAINING,0.0,0.0,0.0
432,2018,0.0,0.25,0.3333333333333333,1.0,0.3333333333333333,0,1,0,0,0,0,0,1,0,1,TRAINING,,,
432,2012,0.0,0.8333333333333334,0.6666666666666666,0.7142857142857143,0.6666666666666666,0,1,0,0,0,0,0,1,0,1,TRAINING,1000.0,0.0,0.0
432,2014,0.0,0.8,0.3333333333333333,0.6,0.75,0,1,0,0,0,0,0,1,0,1,TRAINING,500.0,0.0,0.0
433,2014,0.0,0.8,0.3333333333333333,0.4,0.25,1,0,0,0,0,0,0,1,1,0,TESTING,500.0,0.0,0.0
433,2016,0.0,0.2857142857142857,0.4444444444444444,0.0,0.0,1,0,0,0,0,0,0,1,1,0,TESTING,-500.0,0.0,0.0
433,2018,0.0,1.0,1.0,1.0,1.0,1,0,0,0,0,0,0,1,1,0,TESTING,,,
433,2012,0.0,0.0,0.0,0.0,0.0,1,0,0,0,0,0,0,1,1,0,TESTING,0.0,0.0,0.0
435,2012,0.0,0.0,0.0,0.0,0.0,0,1,0,0,0,0,0,1,0,1,TESTING,0.0,0.0,0.0
435,2014,0.0,0.8,0.3333333333333333,0.6,0.75,0,1,0,0,0,0,0,1,0,1,TESTING,0.0,0.0,0.0
435,2016,0.0,0.8571428571428571,0.8888888888888888,1.0,1.0,0,1,0,0,0,0,0,1,0,1,TESTING,0.0,0.0,0.0
435,2018,0.0,0.5,0.3333333333333333,1.0,0.3333333333333333,0,1,0,0,0,0,0,1,0,1,TESTING,,,
438,2018,0.0,1.0,1.0,1.0,1.0,0,1,0,0,0,0,0,1,1,0,TESTING,,,
438,2012,0.0,0.0,0.0,0.0,0.0,0,1,0,0,0,0,0,1,1,0,TESTING,0.0,0.0,0.0
438,2014,0.0,0.8,0.3333333333333333,0.4,0.75,0,1,0,0,0,0,0,1,1,0,TESTING,0.0,0.0,0.0
438,2016,0.0,0.2857142857142857,0.4444444444444444,0.0,0.0,0,1,0,0,0,0,0,1,1,0,TESTING,0.0,0.0,0.0
439,2018,0.0,1.0,1.0,1.0,1.0,1,0,0,1,0,0,0,0,1,0,TRAINING,,,
439,2016,0.0,0.2857142857142857,0.3333333333333333,0.0,0.0,1,0,0,1,0,0,0,0,1,0,TRAINING,0.0,0.0,0.0
439,2012,0.0,0.0,0.0,0.0,0.0,1,0,0,1,0,0,0,0,1,0,TRAINING,0.0,0.0,0.0
439,2014,0.0,0.8,0.3333333333333333,0.4,0.25,1,0,0,1,0,0,0,0,1,0,TRAINING,0.0,0.0,0.0
508,2012,0.0,0.0,0.0,0.0,0.0,1,0,0,0,0,0,0,1,1,0,TESTING,0.0,0.0,0.0
508,2014,0.0,0.0,0.0,0.0,0.0,1,0,0,0,0,0,0,1,1,0,TESTING,0.0,0.0,0.0
508,2016,0.0,0.2857142857142857,0.3333333333333333,0.0,0.0,1,0,0,0,0,0,0,1,1,0,TESTING,0.0,0.0,0.0
508,2018,0.0,1.0,1.0,1.0,1.0,1,0,0,0,0,0,0,1,1,0,TESTING,,,
533,2012,0.0,0.0,0.0,0.0,0.0,0,1,0,0,0,0,0,1,0,1,TRAINING,-750.0,0.0,0.0
533,2014,0.0,0.0,0.0,0.0,0.0,0,1,0,0,0,0,0,1,0,1,TRAINING,-9250.0,0.0,0.0
533,2016,0.0,0.7142857142857143,0.8888888888888888,1.0,1.0,0,1,0,0,0,0,0,1,0,1,TRAINING,-1000.0,0.0,0.0
533,2018,0.0,0.25,0.3333333333333333,1.0,0.3333333333333333,0,1,0,0,0,0,0,1,0,1,TRAINING,,,
534,2012,0.0,0.0,0.0,0.0,0.0,0,1,0,0,0,0,0,1,0,1,TRAINING,2500.0,0.0,0.0
534,2014,0.0,0.0,0.0,0.0,0.0,0,1,0,0,0,0,0,1,0,1,TRAINING,-1500.0,0.0,0.0
534,2016,0.0,0.8571428571428571,0.8888888888888888,1.0,1.0,0,1,0,0,0,0,0,1,0,1,TRAINING,-1000.0,0.0,0.0
534,2018,0.0,0.75,0.3333333333333333,1.0,0.3333333333333333,0,1,0,0,0,0,0,1,0,1,TRAINING,,,
578,2018,0.0,1.0,1.0,0.0,1.0,0,1,0,0,0,0,0,1,1,0,TRAINING,,,
578,2016,0.0,0.0,0.3333333333333333,0.0,0.0,0,1,0,0,0,0,0,1,1,0,TRAINING,0.0,0.0,0.0
578,2012,0.0,0.0,0.0,0.0,0.0,0,1,0,0,0,0,0,1,1,0,TRAINING,0.0,0.0,0.0
578,2014,0.0,0.0,0.0,0.0,0.0,0,1,0,0,0,0,0,1,1,0,TRAINING,0.0,0.0,0.0
642,2012,0.0,0.0,0.0,0.0,0.0,0,1,0,0,0,0,0,1,0,1,TESTING,0.0,0.0,0.0
642,2014,0.0,0.0,0.0,0.0,0.0,0,1,0,0,0,0,0,1,0,1,TESTING,0.0,0.0,0.0
642,2016,0.0,0.0,0.8888888888888888,0.0,0.0,0,1,0,0,0,0,0,1,0,1,TESTING,0.0,0.0,0.0
642,2018,0.0,0.5,0.3333333333333333,0.0,0.3333333333333333,0,1,0,0,0,0,0,1,0,1,TESTING,,,
643,2012,0.0,0.0,0.0,0.0,0.0,0,1,0,0,0,0,0,1,0,1,TRAINING,500.0,0.0,0.0
643,2014,0.0,0.0,0.0,0.0,0.0,0,1,0,0,0,0,0,1,0,1,TRAINING,-500.0,0.0,0.0
643,2016,0.0,0.0,0.8888888888888888,0.0,0.0,0,1,0,0,0,0,0,1,0,1,TRAINING,2000.0,0.0,0.0
643,2018,0.0,0.5,0.3333333333333333,0.0,0.3333333333333333,0,1,0,0,0,0,0,1,0,1,TRAINING,,,
644,2016,0.0,0.0,0.8888888888888888,0.0,0.0,0,1,0,0,0,0,0,1,0,1,TRAINING,0.0,0.0,0.0
644,2012,0.0,0.0,0.0,0.0,0.0,0,1,0,0,0,0,0,1,0,1,TRAINING,0.0,0.0,0.0
644,2014,0.0,0.0,0.0,0.0,0.0,0,1,0,0,0,0,0,1,0,1,TRAINING,0.0,0.0,0.0
644,2018,0.0,0.25,0.3333333333333333,0.0,0.3333333333333333,0,1,0,0,0,0,0,1,0,1,TRAINING,,,
