person,state,district,vote,name,party,VoteAlongTele_2014_h269
400021,CA,34,Nay,"Rep. Xavier Becerra [D, 2013-2017]",Democrat,0
400030,GA,2,Yea,"Rep. Sanford Bishop Jr. [D, 1993-2022]",Democrat,1
400031,NY,1,Yea,"Rep. Timothy Bishop [D, 2003-2014]",Democrat,1
400033,OR,3,Nay,"Rep. Earl Blumenauer [D, 1996-2022]",Democrat,0
400047,PA,1,Yea,"Rep. Robert Brady [D, 1998-2018]",Democrat,1
400048,FL,5,Yea,"Rep. Corrine Brown [D, 2013-2016]",Democrat,1
400062,CA,24,Yea,"Rep. Lois Capps [D, 2013-2016]",Democrat,1
400063,MA,7,Nay,"Rep. Michael Capuano [D, 2013-2018]",Democrat,0
400074,MO,1,Not Voting,"Rep. Lacy Clay Jr. [D, 2001-2020]",Democrat,0
400075,SC,6,Yea,"Rep. James “Jim” Clyburn [D, 1993-2022]",Democrat,1
400080,MI,13,Nay,"Rep. John Conyers Jr. [D, 2013-2017]",Democrat,0
400081,TN,5,Nay,"Rep. Jim Cooper [D, 2003-2022]",Democrat,0
400087,NY,14,Yea,"Rep. Joseph “Joe” Crowley [D, 2013-2018]",Democrat,1
400090,MD,7,Yea,"Rep. Elijah Cummings [D, 1996-2019]",Democrat,1
400093,IL,7,Nay,"Rep. Danny Davis [D, 1997-2022]",Democrat,0
400097,CA,53,Yea,"Rep. Susan Davis [D, 2003-2020]",Democrat,1
400100,OR,4,Nay,"Rep. Peter DeFazio [D, 1987-2022]",Democrat,0
400101,CO,1,Nay,"Rep. Diana DeGette [D, 1997-2022]",Democrat,0
400103,CT,3,Nay,"Rep. Rosa DeLauro [D, 1991-2022]",Democrat,0
400110,MI,12,Not Voting,"Rep. John Dingell [D, 2013-2014]",Democrat,0
400111,TX,35,Nay,"Rep. Lloyd Doggett [D, 2013-2022]",Democrat,0
400114,PA,14,Yea,"Rep. Michael Doyle [D, 2003-2018]",Democrat,1
400122,NY,16,Yea,"Rep. Eliot Engel [D, 2013-2020]",Democrat,1
400124,CA,18,Nay,"Rep. Anna Eshoo [D, 2013-2022]",Democrat,0
400129,CA,20,Yea,"Rep. Sam Farr [D, 2013-2016]",Democrat,1
400130,PA,2,Yea,"Rep. Chaka Fattah [D, 1995-2016]",Democrat,1
400160,TX,29,Yea,"Rep. Gene Green [D, 1993-2018]",Democrat,1
400162,AZ,3,Nay,"Rep. Raúl Grijalva [D, 2013-2022]",Democrat,0
400163,IL,4,Nay,"Rep. Luis Gutiérrez [D, 1993-2018]",Democrat,0
400170,FL,20,Not Voting,"Rep. Alcee Hastings [D, 2013-2022]",Democrat,0
400179,TX,15,Yea,"Rep. Rubén Hinojosa [D, 1997-2016]",Democrat,1
400184,NJ,12,Nay,"Rep. Rush Holt [D, 1999-2014]",Democrat,0
400185,CA,17,Yea,"Rep. Michael “Mike” Honda [D, 2013-2016]",Democrat,1
400189,MD,5,Yea,"Rep. Steny Hoyer [D, 1981-2022]",Democrat,1
400195,NY,3,Yea,"Rep. Steve Israel [D, 2013-2016]",Democrat,1
400199,TX,18,Yea,"Rep. Sheila Jackson Lee [D, 1995-2022]",Democrat,1
400204,TX,30,Yea,"Rep. Eddie Johnson [D, 1993-2022]",Democrat,1
400211,OH,9,Yea,"Rep. Marcy Kaptur [D, 1983-2022]",Democrat,1
400218,WI,3,Nay,"Rep. Ron Kind [D, 1997-2022]",Democrat,0
400230,RI,2,Yea,"Rep. James “Jim” Langevin [D, 2001-2022]",Democrat,1
400232,WA,2,Yea,"Rep. Rick Larsen [D, 2001-2022]",Democrat,1
400233,CT,1,Yea,"Rep. John Larson [D, 1999-2022]",Democrat,1
400237,CA,13,Nay,"Rep. Barbara Lee [D, 2013-2022]",Democrat,0
400238,MI,9,Yea,"Rep. Sander Levin [D, 2013-2018]",Democrat,1
400240,GA,5,Not Voting,"Rep. John Lewis [D, 1987-2020]",Democrat,0
400245,CA,19,Nay,"Rep. Zoe Lofgren [D, 2013-2022]",Democrat,0
400246,NY,17,Yea,"Rep. Nita Lowey [D, 2013-2020]",Democrat,1
400249,MA,8,Yea,"Rep. Stephen Lynch [D, 2013-2022]",Democrat,1
400251,NY,12,Yea,"Rep. Carolyn Maloney [D, 2013-2022]",Democrat,1
400255,UT,4,Nay,"Rep. Jim Matheson [D, 2013-2014]",Democrat,0
400257,NY,4,Not Voting,"Rep. Carolyn McCarthy [D, 1997-2014]",Democrat,0
400259,MN,4,Nay,"Rep. Betty McCollum [D, 2001-2022]",Democrat,0
400262,WA,7,Nay,"Rep. Jim McDermott [D, 1989-2016]",Democrat,0
400263,MA,2,Nay,"Rep. James “Jim” McGovern [D, 2013-2022]",Democrat,0
400266,NC,7,Yea,"Rep. Mike McIntyre [D, 1997-2014]",Democrat,1
400271,NY,5,Yea,"Rep. Gregory Meeks [D, 2013-2022]",Democrat,1
400274,ME,2,Yea,"Rep. Michael Michaud [D, 2003-2014]",Democrat,1
400278,CA,11,Nay,"Rep. George Miller [D, 2013-2014]",Democrat,0
400283,VA,8,Nay,"Rep. James “Jim” Moran Jr. [D, 1991-2014]",Democrat,0
400289,NY,10,Yea,"Rep. Jerrold Nadler [D, 2013-2022]",Democrat,1
400290,CA,32,Nay,"Rep. Grace Napolitano [D, 2013-2022]",Democrat,0
400291,MA,1,Nay,"Rep. Richard Neal [D, 2013-2022]",Democrat,0
400308,NJ,6,Nay,"Rep. Frank Pallone Jr. [D, 1993-2022]",Democrat,0
400309,NJ,9,Yea,"Rep. Bill Pascrell Jr. [D, 2013-2022]",Democrat,1
400310,AZ,7,Yea,"Rep. Ed Pastor [D, 2013-2014]",Democrat,1
400314,CA,12,Yea,"Rep. Nancy Pelosi [D, 2013-2022]",Democrat,1
400316,MN,7,Yea,"Rep. Collin Peterson [D, 1991-2020]",Democrat,1
400326,NC,4,Yea,"Rep. David Price [D, 1997-2022]",Democrat,1
400331,WV,3,Yea,"Rep. Nick Rahall II [D, 1993-2014]",Democrat,1
400333,NY,13,Not Voting,"Rep. Charles “Charlie” Rangel [D, 2013-2016]",Democrat,0
400347,CA,40,Nay,"Rep. Lucille Roybal-Allard [D, 2013-2022]",Democrat,0
400349,MD,2,Yea,"Rep. A. Dutch Ruppersberger [D, 2003-2022]",Democrat,1
400350,IL,1,Nay,"Rep. Bobby Rush [D, 1993-2022]",Democrat,0
400352,OH,13,Yea,"Rep. Tim Ryan [D, 2013-2022]",Democrat,1
400355,CA,38,Nay,"Rep. Linda Sánchez [D, 2013-2022]",Democrat,0
400356,CA,46,Nay,"Rep. Loretta Sanchez [D, 2013-2016]",Democrat,0
400360,IL,9,Nay,"Rep. Janice “Jan” Schakowsky [D, 1999-2022]",Democrat,0
400361,CA,28,Yea,"Rep. Adam Schiff [D, 2013-2022]",Democrat,1
400363,GA,13,Yea,"Rep. David Scott [D, 2003-2022]",Democrat,1
400364,VA,3,Yea,"Rep. Robert “Bobby” Scott [D, 1993-2022]",Democrat,1
400366,NY,15,Nay,"Rep. José Serrano [D, 2013-2020]",Democrat,0
400371,CA,30,Yea,"Rep. Brad Sherman [D, 2013-2022]",Democrat,1
400378,NY,25,Not Voting,"Rep. Louise Slaughter [D, 2013-2018]",Democrat,0
400379,WA,9,Nay,"Rep. Adam Smith [D, 1997-2022]",Democrat,0
400402,MS,2,Yea,"Rep. Bennie Thompson [D, 1993-2022]",Democrat,1
400403,CA,5,Yea,"Rep. Mike Thompson [D, 2013-2022]",Democrat,1
400407,MA,6,Nay,"Rep. John Tierney [D, 1997-2014]",Democrat,0
400415,MD,8,Nay,"Rep. Chris Van Hollen [D, 2003-2016]",Democrat,0
400416,NY,7,Nay,"Rep. Nydia Velázquez [D, 2013-2022]",Democrat,0
400417,IN,1,Yea,"Rep. Peter Visclosky [D, 1985-2020]",Democrat,1
400422,CA,43,Not Voting,"Rep. Maxine Waters [D, 2013-2022]",Democrat,0
400425,CA,33,Not Voting,"Rep. Henry Waxman [D, 2013-2014]",Democrat,0
400616,NC,1,Yea,"Rep. George “G.K.” Butterfield Jr. [D, 2004-2022]",Democrat,1
400618,CA,16,Yea,"Rep. Jim Costa [D, 2013-2022]",Democrat,1
400623,FL,23,Yea,"Rep. Debbie Wasserman Schultz [D, 2013-2022]",Democrat,1
400628,GA,12,Yea,"Rep. John Barrow [D, 2005-2014]",Democrat,1
400630,IL,3,Yea,"Rep. Daniel Lipinski [D, 2005-2020]",Democrat,1
400639,MO,5,Not Voting,"Rep. Emanuel Cleaver II [D, 2005-2022]",Democrat,0
400641,NY,26,Yea,"Rep. Brian Higgins [D, 2013-2022]",Democrat,1
400647,PA,13,Yea,"Rep. Allyson Schwartz [D, 2005-2014]",Democrat,1
400653,TX,9,Not Voting,"Rep. Al Green [D, 2005-2022]",Democrat,0
400657,TX,28,Yea,"Rep. Henry Cuellar [D, 2005-2022]",Democrat,1
400661,WI,4,Nay,"Rep. Gwen Moore [D, 2005-2022]",Democrat,0
400663,CA,6,Yea,"Rep. Doris Matsui [D, 2013-2022]",Democrat,1
408211,MN,8,Yea,"Rep. Richard Nolan [D, 2013-2018]",Democrat,1
412186,NJ,8,Nay,"Rep. Albio Sires [D, 2013-2022]",Democrat,0
412189,CA,9,Yea,"Rep. Jerry McNerney [D, 2013-2022]",Democrat,1
412192,CO,7,Yea,"Rep. Ed Perlmutter [D, 2007-2022]",Democrat,1
412193,CT,2,Nay,"Rep. Joe Courtney [D, 2007-2022]",Democrat,0
412195,FL,14,Yea,"Rep. Kathy Castor [D, 2013-2022]",Democrat,1
412199,GA,4,Yea,"Rep. Henry “Hank” Johnson Jr. [D, 2007-2022]",Democrat,1
412208,IA,1,Yea,"Rep. Bruce Braley [D, 2007-2014]",Democrat,1
412209,IA,2,Yea,"Rep. David Loebsack [D, 2007-2020]",Democrat,1
412211,KY,3,Yea,"Rep. John Yarmuth [D, 2007-2022]",Democrat,1
412212,MD,3,Nay,"Rep. John Sarbanes [D, 2007-2022]",Democrat,0
412214,MN,1,Yea,"Rep. Timothy Walz [D, 2007-2018]",Democrat,1
412215,MN,5,Nay,"Rep. Keith Ellison [D, 2007-2018]",Democrat,0
412219,NH,1,Yea,"Rep. Carol Shea-Porter [D, 2013-2014]",Democrat,1
412221,NY,9,Nay,"Rep. Yvette Clarke [D, 2013-2022]",Democrat,0
412236,TN,9,Yea,"Rep. Steve Cohen [D, 2007-2022]",Democrat,1
412239,VT,0,Nay,"Rep. Peter Welch [D, 2007-2022]",Democrat,0
412254,MA,3,Nay,"Rep. Niki Tsongas [D, 2013-2018]",Democrat,0
412257,IL,11,Yea,"Rep. Bill Foster [D, 2013-2022]",Democrat,1
412258,IN,7,Yea,"Rep. André Carson [D, 2008-2022]",Democrat,1
412259,CA,14,Nay,"Rep. Jackie Speier [D, 2013-2022]",Democrat,0
412263,MD,4,Nay,"Rep. Donna Edwards [D, 2008-2016]",Democrat,0
412272,VA,11,Nay,"Rep. Gerald Connolly [D, 2009-2022]",Democrat,0
412276,FL,9,Yea,"Rep. Alan Grayson [D, 2013-2016]",Democrat,1
412282,CT,4,Yea,"Rep. James Himes [D, 2009-2022]",Democrat,1
412286,AZ,1,Yea,"Rep. Ann Kirkpatrick [D, 2013-2016]",Democrat,1
412293,NM,3,Yea,"Rep. Ben Luján [D, 2009-2020]",Democrat,1
412297,NY,24,Yea,"Rep. Daniel Maffei [D, 2013-2014]",Democrat,1
412305,MI,14,Yea,"Rep. Gary Peters [D, 2013-2014]",Democrat,1
412307,ME,1,Nay,"Rep. Chellie Pingree [D, 2009-2022]",Democrat,0
412308,CO,2,Yea,"Rep. Jared Polis [D, 2009-2018]",Democrat,1
412315,OR,5,Yea,"Rep. Kurt Schrader [D, 2009-2022]",Democrat,1
412318,NV,1,Yea,"Rep. Dina Titus [D, 2013-2022]",Democrat,1
412319,NY,20,Yea,"Rep. Paul Tonko [D, 2013-2022]",Democrat,1
412327,OH,11,Yea,"Rep. Marcia Fudge [D, 2008-2021]",Democrat,1
412331,IL,5,Nay,"Rep. Mike Quigley [D, 2009-2022]",Democrat,0
412379,CA,27,Yea,"Rep. Judy Chu [D, 2013-2022]",Democrat,1
412382,CA,3,Yea,"Rep. John Garamendi [D, 2013-2022]",Democrat,1
412383,NY,21,Yea,"Rep. William Owens [D, 2013-2014]",Democrat,1
412385,FL,21,Yea,"Rep. Theodore “Ted” Deutch [D, 2013-2016]",Democrat,1
412396,AL,7,Yea,"Rep. Terri Sewell [D, 2011-2022]",Democrat,1
412404,CA,37,Nay,"Rep. Karen Bass [D, 2013-2022]",Democrat,0
412407,DE,0,Yea,"Rep. John Carney [D, 2011-2016]",Democrat,1
412412,FL,24,Yea,"Rep. Frederica Wilson [D, 2013-2022]",Democrat,1
412418,HI,1,Nay,"Rep. Colleen Hanabusa [D, 2011-2014]",Democrat,0
412432,LA,2,Nay,"Rep. Cedric Richmond [D, 2011-2021]",Democrat,0
412435,MA,9,Yea,"Rep. William Keating [D, 2013-2022]",Democrat,1
412470,RI,1,Nay,"Rep. David Cicilline [D, 2011-2022]",Democrat,0
412498,CA,44,Nay,"Rep. Janice Hahn [D, 2013-2016]",Democrat,0
412501,OR,1,Nay,"Rep. Suzanne Bonamici [D, 2012-2022]",Democrat,0
412502,AZ,2,Yea,"Rep. Ron Barber [D, 2013-2014]",Democrat,1
412505,WA,1,Yea,"Rep. Suzan DelBene [D, 2012-2022]",Democrat,1
412506,NJ,10,Nay,"Rep. Donald Payne Jr. [D, 2012-2022]",Democrat,0
412509,AZ,9,Yea,"Rep. Kyrsten Sinema [D, 2013-2018]",Democrat,1
412511,CA,2,Nay,"Rep. Jared Huffman [D, 2013-2022]",Democrat,0
412512,CA,7,Yea,"Rep. Ami Bera [D, 2013-2022]",Democrat,1
412514,CA,15,Nay,"Rep. Eric Swalwell [D, 2013-2022]",Democrat,0
412516,CA,26,Yea,"Rep. Julia Brownley [D, 2013-2022]",Democrat,1
412517,CA,29,Nay,"Rep. Tony Cárdenas [D, 2013-2022]",Democrat,0
412518,CA,35,Yea,"Rep. Gloria Negrete McLeod [D, 2013-2014]",Democrat,1
412519,CA,36,Yea,"Rep. Raul Ruiz [D, 2013-2022]",Democrat,1
412520,CA,41,Nay,"Rep. Mark Takano [D, 2013-2022]",Democrat,0
412521,CA,47,Nay,"Rep. Alan Lowenthal [D, 2013-2022]",Democrat,0
412522,CA,51,Nay,"Rep. Juan Vargas [D, 2013-2022]",Democrat,0
412523,CA,52,Yea,"Rep. Scott Peters [D, 2013-2022]",Democrat,1
412524,CT,5,Yea,"Rep. Elizabeth Esty [D, 2013-2018]",Democrat,1
412527,FL,18,Yea,"Rep. Patrick Murphy [D, 2013-2016]",Democrat,1
412529,FL,22,Yea,"Rep. Lois Frankel [D, 2013-2016]",Democrat,1
412530,FL,26,Yea,"Rep. Joe Garcia [D, 2013-2014]",Democrat,1
412532,HI,2,Nay,"Rep. Tulsi Gabbard [D, 2013-2020]",Democrat,0
412533,IL,8,Yea,"Rep. Tammy Duckworth [D, 2013-2016]",Democrat,1
412534,IL,10,Yea,"Rep. Bradley “Brad” Schneider [D, 2013-2014]",Democrat,1
412535,IL,12,Yea,"Rep. William Enyart [D, 2013-2014]",Democrat,1
412537,IL,17,Yea,"Rep. Cheri Bustos [D, 2013-2022]",Democrat,1
412543,MA,4,Nay,"Rep. Joseph Kennedy III [D, 2013-2020]",Democrat,0
412544,MD,6,Yea,"Rep. John Delaney [D, 2013-2018]",Democrat,1
412546,MI,5,Nay,"Rep. Daniel Kildee [D, 2013-2022]",Democrat,0
412557,NH,2,Yea,"Rep. Ann Kuster [D, 2013-2022]",Democrat,1
412558,NM,1,Yea,"Rep. Michelle Lujan Grisham [D, 2013-2018]",Democrat,1
412559,NV,4,Yea,"Rep. Steven Horsford [D, 2013-2014]",Democrat,1
412560,NY,6,Yea,"Rep. Grace Meng [D, 2013-2022]",Democrat,1
412561,NY,8,Nay,"Rep. Hakeem Jeffries [D, 2013-2022]",Democrat,0
412562,NY,18,Yea,"Rep. Sean Maloney [D, 2013-2022]",Democrat,1
412565,OH,3,Yea,"Rep. Joyce Beatty [D, 2013-2022]",Democrat,1
412571,PA,17,Yea,"Rep. Matthew “Matt” Cartwright [D, 2013-2018]",Democrat,1
412575,TX,16,Yea,"Rep. Beto O’Rourke [D, 2013-2018]",Democrat,1
412576,TX,20,Nay,"Rep. Joaquin Castro [D, 2013-2022]",Democrat,0
412577,TX,23,Yea,"Rep. Pete Gallego [D, 2013-2014]",Democrat,1
412579,TX,33,Yea,"Rep. Marc Veasey [D, 2013-2022]",Democrat,1
412580,TX,34,Not Voting,"Rep. Filemon Vela [D, 2013-2022]",Democrat,0
412583,WA,6,Yea,"Rep. Derek Kilmer [D, 2013-2022]",Democrat,1
412584,WA,10,Nay,"Rep. Denny Heck [D, 2013-2020]",Democrat,0
412585,WI,2,Nay,"Rep. Mark Pocan [D, 2013-2022]",Democrat,0
412595,IL,2,Yea,"Rep. Robin Kelly [D, 2013-2022]",Democrat,1
412600,MA,5,Nay,"Rep. Katherine Clark [D, 2013-2022]",Democrat,0
400004,AL,4,Yea,"Rep. Robert Aderholt [R, 1997-2022]",Republican,1
400010,AL,6,Yea,"Rep. Spencer Bachus III [R, 1993-2014]",Republican,1
400018,TX,6,Yea,"Rep. Joe Barton [R, 1985-2018]",Republican,1
400029,UT,1,Yea,"Rep. Rob Bishop [R, 2003-2020]",Republican,1
400032,TN,7,Yea,"Rep. Marsha Blackburn [R, 2003-2018]",Republican,1
400046,TX,8,Nay,"Rep. Kevin Brady [R, 1997-2022]",Republican,0
400052,TX,26,Yea,"Rep. Michael Burgess [R, 2003-2022]",Republican,1
400057,CA,42,Yea,"Rep. Ken Calvert [R, 2013-2022]",Republican,1
400058,MI,4,Yea,"Rep. Dave Camp [R, 1993-2014]",Republican,1
400060,VA,7,Yea,"Rep. Eric Cantor [R, 2001-2014]",Republican,1
400061,WV,2,Not Voting,"Rep. Shelley Capito [R, 2001-2014]",Republican,0
400068,TX,31,Yea,"Rep. John Carter [R, 2003-2022]",Republican,1
400071,OH,1,Yea,"Rep. Steve Chabot [R, 2011-2022]",Republican,1
400076,NC,6,Yea,"Rep. Howard Coble [R, 1985-2014]",Republican,1
400077,OK,4,Yea,"Rep. Tom Cole [R, 2003-2022]",Republican,1
400086,FL,4,Yea,"Rep. Ander Crenshaw [R, 2001-2016]",Republican,1
400089,TX,7,Yea,"Rep. John Culberson [R, 2001-2018]",Republican,1
400108,FL,25,Yea,"Rep. Mario Diaz-Balart [R, 2013-2022]",Republican,1
400116,TN,2,Nay,"Rep. John “Jimmy” Duncan Jr. [R, 1988-2018]",Republican,0
400137,VA,4,Yea,"Rep. Randy Forbes [R, 2001-2016]",Republican,1
400141,AZ,8,Nay,"Rep. Trent Franks [R, 2013-2017]",Republican,0
400142,NJ,11,Yea,"Rep. Rodney Frelinghuysen [R, 1995-2018]",Republican,1
400145,NJ,5,Yea,"Rep. Scott Garrett [R, 2003-2016]",Republican,1
400147,PA,6,Yea,"Rep. Jim Gerlach [R, 2003-2014]",Republican,1
400151,GA,11,Nay,"Rep. Phil Gingrey [R, 2003-2014]",Republican,0
400154,VA,6,Yea,"Rep. Bob Goodlatte [R, 1993-2018]",Republican,1
400157,TX,12,Yea,"Rep. Kay Granger [R, 1997-2022]",Republican,1
400158,MO,6,Yea,"Rep. Sam Graves [R, 2001-2022]",Republican,1
400165,TX,4,Yea,"Rep. Ralph Hall [R, 1981-2014]",Republican,1
400171,WA,4,Yea,"Rep. Doc Hastings [R, 1995-2014]",Republican,1
400175,TX,5,Yea,"Rep. Jeb Hensarling [R, 2003-2018]",Republican,1
400196,CA,49,Yea,"Rep. Darrell Issa [R, 2003-2018]",Republican,1
400206,TX,3,Yea,"Rep. Sam Johnson [R, 1991-2018]",Republican,1
400209,NC,3,Nay,"Rep. Walter Jones Jr. [R, 1995-2019]",Republican,0
400219,NY,2,Yea,"Rep. Peter “Pete” King [R, 2013-2020]",Republican,1
400220,IA,4,Yea,"Rep. Steve King [R, 2013-2020]",Republican,1
400221,GA,1,Yea,"Rep. Jack Kingston [R, 1993-2014]",Republican,1
400224,MN,2,Yea,"Rep. John Kline [R, 2003-2016]",Republican,1
400234,IA,3,Yea,"Rep. Tom Latham [R, 2013-2014]",Republican,1
400244,NJ,2,Yea,"Rep. Frank LoBiondo [R, 1995-2018]",Republican,1
400247,OK,3,Yea,"Rep. Frank Lucas [R, 2003-2022]",Republican,1
400267,CA,25,Yea,"Rep. Howard “Buck” McKeon [R, 1993-2014]",Republican,1
400273,FL,7,Yea,"Rep. John Mica [R, 1993-2016]",Republican,1
400276,MI,10,Yea,"Rep. Candice Miller [R, 2003-2016]",Republican,1
400277,CA,31,Not Voting,"Rep. Gary Miller [R, 2013-2014]",Republican,0
400279,FL,1,Yea,"Rep. Jeff Miller [R, 2001-2016]",Republican,1
400285,PA,18,Yea,"Rep. Tim Murphy [R, 2003-2017]",Republican,1
400297,CA,22,Yea,"Rep. Devin Nunes [R, 2013-2022]",Republican,1
400313,NM,2,Yea,"Rep. Stevan “Steve” Pearce [R, 2011-2018]",Republican,1
400318,WI,6,Nay,"Rep. Thomas “Tom” Petri [R, 1979-2014]",Republican,0
400320,PA,16,Nay,"Rep. Joseph Pitts [R, 1997-2016]",Republican,0
400340,KY,5,Yea,"Rep. Harold “Hal” Rogers [R, 1981-2022]",Republican,1
400341,AL,3,Yea,"Rep. Mike Rogers [R, 2003-2022]",Republican,1
400342,MI,8,Yea,"Rep. Mike Rogers [R, 2001-2014]",Republican,1
400343,CA,48,Yea,"Rep. Dana Rohrabacher [R, 2013-2018]",Republican,1
400344,FL,27,Not Voting,"Rep. Ileana Ros-Lehtinen [R, 2013-2018]",Republican,0
400348,CA,39,Yea,"Rep. Edward “Ed” Royce [R, 2013-2018]",Republican,1
400351,WI,1,Yea,"Rep. Paul Ryan [R, 1999-2018]",Republican,1
400365,WI,5,Nay,"Rep. James Sensenbrenner Jr. [R, 2003-2020]",Republican,0
400367,TX,32,Yea,"Rep. Pete Sessions [R, 2003-2018]",Republican,1
400373,IL,15,Yea,"Rep. John Shimkus [R, 2013-2020]",Republican,1
400376,ID,2,Yea,"Rep. Michael “Mike” Simpson [R, 1999-2022]",Republican,1
400380,NJ,4,Yea,"Rep. Christopher “Chris” Smith [R, 1981-2022]",Republican,1
400381,TX,21,Yea,"Rep. Lamar Smith [R, 1987-2018]",Republican,1
400400,NE,2,Yea,"Rep. Lee Terry [R, 1999-2014]",Republican,1
400404,TX,13,Yea,"Rep. Mac Thornberry [R, 1995-2020]",Republican,1
400406,OH,12,Yea,"Rep. Patrick “Pat” Tiberi [R, 2001-2018]",Republican,1
400411,OH,10,Yea,"Rep. Michael Turner [R, 2013-2022]",Republican,1
400414,MI,6,Yea,"Rep. Fred Upton [R, 1993-2022]",Republican,1
400419,OR,2,Yea,"Rep. Greg Walden [R, 1999-2020]",Republican,1
400431,KY,1,Yea,"Rep. Ed Whitfield [R, 1995-2016]",Republican,1
400433,SC,2,Yea,"Rep. Joe Wilson [R, 2001-2022]",Republican,1
400435,VA,10,Yea,"Rep. Frank Wolf [R, 1981-2014]",Republican,1
400440,AK,0,Yea,"Rep. Don Young [R, 1973-2022]",Republican,1
400441,TX,19,Yea,"Rep. Randy Neugebauer [R, 2003-2016]",Republican,1
400606,AZ,5,Yea,"Rep. Matt Salmon [R, 2013-2016]",Republican,1
400607,SC,1,Nay,"Rep. Marshall “Mark” Sanford [R, 2013-2018]",Republican,0
400626,GA,6,Yea,"Rep. Tom Price [R, 2005-2017]",Republican,1
400627,GA,3,Yea,"Rep. Lynn Westmoreland [R, 2007-2016]",Republican,1
400636,LA,3,Yea,"Rep. Charles Boustany Jr. [R, 2013-2016]",Republican,1
400640,NE,1,Yea,"Rep. Jeff Fortenberry [R, 2005-2022]",Republican,1
400643,NC,5,Yea,"Rep. Virginia Foxx [R, 2005-2022]",Republican,1
400644,NC,10,Yea,"Rep. Patrick McHenry [R, 2005-2022]",Republican,1
400646,PA,8,Yea,"Rep. Michael Fitzpatrick [R, 2011-2016]",Republican,1
400648,PA,15,Yea,"Rep. Charles Dent [R, 2005-2018]",Republican,1
400651,TX,1,Yea,"Rep. Louie Gohmert Jr. [R, 2005-2022]",Republican,1
400652,TX,2,Yea,"Rep. Ted Poe [R, 2005-2018]",Republican,1
400654,TX,10,Yea,"Rep. Michael McCaul [R, 2005-2022]",Republican,1
400655,TX,11,Yea,"Rep. Michael Conaway [R, 2005-2020]",Republican,1
400656,TX,24,Yea,"Rep. Kenny Marchant [R, 2005-2020]",Republican,1
400659,WA,5,Yea,"Rep. Cathy Rodgers [R, 2005-2022]",Republican,1
400660,WA,8,Yea,"Rep. David Reichert [R, 2005-2018]",Republican,1
409888,PA,9,Not Voting,"Rep. Bill Shuster [R, 2001-2018]",Republican,0
410396,TX,36,Nay,"Rep. Steve Stockman [R, 2013-2014]",Republican,0
412011,CA,45,Not Voting,"Rep. John Campbell III [R, 2013-2014]",Republican,0
412190,CA,23,Yea,"Rep. Kevin McCarthy [R, 2013-2022]",Republican,1
412191,CO,5,Yea,"Rep. Doug Lamborn [R, 2007-2022]",Republican,1
412196,FL,16,Yea,"Rep. Vern Buchanan [R, 2013-2022]",Republican,1
412202,IL,6,Yea,"Rep. Peter Roskam [R, 2007-2018]",Republican,1
412213,MI,7,Yea,"Rep. Tim Walberg [R, 2011-2022]",Republican,1
412216,MN,6,Yea,"Rep. Michele Bachmann [R, 2007-2014]",Republican,1
412217,NE,3,Yea,"Rep. Adrian Smith [R, 2007-2022]",Republican,1
412226,OH,4,Yea,"Rep. Jim Jordan [R, 2007-2022]",Republican,1
412250,FL,12,Yea,"Rep. Gus Bilirakis [R, 2013-2022]",Republican,1
412252,GA,10,Nay,"Rep. Paul Broun Jr. [R, 2007-2014]",Republican,0
412255,VA,1,Yea,"Rep. Robert Wittman [R, 2007-2022]",Republican,1
412256,OH,5,Yea,"Rep. Robert Latta [R, 2007-2022]",Republican,1
412261,LA,1,Yea,"Rep. Steve Scalise [R, 2008-2022]",Republican,1
412269,LA,6,Yea,"Rep. Bill Cassidy [R, 2009-2014]",Republican,1
412270,UT,3,Not Voting,"Rep. Jason Chaffetz [R, 2009-2017]",Republican,0
412271,CO,6,Yea,"Rep. Mike Coffman [R, 2009-2018]",Republican,1
412275,LA,4,Yea,"Rep. John Fleming [R, 2009-2016]",Republican,1
412278,KY,2,Yea,"Rep. Brett Guthrie [R, 2009-2022]",Republican,1
412280,MS,3,Yea,"Rep. Gregg Harper [R, 2009-2018]",Republican,1
412283,CA,50,Yea,"Rep. Duncan Hunter [R, 2013-2020]",Republican,1
412284,KS,2,Yea,"Rep. Lynn Jenkins [R, 2009-2018]",Republican,1
412290,NJ,7,Yea,"Rep. Leonard Lance [R, 2009-2018]",Republican,1
412292,MO,3,Yea,"Rep. Blaine Luetkemeyer [R, 2013-2022]",Republican,1
412294,WY,0,Nay,"Rep. Cynthia Lummis [R, 2009-2016]",Republican,0
412295,CA,4,Nay,"Rep. Tom McClintock [R, 2009-2022]",Republican,0
412302,TX,22,Yea,"Rep. Pete Olson [R, 2009-2020]",Republican,1
412303,MN,3,Yea,"Rep. Erik Paulsen [R, 2009-2018]",Republican,1
412309,FL,8,Yea,"Rep. Bill Posey [R, 2013-2022]",Republican,1
412310,TN,1,Yea,"Rep. David “Phil” Roe [R, 2009-2020]",Republican,1
412311,FL,17,Yea,"Rep. Thomas Rooney [R, 2013-2018]",Republican,1
412314,IL,18,Yea,"Rep. Aaron Schock [R, 2009-2015]",Republican,1
412317,PA,5,Yea,"Rep. Glenn Thompson [R, 2009-2018]",Republican,1
412388,GA,14,Yea,"Rep. Tom Graves [R, 2013-2020]",Republican,1
412392,IN,3,Yea,"Rep. Marlin Stutzman [R, 2010-2016]",Republican,1
412393,NY,23,Yea,"Rep. Tom Reed [R, 2013-2022]",Republican,1
412394,AL,2,Yea,"Rep. Martha Roby [R, 2011-2020]",Republican,1
412395,AL,5,Yea,"Rep. Mo Brooks [R, 2011-2022]",Republican,1
412397,AZ,4,Yea,"Rep. Paul Gosar [R, 2013-2022]",Republican,1
412399,AZ,6,Yea,"Rep. David Schweikert [R, 2013-2022]",Republican,1
412400,AR,1,Yea,"Rep. Eric “Rick” Crawford [R, 2011-2022]",Republican,1
412401,AR,2,Yea,"Rep. Tim Griffin [R, 2011-2014]",Republican,1
412402,AR,3,Yea,"Rep. Steve Womack [R, 2011-2022]",Republican,1
412403,CA,10,Yea,"Rep. Jeff Denham [R, 2013-2018]",Republican,1
412405,CO,3,Yea,"Rep. Scott Tipton [R, 2011-2020]",Republican,1
412406,CO,4,Yea,"Rep. Cory Gardner [R, 2011-2014]",Republican,1
412408,FL,2,Yea,"Rep. Steve Southerland [R, 2011-2014]",Republican,1
412409,FL,11,Yea,"Rep. Richard Nugent [R, 2013-2016]",Republican,1
412410,FL,10,Yea,"Rep. Daniel Webster [R, 2013-2016]",Republican,1
412411,FL,15,Yea,"Rep. Dennis Ross [R, 2013-2018]",Republican,1
412416,GA,7,Yea,"Rep. Rob Woodall [R, 2011-2020]",Republican,1
412417,GA,8,Yea,"Rep. Austin Scott [R, 2011-2022]",Republican,1
412419,ID,1,Nay,"Rep. Raúl Labrador [R, 2011-2018]",Republican,0
412421,IL,16,Yea,"Rep. Adam Kinzinger [R, 2013-2022]",Republican,1
412422,IL,14,Yea,"Rep. Randy Hultgren [R, 2011-2018]",Republican,1
412426,IN,4,Yea,"Rep. Todd Rokita [R, 2011-2018]",Republican,1
412427,IN,8,Yea,"Rep. Larry Bucshon [R, 2011-2022]",Republican,1
412428,IN,9,Yea,"Rep. Todd Young [R, 2011-2016]",Republican,1
412429,KS,1,Yea,"Rep. Tim Huelskamp [R, 2011-2016]",Republican,1
412430,KS,3,Yea,"Rep. Kevin Yoder [R, 2011-2018]",Republican,1
412431,KS,4,Yea,"Rep. Mike Pompeo [R, 2011-2017]",Republican,1
412434,MD,1,Yea,"Rep. Andy Harris [R, 2011-2022]",Republican,1
412436,MI,1,Not Voting,"Rep. Dan Benishek [R, 2011-2016]",Republican,0
412437,MI,2,Yea,"Rep. Bill Huizenga [R, 2011-2022]",Republican,1
412438,MI,3,Nay,"Rep. Justin Amash [R, 2011-2020]",Republican,0
412442,MS,1,Yea,"Rep. Alan Nunnelee [R, 2011-2015]",Republican,1
412443,MS,4,Not Voting,"Rep. Steven Palazzo [R, 2011-2022]",Republican,0
412444,MO,4,Not Voting,"Rep. Vicky Hartzler [R, 2011-2022]",Republican,0
412445,MO,7,Yea,"Rep. Billy Long [R, 2011-2022]",Republican,1
412446,NV,3,Yea,"Rep. Joseph Heck [R, 2011-2016]",Republican,1
412449,NJ,3,Yea,"Rep. Jon Runyan [R, 2011-2014]",Republican,1
412451,NY,11,Yea,"Rep. Michael Grimm [R, 2013-2014]",Republican,1
412453,NY,19,Yea,"Rep. Christopher Gibson [R, 2013-2016]",Republican,1
412454,NY,22,Yea,"Rep. Richard Hanna [R, 2013-2016]",Republican,1
412457,NC,2,Yea,"Rep. Renee Ellmers [R, 2011-2016]",Republican,1
412460,OH,6,Yea,"Rep. Bill Johnson [R, 2011-2022]",Republican,1
412461,OH,15,Yea,"Rep. Steve Stivers [R, 2011-2022]",Republican,1
412462,OH,16,Yea,"Rep. James Renacci [R, 2011-2018]",Republican,1
412463,OH,7,Yea,"Rep. Bob Gibbs [R, 2013-2022]",Republican,1
412464,OK,5,Not Voting,"Rep. James Lankford [R, 2011-2014]",Republican,0
412465,PA,3,Yea,"Rep. Mike Kelly [R, 2011-2018]",Republican,1
412466,PA,7,Yea,"Rep. Patrick Meehan [R, 2011-2018]",Republican,1
412468,PA,10,Yea,"Rep. Tom Marino [R, 2011-2018]",Republican,1
412469,PA,11,Yea,"Rep. Lou Barletta [R, 2011-2018]",Republican,1
412472,SC,3,Yea,"Rep. Jeff Duncan [R, 2011-2022]",Republican,1
412473,SC,4,Yea,"Rep. Trey Gowdy [R, 2011-2018]",Republican,1
412474,SC,5,Nay,"Rep. Mick Mulvaney [R, 2011-2017]",Republican,0
412475,SD,0,Yea,"Rep. Kristi Noem [R, 2011-2018]",Republican,1
412476,TN,3,Yea,"Rep. Charles “Chuck” Fleischmann [R, 2011-2022]",Republican,1
412477,TN,4,Yea,"Rep. Scott DesJarlais [R, 2011-2022]",Republican,1
412478,TN,6,Yea,"Rep. Diane Black [R, 2011-2018]",Republican,1
412479,TN,8,Yea,"Rep. Stephen Fincher [R, 2011-2016]",Republican,1
412480,TX,17,Yea,"Rep. Bill Flores [R, 2011-2020]",Republican,1
412482,TX,27,Yea,"Rep. Blake Farenthold [R, 2011-2018]",Republican,1
412483,VA,2,Yea,"Rep. Edward “Scott” Rigell [R, 2011-2016]",Republican,1
412484,VA,5,Yea,"Rep. Robert Hurt [R, 2011-2016]",Republican,1
412485,VA,9,Yea,"Rep. Morgan Griffith [R, 2011-2022]",Republican,1
412486,WA,3,Yea,"Rep. Jaime Herrera Beutler [R, 2011-2022]",Republican,1
412487,WV,1,Yea,"Rep. David McKinley [R, 2011-2022]",Republican,1
412488,WI,7,Yea,"Rep. Sean Duffy [R, 2011-2019]",Republican,1
412489,WI,8,Yea,"Rep. Reid Ribble [R, 2011-2016]",Republican,1
412500,NV,2,Yea,"Rep. Mark Amodei [R, 2011-2022]",Republican,1
412503,KY,4,Nay,"Rep. Thomas Massie [R, 2012-2022]",Republican,0
412508,AR,4,Yea,"Rep. Tom Cotton [R, 2013-2014]",Republican,1
412510,CA,1,Yea,"Rep. Doug LaMalfa [R, 2013-2022]",Republican,1
412513,CA,8,Yea,"Rep. Paul Cook [R, 2013-2020]",Republican,1
412515,CA,21,Yea,"Rep. David Valadao [R, 2013-2018]",Republican,1
412525,FL,3,Yea,"Rep. Ted Yoho [R, 2013-2020]",Republican,1
412526,FL,6,Yea,"Rep. Ron DeSantis [R, 2013-2018]",Republican,1
412531,GA,9,Yea,"Rep. Doug Collins [R, 2013-2020]",Republican,1
412536,IL,13,Yea,"Rep. Rodney Davis [R, 2013-2022]",Republican,1
412538,IN,2,Yea,"Rep. Jackie Walorski [R, 2013-2022]",Republican,1
412539,IN,5,Yea,"Rep. Susan Brooks [R, 2013-2020]",Republican,1
412540,IN,6,Yea,"Rep. Luke Messer [R, 2013-2018]",Republican,1
412541,KY,6,Yea,"Rep. Garland “Andy” Barr [R, 2013-2022]",Republican,1
412547,MI,11,Yea,"Rep. Kerry Bentivolio [R, 2013-2014]",Republican,1
412548,MO,2,Yea,"Rep. Ann Wagner [R, 2013-2022]",Republican,1
412549,MT,0,Yea,"Rep. Steve Daines [R, 2013-2014]",Republican,1
412550,NC,8,Yea,"Rep. Richard Hudson [R, 2013-2022]",Republican,1
412551,NC,9,Yea,"Rep. Robert Pittenger [R, 2013-2018]",Republican,1
412552,NC,11,Yea,"Rep. Mark Meadows [R, 2013-2020]",Republican,1
412553,NC,13,Yea,"Rep. George Holding [R, 2013-2016]",Republican,1
412555,ND,0,Not Voting,"Rep. Kevin Cramer [R, 2013-2018]",Republican,0
412563,NY,27,Yea,"Rep. Chris Collins [R, 2013-2019]",Republican,1
412564,OH,2,Yea,"Rep. Brad Wenstrup [R, 2013-2022]",Republican,1
412566,OH,14,Yea,"Rep. David Joyce [R, 2013-2022]",Republican,1
412567,OK,1,Yea,"Rep. Jim Bridenstine [R, 2013-2018]",Republican,1
412568,OK,2,Yea,"Rep. Markwayne Mullin [R, 2013-2022]",Republican,1
412569,PA,4,Yea,"Rep. Scott Perry [R, 2013-2018]",Republican,1
412570,PA,12,Yea,"Rep. Keith Rothfus [R, 2013-2018]",Republican,1
412572,SC,7,Yea,"Rep. Tom Rice [R, 2013-2022]",Republican,1
412574,TX,14,Yea,"Rep. Randy Weber Sr. [R, 2013-2022]",Republican,1
412578,TX,25,Yea,"Rep. Roger Williams [R, 2013-2022]",Republican,1
412581,UT,2,Yea,"Rep. Chris Stewart [R, 2013-2022]",Republican,1
412596,MO,8,Yea,"Rep. Jason Smith [R, 2013-2022]",Republican,1
412599,LA,5,Yea,"Rep. Vance McAllister [R, 2013-2014]",Republican,1
412601,AL,1,Yea,"Rep. Bradley Byrne [R, 2014-2020]",Republican,1
412603,FL,13,Yea,"Rep. David Jolly [R, 2014-2016]",Republican,1
